Time,CORE_ZN ZN:DULUTH INTERNATIONAL ARPT ANN HTG 99.6% CONDNS DB:Des Heat Load [W],CORE_ZN ZN:DULUTH INTERNATIONAL ARPT ANN CLG .4% CONDNS DB=>MWB:Des Sens Cool Load [W],CORE_ZN ZN:DULUTH INTERNATIONAL ARPT ANN HTG 99.6% CONDNS DB:Des Heat Mass Flow [kg/s],CORE_ZN ZN:DULUTH INTERNATIONAL ARPT ANN CLG .4% CONDNS DB=>MWB:Des Cool Mass Flow [kg/s],PERIMETER_ZN_1 ZN:DULUTH INTERNATIONAL ARPT ANN HTG 99.6% CONDNS DB:Des Heat Load [W],PERIMETER_ZN_1 ZN:DULUTH INTERNATIONAL ARPT ANN CLG .4% CONDNS DB=>MWB:Des Sens Cool Load [W],PERIMETER_ZN_1 ZN:DULUTH INTERNATIONAL ARPT ANN HTG 99.6% CONDNS DB:Des Heat Mass Flow [kg/s],PERIMETER_ZN_1 ZN:DULUTH INTERNATIONAL ARPT ANN CLG .4% CONDNS DB=>MWB:Des Cool Mass Flow [kg/s],PERIMETER_ZN_2 ZN:DULUTH INTERNATIONAL ARPT ANN HTG 99.6% CONDNS DB:Des Heat Load [W],PERIMETER_ZN_2 ZN:DULUTH INTERNATIONAL ARPT ANN CLG .4% CONDNS DB=>MWB:Des Sens Cool Load [W],PERIMETER_ZN_2 ZN:DULUTH INTERNATIONAL ARPT ANN HTG 99.6% CONDNS DB:Des Heat Mass Flow [kg/s],PERIMETER_ZN_2 ZN:DULUTH INTERNATIONAL ARPT ANN CLG .4% CONDNS DB=>MWB:Des Cool Mass Flow [kg/s],PERIMETER_ZN_3 ZN:DULUTH INTERNATIONAL ARPT ANN HTG 99.6% CONDNS DB:Des Heat Load [W],PERIMETER_ZN_3 ZN:DULUTH INTERNATIONAL ARPT ANN CLG .4% CONDNS DB=>MWB:Des Sens Cool Load [W],PERIMETER_ZN_3 ZN:DULUTH INTERNATIONAL ARPT ANN HTG 99.6% CONDNS DB:Des Heat Mass Flow [kg/s],PERIMETER_ZN_3 ZN:DULUTH INTERNATIONAL ARPT ANN CLG .4% CONDNS DB=>MWB:Des Cool Mass Flow [kg/s],PERIMETER_ZN_4 ZN:DULUTH INTERNATIONAL ARPT ANN HTG 99.6% CONDNS DB:Des Heat Load [W],PERIMETER_ZN_4 ZN:DULUTH INTERNATIONAL ARPT ANN CLG .4% CONDNS DB=>MWB:Des Sens Cool Load [W],PERIMETER_ZN_4 ZN:DULUTH INTERNATIONAL ARPT ANN HTG 99.6% CONDNS DB:Des Heat Mass Flow [kg/s],PERIMETER_ZN_4 ZN:DULUTH INTERNATIONAL ARPT ANN CLG .4% CONDNS DB=>MWB:Des Cool Mass Flow [kg/s]
00:10:00,1.213568E+03,2.231909E+03,4.119450E-02,1.968164E-01,3.861874E+03,1.616315E+03,1.310791E-01,1.425366E-01,2.375478E+03,9.593647E+02,8.062744E-02,8.460297E-02,3.632100E+03,1.591808E+03,1.232802E-01,1.403757E-01,2.397712E+03,1.108421E+03,8.138207E-02,9.774687E-02
00:20:00,1.213571E+03,2.225688E+03,4.119461E-02,1.962678E-01,3.861884E+03,1.601474E+03,1.310795E-01,1.412279E-01,2.375485E+03,9.504580E+02,8.062767E-02,8.381756E-02,3.632111E+03,1.577935E+03,1.232805E-01,1.391523E-01,2.397719E+03,1.093040E+03,8.138230E-02,9.639052E-02
00:30:00,1.213575E+03,2.219691E+03,4.119472E-02,1.957391E-01,3.861894E+03,1.587091E+03,1.310798E-01,1.399596E-01,2.375492E+03,9.418211E+02,8.062789E-02,8.305595E-02,3.632121E+03,1.564565E+03,1.232808E-01,1.379734E-01,2.397725E+03,1.078361E+03,8.138252E-02,9.509609E-02
00:40:00,1.213578E+03,2.213900E+03,4.119482E-02,1.952285E-01,3.861903E+03,1.573144E+03,1.310801E-01,1.387297E-01,2.375498E+03,9.334424E+02,8.062810E-02,8.231710E-02,3.632130E+03,1.551671E+03,1.232812E-01,1.368363E-01,2.397731E+03,1.064329E+03,8.138273E-02,9.385872E-02
00:50:00,1.213580E+03,2.208299E+03,4.119492E-02,1.947346E-01,3.861912E+03,1.559613E+03,1.310804E-01,1.375366E-01,2.375504E+03,9.253118E+02,8.062830E-02,8.160013E-02,3.632139E+03,1.539225E+03,1.232815E-01,1.357389E-01,2.397737E+03,1.050895E+03,8.138293E-02,9.267414E-02
01:00:00,1.213583E+03,2.202873E+03,4.119501E-02,1.942561E-01,3.861921E+03,1.546481E+03,1.310807E-01,1.363786E-01,2.375509E+03,9.174205E+02,8.062849E-02,8.090426E-02,3.632147E+03,1.527208E+03,1.232818E-01,1.346792E-01,2.397743E+03,1.038018E+03,8.138312E-02,9.153857E-02
01:10:00,1.213586E+03,2.197609E+03,4.119510E-02,1.937920E-01,3.861929E+03,1.533827E+03,1.310810E-01,1.352628E-01,2.375515E+03,9.098173E+02,8.062867E-02,8.023381E-02,3.632156E+03,1.515682E+03,1.232820E-01,1.336629E-01,2.397748E+03,1.025715E+03,8.138330E-02,9.045372E-02
01:20:00,1.213588E+03,2.192496E+03,4.119518E-02,1.933412E-01,3.861936E+03,1.521637E+03,1.310812E-01,1.341878E-01,2.375520E+03,9.024957E+02,8.062884E-02,7.958818E-02,3.632163E+03,1.504632E+03,1.232823E-01,1.326885E-01,2.397753E+03,1.013954E+03,8.138348E-02,8.941657E-02
01:30:00,1.213591E+03,2.187526E+03,4.119526E-02,1.929029E-01,3.861944E+03,1.509902E+03,1.310815E-01,1.331530E-01,2.375525E+03,8.954538E+02,8.062901E-02,7.896723E-02,3.632171E+03,1.494051E+03,1.232825E-01,1.317555E-01,2.397758E+03,1.002705E+03,8.138364E-02,8.842462E-02
01:40:00,1.213593E+03,2.182690E+03,4.119534E-02,1.924765E-01,3.861951E+03,1.498615E+03,1.310817E-01,1.321577E-01,2.375529E+03,8.886954E+02,8.062917E-02,7.837128E-02,3.632178E+03,1.483953E+03,1.232828E-01,1.308650E-01,2.397763E+03,9.919438E+02,8.138380E-02,8.747569E-02
01:50:00,1.213595E+03,2.177983E+03,4.119541E-02,1.920615E-01,3.861957E+03,1.487771E+03,1.310819E-01,1.312015E-01,2.375534E+03,8.822260E+02,8.062932E-02,7.780083E-02,3.632184E+03,1.474293E+03,1.232830E-01,1.300133E-01,2.397767E+03,9.816484E+02,8.138395E-02,8.656782E-02
02:00:00,1.213597E+03,2.173399E+03,4.119548E-02,1.916573E-01,3.861964E+03,1.477366E+03,1.310822E-01,1.302840E-01,2.375538E+03,8.760214E+02,8.062947E-02,7.725375E-02,3.632191E+03,1.465059E+03,1.232832E-01,1.291991E-01,2.397772E+03,9.717992E+02,8.138410E-02,8.569930E-02
02:10:00,1.213599E+03,2.168933E+03,4.119555E-02,1.912635E-01,3.861970E+03,1.467307E+03,1.310824E-01,1.293970E-01,2.375542E+03,8.700200E+02,8.062961E-02,7.672457E-02,3.632197E+03,1.456144E+03,1.232834E-01,1.284131E-01,2.397776E+03,9.623218E+02,8.138424E-02,8.486358E-02
02:20:00,1.213601E+03,2.164582E+03,4.119562E-02,1.908798E-01,3.861976E+03,1.457597E+03,1.310826E-01,1.285408E-01,2.375546E+03,8.642112E+02,8.062975E-02,7.621237E-02,3.632203E+03,1.447532E+03,1.232836E-01,1.276537E-01,2.397780E+03,9.532008E+02,8.138438E-02,8.405927E-02
02:30:00,1.213603E+03,2.160339E+03,4.119568E-02,1.905057E-01,3.861982E+03,1.448256E+03,1.310828E-01,1.277172E-01,2.375550E+03,8.585838E+02,8.062988E-02,7.571616E-02,3.632209E+03,1.439199E+03,1.232838E-01,1.269189E-01,2.397784E+03,9.444206E+02,8.138451E-02,8.328503E-02
02:40:00,1.213605E+03,2.156202E+03,4.119574E-02,1.901409E-01,3.861988E+03,1.439240E+03,1.310830E-01,1.269222E-01,2.375554E+03,8.531220E+02,8.063001E-02,7.523453E-02,3.632215E+03,1.431104E+03,1.232840E-01,1.262050E-01,2.397787E+03,9.359673E+02,8.138464E-02,8.253961E-02
02:50:00,1.213606E+03,2.152167E+03,4.119580E-02,1.897851E-01,3.861993E+03,1.430542E+03,1.310832E-01,1.261553E-01,2.375558E+03,8.478086E+02,8.063013E-02,7.476598E-02,3.632220E+03,1.423266E+03,1.232842E-01,1.255139E-01,2.397791E+03,9.278283E+02,8.138476E-02,8.182190E-02
03:00:00,1.213608E+03,2.148231E+03,4.119586E-02,1.894381E-01,3.861999E+03,1.422143E+03,1.310833E-01,1.254147E-01,2.375561E+03,8.426577E+02,8.063025E-02,7.431173E-02,3.632226E+03,1.415676E+03,1.232844E-01,1.248446E-01,2.397795E+03,9.199928E+02,8.138488E-02,8.113096E-02
03:10:00,1.213610E+03,2.144391E+03,4.119592E-02,1.890995E-01,3.862004E+03,1.413933E+03,1.310835E-01,1.246908E-01,2.375565E+03,8.376085E+02,8.063037E-02,7.386646E-02,3.632231E+03,1.408251E+03,1.232846E-01,1.241898E-01,2.397798E+03,9.123931E+02,8.138500E-02,8.046081E-02
03:20:00,1.213611E+03,2.140643E+03,4.119597E-02,1.887690E-01,3.862009E+03,1.405893E+03,1.310837E-01,1.239817E-01,2.375568E+03,8.326620E+02,8.063048E-02,7.343024E-02,3.632236E+03,1.400987E+03,1.232847E-01,1.235492E-01,2.397801E+03,9.050200E+02,8.138511E-02,7.981065E-02
03:30:00,1.213613E+03,2.136983E+03,4.119603E-02,1.884463E-01,3.862014E+03,1.397983E+03,1.310838E-01,1.232842E-01,2.375571E+03,8.278144E+02,8.063059E-02,7.300276E-02,3.632240E+03,1.393879E+03,1.232849E-01,1.229223E-01,2.397805E+03,8.978638E+02,8.138522E-02,7.917961E-02
03:40:00,1.213615E+03,2.133408E+03,4.119608E-02,1.881311E-01,3.862018E+03,1.390226E+03,1.310840E-01,1.226001E-01,2.375575E+03,8.230626E+02,8.063070E-02,7.258372E-02,3.632245E+03,1.386919E+03,1.232851E-01,1.223086E-01,2.397808E+03,8.909154E+02,8.138533E-02,7.856691E-02
03:50:00,1.213616E+03,2.129914E+03,4.119613E-02,1.878230E-01,3.862023E+03,1.382608E+03,1.310842E-01,1.219284E-01,2.375578E+03,8.184031E+02,8.063080E-02,7.217281E-02,3.632250E+03,1.380101E+03,1.232852E-01,1.217074E-01,2.397811E+03,8.841671E+02,8.138543E-02,7.797184E-02
04:00:00,1.213618E+03,2.126497E+03,4.119618E-02,1.875216E-01,3.862028E+03,1.375129E+03,1.310843E-01,1.212689E-01,2.375581E+03,8.138320E+02,8.063090E-02,7.176971E-02,3.632254E+03,1.373420E+03,1.232854E-01,1.211182E-01,2.397814E+03,8.776120E+02,8.138553E-02,7.739382E-02
04:10:00,1.213619E+03,2.123153E+03,4.119623E-02,1.872268E-01,3.862032E+03,1.367877E+03,1.310845E-01,1.206293E-01,2.375583E+03,8.094019E+02,8.063100E-02,7.137904E-02,3.632258E+03,1.366952E+03,1.232855E-01,1.205478E-01,2.397817E+03,8.713043E+02,8.138563E-02,7.683761E-02
04:20:00,1.213620E+03,2.119880E+03,4.119627E-02,1.869382E-01,3.862036E+03,1.360847E+03,1.310846E-01,1.200093E-01,2.375586E+03,8.051091E+02,8.063110E-02,7.100047E-02,3.632263E+03,1.360691E+03,1.232857E-01,1.199956E-01,2.397819E+03,8.652542E+02,8.138573E-02,7.630414E-02
04:30:00,1.213622E+03,2.116676E+03,4.119632E-02,1.866557E-01,3.862040E+03,1.354035E+03,1.310847E-01,1.194086E-01,2.375589E+03,8.009517E+02,8.063119E-02,7.063385E-02,3.632267E+03,1.354633E+03,1.232858E-01,1.194615E-01,2.397822E+03,8.594331E+02,8.138582E-02,7.579087E-02
04:40:00,1.213623E+03,2.113586E+03,4.119636E-02,1.863832E-01,3.862044E+03,1.348783E+03,1.310849E-01,1.189454E-01,2.375592E+03,8.005017E+02,8.063128E-02,7.059418E-02,3.632271E+03,1.352482E+03,1.232859E-01,1.192718E-01,2.397825E+03,8.545686E+02,8.138591E-02,7.536196E-02
04:50:00,1.213624E+03,2.110806E+03,4.119641E-02,1.861381E-01,3.862048E+03,1.345284E+03,1.310850E-01,1.186369E-01,2.375594E+03,8.052765E+02,8.063137E-02,7.101533E-02,3.632274E+03,1.355496E+03,1.232861E-01,1.195377E-01,2.397827E+03,8.507735E+02,8.138599E-02,7.502736E-02
05:00:00,1.213625E+03,2.108687E+03,4.119645E-02,1.859512E-01,3.862052E+03,1.341466E+03,1.310851E-01,1.183003E-01,2.375597E+03,8.185780E+02,8.063145E-02,7.218852E-02,3.632278E+03,1.363966E+03,1.232862E-01,1.202848E-01,2.397830E+03,8.468282E+02,8.138608E-02,7.467951E-02
05:10:00,1.213627E+03,2.107686E+03,4.119649E-02,1.858630E-01,3.862056E+03,1.340000E+03,1.310853E-01,1.181711E-01,2.375599E+03,8.493342E+02,8.063153E-02,7.490116E-02,3.632282E+03,1.380182E+03,1.232863E-01,1.217151E-01,2.397832E+03,8.442652E+02,8.138616E-02,7.445355E-02
05:20:00,1.213628E+03,2.108144E+03,4.119653E-02,1.859026E-01,3.862059E+03,1.339018E+03,1.310854E-01,1.180838E-01,2.375601E+03,8.984577E+02,8.063161E-02,7.923320E-02,3.632285E+03,1.405471E+03,1.232864E-01,1.239448E-01,2.397835E+03,8.419236E+02,8.138624E-02,7.424667E-02
05:30:00,1.213629E+03,2.110565E+03,4.119657E-02,1.861143E-01,3.862063E+03,1.340807E+03,1.310855E-01,1.182402E-01,2.375604E+03,9.665918E+02,8.063169E-02,8.524104E-02,3.632289E+03,1.439080E+03,1.232866E-01,1.269072E-01,2.397837E+03,8.411355E+02,8.138632E-02,7.417630E-02
05:40:00,1.213630E+03,2.115079E+03,4.119661E-02,1.865107E-01,3.862066E+03,1.344684E+03,1.310856E-01,1.185807E-01,2.375606E+03,1.051148E+03,8.063177E-02,9.269702E-02,3.632292E+03,1.476645E+03,1.232867E-01,1.302185E-01,2.397839E+03,8.414751E+02,8.138640E-02,7.420537E-02
05:50:00,1.213631E+03,2.121566E+03,4.119664E-02,1.870810E-01,3.862069E+03,1.348406E+03,1.310857E-01,1.189075E-01,2.375608E+03,1.151841E+03,8.063184E-02,1.015759E-01,3.632296E+03,1.515485E+03,1.232868E-01,1.336421E-01,2.397841E+03,8.428455E+02,8.138647E-02,7.432533E-02
06:00:00,1.213632E+03,2.129676E+03,4.119668E-02,1.877939E-01,3.862073E+03,1.356613E+03,1.310858E-01,1.196293E-01,2.375610E+03,1.267642E+03,8.063191E-02,1.117866E-01,3.632299E+03,1.554666E+03,1.232869E-01,1.370951E-01,2.397844E+03,8.454019E+02,8.138654E-02,7.454961E-02
06:10:00,1.213633E+03,2.139146E+03,4.119672E-02,1.886264E-01,3.862076E+03,1.367012E+03,1.310859E-01,1.205443E-01,2.375612E+03,1.389685E+03,8.063198E-02,1.225470E-01,3.632302E+03,1.590395E+03,1.232870E-01,1.402433E-01,2.397846E+03,8.485536E+02,8.138661E-02,7.482626E-02
06:20:00,1.213634E+03,2.149601E+03,4.119675E-02,1.895463E-01,3.862079E+03,1.381405E+03,1.310861E-01,1.218118E-01,2.375614E+03,1.516500E+03,8.063205E-02,1.337281E-01,3.632305E+03,1.618980E+03,1.232871E-01,1.427619E-01,2.397848E+03,8.534798E+02,8.138668E-02,7.525962E-02
06:30:00,1.213635E+03,2.160585E+03,4.119679E-02,1.905139E-01,3.862082E+03,1.397678E+03,1.310862E-01,1.232460E-01,2.375616E+03,1.647309E+03,8.063212E-02,1.452623E-01,3.632308E+03,1.638822E+03,1.232872E-01,1.445106E-01,2.397850E+03,8.589686E+02,8.138675E-02,7.574316E-02
06:40:00,1.213636E+03,2.171670E+03,4.119682E-02,1.914903E-01,3.862085E+03,1.415150E+03,1.310862E-01,1.247858E-01,2.375618E+03,1.780375E+03,8.063218E-02,1.569950E-01,3.632311E+03,1.649743E+03,1.232873E-01,1.454723E-01,2.397851E+03,8.646647E+02,8.138681E-02,7.624488E-02
06:50:00,1.213637E+03,2.182622E+03,4.119685E-02,1.924548E-01,3.862087E+03,1.436141E+03,1.310863E-01,1.266358E-01,2.375620E+03,1.913794E+03,8.063225E-02,1.687584E-01,3.632313E+03,1.653277E+03,1.232874E-01,1.457827E-01,2.397853E+03,8.706197E+02,8.138688E-02,7.676936E-02
07:00:00,1.213638E+03,2.193162E+03,4.119689E-02,1.933835E-01,3.862090E+03,1.457866E+03,1.310864E-01,1.285509E-01,2.375622E+03,2.044415E+03,8.063231E-02,1.802753E-01,3.632316E+03,1.650994E+03,1.232875E-01,1.455805E-01,2.397855E+03,8.779335E+02,8.138694E-02,7.741390E-02
07:10:00,1.213639E+03,2.202839E+03,4.119692E-02,1.942363E-01,3.759791E+03,1.489183E+03,1.276142E-01,1.313120E-01,2.307423E+03,2.177341E+03,7.831752E-02,1.919954E-01,3.530017E+03,1.655440E+03,1.198153E-01,1.459720E-01,2.329656E+03,8.916587E+02,7.907215E-02,7.862394E-02
07:20:00,1.213640E+03,2.211469E+03,4.119695E-02,1.949972E-01,3.657375E+03,1.521503E+03,1.241383E-01,1.341618E-01,2.239142E+03,2.306089E+03,7.600015E-02,2.033472E-01,3.427594E+03,1.661356E+03,1.163391E-01,1.464935E-01,2.261376E+03,9.060041E+02,7.675481E-02,7.988882E-02
07:30:00,1.213641E+03,2.218860E+03,4.119697E-02,1.956486E-01,3.554970E+03,1.554775E+03,1.206628E-01,1.370953E-01,2.170872E+03,2.428484E+03,7.368318E-02,2.141381E-01,3.325189E+03,1.671549E+03,1.128636E-01,1.473917E-01,2.193106E+03,9.210556E+02,7.443784E-02,8.121583E-02
07:40:00,1.213641E+03,2.225308E+03,4.119696E-02,1.962170E-01,3.452507E+03,1.589122E+03,1.171855E-01,1.401237E-01,2.102563E+03,2.542870E+03,7.136499E-02,2.242229E-01,3.222727E+03,1.687120E+03,1.093863E-01,1.487645E-01,2.124797E+03,9.370046E+02,7.211964E-02,8.262204E-02
07:50:00,1.213639E+03,2.231144E+03,4.119692E-02,1.967313E-01,3.350000E+03,1.624314E+03,1.137068E-01,1.432265E-01,2.034226E+03,2.648546E+03,6.904593E-02,2.335397E-01,3.120225E+03,1.708111E+03,1.059077E-01,1.506150E-01,2.056459E+03,9.538769E+02,6.980057E-02,8.410958E-02
08:00:00,1.213637E+03,2.236908E+03,4.119683E-02,1.972393E-01,3.247456E+03,1.660627E+03,1.102269E-01,1.464280E-01,1.965864E+03,2.745221E+03,6.672611E-02,2.420628E-01,3.017686E+03,1.733750E+03,1.024280E-01,1.528753E-01,1.988097E+03,9.715765E+02,6.748074E-02,8.567002E-02
08:10:00,1.213633E+03,2.243039E+03,4.119669E-02,1.977796E-01,3.247179E+03,1.688766E+03,1.102183E-01,1.489087E-01,1.965682E+03,2.826391E+03,6.672045E-02,2.492188E-01,3.017417E+03,1.753065E+03,1.024196E-01,1.545779E-01,1.987914E+03,9.843169E+02,6.747506E-02,8.679314E-02
08:20:00,1.213627E+03,2.249922E+03,4.119648E-02,1.983862E-01,3.246989E+03,1.718534E+03,1.102125E-01,1.515330E-01,1.965562E+03,2.896195E+03,6.671676E-02,2.553727E-01,3.017244E+03,1.774672E+03,1.024142E-01,1.564827E-01,1.987792E+03,9.985537E+02,6.747132E-02,8.804821E-02
08:30:00,1.213619E+03,2.257840E+03,4.119622E-02,1.990841E-01,3.246761E+03,1.749569E+03,1.102053E-01,1.542691E-01,1.965413E+03,2.956239E+03,6.671210E-02,2.606664E-01,3.017026E+03,1.797564E+03,1.024073E-01,1.585009E-01,1.987643E+03,1.013799E+03,6.746663E-02,8.939219E-02
08:40:00,1.213609E+03,2.266853E+03,4.119590E-02,1.998785E-01,3.246567E+03,1.781828E+03,1.101992E-01,1.571132E-01,1.965287E+03,3.007452E+03,6.670815E-02,2.651815E-01,3.016840E+03,1.821357E+03,1.024015E-01,1.605984E-01,1.987516E+03,1.029870E+03,6.746267E-02,9.080908E-02
08:50:00,1.213599E+03,2.276867E+03,4.119555E-02,2.007615E-01,3.246394E+03,1.818448E+03,1.101938E-01,1.603420E-01,1.965175E+03,3.049566E+03,6.670461E-02,2.688945E-01,3.016673E+03,1.845891E+03,1.023962E-01,1.627615E-01,1.987403E+03,1.046705E+03,6.745911E-02,9.229338E-02
09:00:00,1.213588E+03,2.287720E+03,4.119517E-02,2.017186E-01,3.246239E+03,1.861351E+03,1.101889E-01,1.641251E-01,1.965075E+03,3.082164E+03,6.670142E-02,2.717689E-01,3.016523E+03,1.871021E+03,1.023914E-01,1.649775E-01,1.987302E+03,1.064402E+03,6.745591E-02,9.385395E-02
09:10:00,1.213576E+03,2.299261E+03,4.119477E-02,2.027366E-01,3.246101E+03,1.912159E+03,1.101845E-01,1.686055E-01,1.964984E+03,3.104851E+03,6.669854E-02,2.737696E-01,3.016387E+03,1.896445E+03,1.023871E-01,1.672195E-01,1.987212E+03,1.082639E+03,6.745302E-02,9.546209E-02
09:20:00,1.213564E+03,2.311365E+03,4.119436E-02,2.038039E-01,3.245977E+03,1.971090E+03,1.101805E-01,1.738017E-01,1.964903E+03,3.117990E+03,6.669594E-02,2.749281E-01,3.016265E+03,1.921103E+03,1.023831E-01,1.693937E-01,1.987130E+03,1.100718E+03,6.745042E-02,9.705626E-02
09:30:00,1.213552E+03,2.324000E+03,4.119395E-02,2.049182E-01,3.245866E+03,2.039633E+03,1.101769E-01,1.798459E-01,1.964831E+03,3.117449E+03,6.669360E-02,2.748806E-01,3.016155E+03,1.945543E+03,1.023796E-01,1.715489E-01,1.987058E+03,1.118995E+03,6.744808E-02,9.866795E-02
09:40:00,1.213540E+03,2.337004E+03,4.119354E-02,2.060649E-01,3.245766E+03,2.118673E+03,1.101737E-01,1.868154E-01,1.964766E+03,3.102304E+03,6.669150E-02,2.735452E-01,3.016056E+03,1.969714E+03,1.023764E-01,1.736802E-01,1.986993E+03,1.137472E+03,6.744598E-02,1.002971E-01
09:50:00,1.213528E+03,2.350340E+03,4.119314E-02,2.072408E-01,3.245678E+03,2.205516E+03,1.101709E-01,1.944729E-01,1.964708E+03,3.072454E+03,6.668962E-02,2.709131E-01,3.015967E+03,1.993552E+03,1.023735E-01,1.757821E-01,1.986935E+03,1.156133E+03,6.744410E-02,1.019426E-01
10:00:00,1.213517E+03,2.363916E+03,4.119275E-02,2.084379E-01,3.245599E+03,2.299020E+03,1.101683E-01,2.027179E-01,1.964656E+03,3.027879E+03,6.668793E-02,2.669826E-01,3.015887E+03,2.016967E+03,1.023709E-01,1.778468E-01,1.986883E+03,1.174928E+03,6.744241E-02,1.035998E-01
10:10:00,1.213506E+03,2.377647E+03,4.119238E-02,2.096486E-01,3.245528E+03,2.397822E+03,1.101660E-01,2.114298E-01,1.964609E+03,2.968701E+03,6.668641E-02,2.617645E-01,3.015815E+03,2.039898E+03,1.023685E-01,1.798687E-01,1.986836E+03,1.193837E+03,6.744089E-02,1.052671E-01
10:20:00,1.213495E+03,2.391472E+03,4.119202E-02,2.108679E-01,3.245464E+03,2.500766E+03,1.101639E-01,2.205073E-01,1.964567E+03,2.896216E+03,6.668505E-02,2.553733E-01,3.015750E+03,2.062340E+03,1.023664E-01,1.818477E-01,1.986795E+03,1.212792E+03,6.743953E-02,1.069387E-01
10:30:00,1.213485E+03,2.405247E+03,4.119168E-02,2.120826E-01,3.245408E+03,2.606602E+03,1.101621E-01,2.298396E-01,1.964530E+03,2.814255E+03,6.668382E-02,2.481463E-01,3.015692E+03,2.084229E+03,1.023645E-01,1.837778E-01,1.986757E+03,1.231693E+03,6.743831E-02,1.086052E-01
10:40:00,1.213476E+03,2.419019E+03,4.119136E-02,2.132974E-01,3.245357E+03,2.712495E+03,1.101604E-01,2.391773E-01,1.964497E+03,2.723618E+03,6.668272E-02,2.401549E-01,3.015639E+03,2.106133E+03,1.023628E-01,1.857096E-01,1.986724E+03,1.250780E+03,6.743721E-02,1.102885E-01
10:50:00,1.213467E+03,2.432610E+03,4.119105E-02,2.144966E-01,3.245311E+03,2.818553E+03,1.101589E-01,2.485301E-01,1.964466E+03,2.626607E+03,6.668173E-02,2.316016E-01,3.015592E+03,2.127689E+03,1.023612E-01,1.876111E-01,1.986694E+03,1.269801E+03,6.743623E-02,1.119662E-01
11:00:00,1.213458E+03,2.445955E+03,4.119076E-02,2.156738E-01,3.245270E+03,2.923695E+03,1.101575E-01,2.578016E-01,1.964439E+03,2.525372E+03,6.668083E-02,2.226755E-01,3.015549E+03,2.148851E+03,1.023598E-01,1.894775E-01,1.986667E+03,1.288603E+03,6.743534E-02,1.136243E-01
11:10:00,1.213450E+03,2.459040E+03,4.119049E-02,2.168281E-01,3.245233E+03,3.026690E+03,1.101563E-01,2.668837E-01,1.964415E+03,2.421819E+03,6.668002E-02,2.135451E-01,3.015511E+03,2.169533E+03,1.023586E-01,1.913016E-01,1.986643E+03,1.307004E+03,6.743453E-02,1.152470E-01
11:20:00,1.213442E+03,2.471816E+03,4.119023E-02,2.179551E-01,3.245200E+03,3.126542E+03,1.101552E-01,2.756888E-01,1.964393E+03,2.318356E+03,6.667929E-02,2.044226E-01,3.015476E+03,2.189724E+03,1.023574E-01,1.930823E-01,1.986621E+03,1.324968E+03,6.743380E-02,1.168313E-01
11:30:00,1.213435E+03,2.484255E+03,4.118999E-02,2.190523E-01,3.245170E+03,3.222370E+03,1.101542E-01,2.841389E-01,1.964373E+03,2.224861E+03,6.667863E-02,1.961790E-01,3.015444E+03,2.209405E+03,1.023564E-01,1.948181E-01,1.986601E+03,1.342450E+03,6.743314E-02,1.183730E-01
11:40:00,1.213429E+03,2.496391E+03,4.118976E-02,2.201231E-01,3.245142E+03,3.315192E+03,1.101533E-01,2.923242E-01,1.964355E+03,2.145150E+03,6.667802E-02,1.891508E-01,3.015416E+03,2.228182E+03,1.023554E-01,1.964743E-01,1.986583E+03,1.359179E+03,6.743254E-02,1.198484E-01
11:50:00,1.213422E+03,2.508242E+03,4.118955E-02,2.211688E-01,3.245117E+03,3.403311E+03,1.101525E-01,3.000952E-01,1.964338E+03,2.079549E+03,6.667747E-02,1.833670E-01,3.015389E+03,2.246359E+03,1.023545E-01,1.980778E-01,1.986567E+03,1.375242E+03,6.743200E-02,1.212653E-01
12:00:00,1.213416E+03,2.519817E+03,4.118935E-02,2.221904E-01,3.245095E+03,3.485877E+03,1.101517E-01,3.073766E-01,1.964323E+03,2.027900E+03,6.667697E-02,1.788135E-01,3.015365E+03,2.264003E+03,1.023538E-01,1.996344E-01,1.986552E+03,1.390698E+03,6.743149E-02,1.226286E-01
12:10:00,1.213411E+03,2.531140E+03,4.118916E-02,2.231896E-01,3.245074E+03,3.562496E+03,1.101510E-01,3.141336E-01,1.964309E+03,1.990196E+03,6.667651E-02,1.754895E-01,3.015344E+03,2.281246E+03,1.023530E-01,2.011556E-01,1.986538E+03,1.405625E+03,6.743104E-02,1.239453E-01
12:20:00,1.213406E+03,2.542215E+03,4.118898E-02,2.241670E-01,3.245055E+03,3.632724E+03,1.101504E-01,3.203271E-01,1.964297E+03,1.965626E+03,6.667608E-02,1.733237E-01,3.015324E+03,2.298092E+03,1.023524E-01,2.026418E-01,1.986525E+03,1.420015E+03,6.743061E-02,1.252147E-01
12:30:00,1.213401E+03,2.553027E+03,4.118882E-02,2.251213E-01,3.245037E+03,3.696136E+03,1.101498E-01,3.259197E-01,1.964285E+03,1.945623E+03,6.667569E-02,1.715606E-01,3.015305E+03,2.314542E+03,1.023517E-01,2.040931E-01,1.986514E+03,1.433856E+03,6.743022E-02,1.264355E-01
12:40:00,1.213396E+03,2.563707E+03,4.118866E-02,2.260634E-01,3.245021E+03,3.752439E+03,1.101493E-01,3.308847E-01,1.964274E+03,1.928338E+03,6.667533E-02,1.700369E-01,3.015288E+03,2.330689E+03,1.023512E-01,2.055173E-01,1.986503E+03,1.447213E+03,6.742986E-02,1.276135E-01
12:50:00,1.213392E+03,2.573817E+03,4.118851E-02,2.269567E-01,3.245006E+03,3.801032E+03,1.101488E-01,3.351716E-01,1.964264E+03,1.912929E+03,6.667499E-02,1.686794E-01,3.015272E+03,2.346199E+03,1.023506E-01,2.068866E-01,1.986493E+03,1.459907E+03,6.742953E-02,1.287339E-01
13:00:00,1.213388E+03,2.583607E+03,4.118837E-02,2.278220E-01,3.244992E+03,3.841775E+03,1.101483E-01,3.387665E-01,1.964255E+03,1.899298E+03,6.667468E-02,1.674786E-01,3.015257E+03,2.361242E+03,1.023501E-01,2.082148E-01,1.986484E+03,1.472051E+03,6.742922E-02,1.298058E-01
13:10:00,1.213384E+03,2.592898E+03,4.118824E-02,2.286432E-01,3.244979E+03,3.874228E+03,1.101478E-01,3.416306E-01,1.964246E+03,1.887114E+03,6.667439E-02,1.664055E-01,3.015244E+03,2.375620E+03,1.023497E-01,2.094844E-01,1.986475E+03,1.483326E+03,6.742893E-02,1.308011E-01
13:20:00,1.213380E+03,2.601657E+03,4.118811E-02,2.294176E-01,3.244966E+03,3.898207E+03,1.101474E-01,3.437474E-01,1.964238E+03,1.876157E+03,6.667411E-02,1.654406E-01,3.015231E+03,2.389297E+03,1.023493E-01,2.106923E-01,1.986467E+03,1.494294E+03,6.742865E-02,1.317693E-01
13:30:00,1.213376E+03,2.609855E+03,4.118800E-02,2.301424E-01,3.244955E+03,3.913578E+03,1.101471E-01,3.451052E-01,1.964230E+03,1.866226E+03,6.667385E-02,1.645661E-01,3.015219E+03,2.402237E+03,1.023489E-01,2.118350E-01,1.986459E+03,1.512833E+03,6.742840E-02,1.334051E-01
13:40:00,1.213373E+03,2.617260E+03,4.118788E-02,2.307974E-01,3.244944E+03,3.920122E+03,1.101467E-01,3.456845E-01,1.964223E+03,1.857032E+03,6.667361E-02,1.637566E-01,3.015208E+03,2.414238E+03,1.023485E-01,2.128951E-01,1.986452E+03,1.542231E+03,6.742815E-02,1.359987E-01
13:50:00,1.213370E+03,2.624364E+03,4.118778E-02,2.314240E-01,3.244934E+03,3.918197E+03,1.101463E-01,3.455148E-01,1.964216E+03,1.848587E+03,6.667338E-02,1.630121E-01,3.015197E+03,2.425666E+03,1.023481E-01,2.139029E-01,1.986445E+03,1.584597E+03,6.742793E-02,1.397350E-01
14:00:00,1.213367E+03,2.630908E+03,4.118767E-02,2.320010E-01,3.244924E+03,3.907741E+03,1.101460E-01,3.445925E-01,1.964210E+03,1.840636E+03,6.667316E-02,1.623110E-01,3.015187E+03,2.436323E+03,1.023478E-01,2.148426E-01,1.986439E+03,1.641856E+03,6.742771E-02,1.447845E-01
14:10:00,1.213364E+03,2.637055E+03,4.118758E-02,2.325430E-01,3.244915E+03,3.890547E+03,1.101457E-01,3.430760E-01,1.964204E+03,1.832665E+03,6.667296E-02,1.616082E-01,3.015178E+03,2.445736E+03,1.023475E-01,2.156726E-01,1.986433E+03,1.716864E+03,6.742750E-02,1.513992E-01
14:20:00,1.213361E+03,2.642842E+03,4.118748E-02,2.330533E-01,3.244906E+03,3.865534E+03,1.101454E-01,3.408700E-01,1.964198E+03,1.824755E+03,6.667276E-02,1.609107E-01,3.015169E+03,2.454243E+03,1.023472E-01,2.164227E-01,1.986427E+03,1.809794E+03,6.742731E-02,1.595945E-01
14:30:00,1.213359E+03,2.648304E+03,4.118739E-02,2.335349E-01,3.244898E+03,3.832682E+03,1.101451E-01,3.379729E-01,1.964192E+03,1.816826E+03,6.667257E-02,1.602115E-01,3.015160E+03,2.461943E+03,1.023469E-01,2.171016E-01,1.986422E+03,1.913513E+03,6.742712E-02,1.687412E-01
14:40:00,1.213356E+03,2.653428E+03,4.118731E-02,2.339867E-01,3.244890E+03,3.792296E+03,1.101449E-01,3.344114E-01,1.964187E+03,1.808764E+03,6.667239E-02,1.595007E-01,3.015152E+03,2.468857E+03,1.023466E-01,2.177112E-01,1.986416E+03,2.025312E+03,6.742694E-02,1.786004E-01
14:50:00,1.213354E+03,2.658023E+03,4.118723E-02,2.343909E-01,3.244882E+03,3.744635E+03,1.101446E-01,3.302073E-01,1.964182E+03,1.800386E+03,6.667222E-02,1.587614E-01,3.015144E+03,2.474859E+03,1.023463E-01,2.182397E-01,1.986411E+03,2.143568E+03,6.742677E-02,1.890280E-01
15:00:00,1.213351E+03,2.662226E+03,4.118715E-02,2.347595E-01,3.244875E+03,3.690733E+03,1.101444E-01,3.254519E-01,1.964177E+03,1.791685E+03,6.667205E-02,1.579929E-01,3.015137E+03,2.480101E+03,1.023461E-01,2.187001E-01,1.986406E+03,2.266553E+03,6.742661E-02,1.998713E-01
15:10:00,1.213349E+03,2.665994E+03,4.118707E-02,2.350897E-01,3.244868E+03,3.629215E+03,1.101441E-01,3.200249E-01,1.964172E+03,1.782867E+03,6.667190E-02,1.572142E-01,3.015130E+03,2.484989E+03,1.023458E-01,2.191293E-01,1.986402E+03,2.391517E+03,6.742645E-02,2.108889E-01
15:20:00,1.213347E+03,2.669239E+03,4.118700E-02,2.353738E-01,3.244861E+03,3.562061E+03,1.101439E-01,3.141010E-01,1.964168E+03,1.773626E+03,6.667174E-02,1.563982E-01,3.015123E+03,2.489177E+03,1.023456E-01,2.194967E-01,1.986397E+03,2.517488E+03,6.742630E-02,2.219949E-01
15:30:00,1.213345E+03,2.671906E+03,4.118693E-02,2.356069E-01,3.244855E+03,3.490538E+03,1.101437E-01,3.077919E-01,1.964164E+03,1.763845E+03,6.667160E-02,1.555345E-01,3.015116E+03,2.492554E+03,1.023454E-01,2.197926E-01,1.986393E+03,2.640184E+03,6.742615E-02,2.328120E-01
15:40:00,1.213343E+03,2.673942E+03,4.118686E-02,2.357844E-01,3.244848E+03,3.415654E+03,1.101434E-01,3.011865E-01,1.964159E+03,1.753457E+03,6.667146E-02,1.546174E-01,3.015110E+03,2.495017E+03,1.023452E-01,2.200080E-01,1.986389E+03,2.756466E+03,6.742601E-02,2.430633E-01
15:50:00,1.213341E+03,2.675374E+03,4.118679E-02,2.359091E-01,3.244842E+03,3.339128E+03,1.101432E-01,2.944367E-01,1.964155E+03,1.742448E+03,6.667132E-02,1.536457E-01,3.015104E+03,2.496494E+03,1.023450E-01,2.201367E-01,1.986385E+03,2.864623E+03,6.742587E-02,2.525984E-01
16:00:00,1.213339E+03,2.676089E+03,4.118673E-02,2.359711E-01,3.244836E+03,3.262494E+03,1.101430E-01,2.876783E-01,1.964151E+03,1.730743E+03,6.667119E-02,1.526130E-01,3.015098E+03,2.496773E+03,1.023448E-01,2.201604E-01,1.986381E+03,2.963141E+03,6.742574E-02,2.612842E-01
16:10:00,1.213337E+03,2.676035E+03,4.118667E-02,2.359655E-01,3.244831E+03,3.190636E+03,1.101429E-01,2.813412E-01,1.964148E+03,1.718455E+03,6.667106E-02,1.515289E-01,3.015092E+03,2.495903E+03,1.023446E-01,2.200828E-01,1.986377E+03,3.050904E+03,6.742561E-02,2.690217E-01
16:20:00,1.213336E+03,2.675248E+03,4.118661E-02,2.358952E-01,3.244825E+03,3.124927E+03,1.101427E-01,2.755462E-01,1.964144E+03,1.705582E+03,6.667094E-02,1.503933E-01,3.015087E+03,2.493749E+03,1.023444E-01,2.198920E-01,1.986373E+03,3.126828E+03,6.742549E-02,2.757152E-01
16:30:00,1.213334E+03,2.673747E+03,4.118655E-02,2.357620E-01,3.244820E+03,3.065053E+03,1.101425E-01,2.702657E-01,1.964141E+03,1.691392E+03,6.667082E-02,1.491415E-01,3.015081E+03,2.489128E+03,1.023442E-01,2.194837E-01,1.986370E+03,3.194550E+03,6.742537E-02,2.816855E-01
16:40:00,1.213332E+03,2.671558E+03,4.118649E-02,2.355681E-01,3.244815E+03,3.012468E+03,1.101423E-01,2.656281E-01,1.964137E+03,1.676352E+03,6.667070E-02,1.478148E-01,3.015076E+03,2.482631E+03,1.023440E-01,2.189100E-01,1.986366E+03,3.254357E+03,6.742525E-02,2.869580E-01
16:50:00,1.213331E+03,2.668799E+03,4.118644E-02,2.353244E-01,3.244810E+03,2.966941E+03,1.101421E-01,2.616135E-01,1.964134E+03,1.660861E+03,6.667059E-02,1.464487E-01,3.015071E+03,2.474475E+03,1.023439E-01,2.181905E-01,1.986363E+03,3.306298E+03,6.742514E-02,2.915375E-01
17:00:00,1.213329E+03,2.665403E+03,4.118638E-02,2.350250E-01,3.244805E+03,2.927330E+03,1.101420E-01,2.581208E-01,1.964131E+03,1.644744E+03,6.667048E-02,1.450275E-01,3.015066E+03,2.464567E+03,1.023437E-01,2.173168E-01,1.986360E+03,3.350299E+03,6.742503E-02,2.954171E-01
17:10:00,1.213327E+03,2.661379E+03,4.118633E-02,2.346697E-01,3.244800E+03,2.890023E+03,1.101418E-01,2.548309E-01,1.964127E+03,1.627972E+03,6.667037E-02,1.435484E-01,3.015062E+03,2.452957E+03,1.023435E-01,2.162927E-01,1.986357E+03,3.386230E+03,6.742493E-02,2.985849E-01
17:20:00,1.213326E+03,2.656832E+03,4.118628E-02,2.342683E-01,3.244796E+03,2.854200E+03,1.101417E-01,2.516716E-01,1.964124E+03,1.610577E+03,6.667027E-02,1.420142E-01,3.015057E+03,2.439845E+03,1.023434E-01,2.151360E-01,1.986354E+03,3.413017E+03,6.742483E-02,3.009462E-01
17:30:00,1.213324E+03,2.651934E+03,4.118623E-02,2.338360E-01,3.244791E+03,2.820247E+03,1.101415E-01,2.486773E-01,1.964122E+03,1.593288E+03,6.667017E-02,1.404895E-01,3.015053E+03,2.426445E+03,1.023432E-01,2.139540E-01,1.986351E+03,3.427922E+03,6.742473E-02,3.022597E-01
17:40:00,1.213323E+03,2.647012E+03,4.118618E-02,2.334015E-01,3.244787E+03,2.786634E+03,1.101414E-01,2.457130E-01,1.964119E+03,1.575646E+03,6.667007E-02,1.389336E-01,3.015048E+03,2.413135E+03,1.023431E-01,2.127799E-01,1.986348E+03,3.431980E+03,6.742463E-02,3.026169E-01
17:50:00,1.213322E+03,2.642382E+03,4.118613E-02,2.329928E-01,3.244783E+03,2.753135E+03,1.101412E-01,2.427588E-01,1.964116E+03,1.557315E+03,6.666998E-02,1.373169E-01,3.015044E+03,2.403844E+03,1.023429E-01,2.119602E-01,1.986345E+03,3.425507E+03,6.742453E-02,3.020454E-01
18:00:00,1.213320E+03,2.638297E+03,4.118609E-02,2.326320E-01,3.244779E+03,2.719170E+03,1.101411E-01,2.397634E-01,1.964113E+03,1.538492E+03,6.666989E-02,1.356570E-01,3.015040E+03,2.400695E+03,1.023428E-01,2.116821E-01,1.986343E+03,3.408484E+03,6.742444E-02,3.005438E-01
18:10:00,1.213319E+03,2.634961E+03,4.118604E-02,2.323377E-01,3.347076E+03,2.684258E+03,1.136135E-01,2.366849E-01,2.032311E+03,1.519172E+03,6.898481E-02,1.339533E-01,3.117338E+03,2.404875E+03,1.058152E-01,2.120506E-01,2.054541E+03,3.380737E+03,6.973937E-02,2.980970E-01
18:20:00,1.213318E+03,2.632320E+03,4.118600E-02,2.321049E-01,3.449413E+03,2.648107E+03,1.170871E-01,2.334973E-01,2.100537E+03,1.499404E+03,7.130060E-02,1.322102E-01,3.219677E+03,2.416987E+03,1.092889E-01,2.131186E-01,2.122766E+03,3.342948E+03,7.205515E-02,2.947649E-01
18:30:00,1.213316E+03,2.630127E+03,4.118596E-02,2.319115E-01,3.551791E+03,2.610671E+03,1.205620E-01,2.301964E-01,2.168790E+03,1.479301E+03,7.361720E-02,1.304376E-01,3.322054E+03,2.435321E+03,1.127638E-01,2.147353E-01,2.191019E+03,3.296133E+03,7.437176E-02,2.906369E-01
18:40:00,1.213316E+03,2.627893E+03,4.118593E-02,2.317145E-01,3.654235E+03,2.571948E+03,1.240389E-01,2.267819E-01,2.237085E+03,1.458953E+03,7.593511E-02,1.286435E-01,3.424492E+03,2.457109E+03,1.162405E-01,2.166565E-01,2.259315E+03,3.239358E+03,7.668967E-02,2.856307E-01
18:50:00,1.213316E+03,2.625059E+03,4.118593E-02,2.314646E-01,3.756732E+03,2.533570E+03,1.275174E-01,2.233980E-01,2.305416E+03,1.439605E+03,7.825405E-02,1.269375E-01,3.526982E+03,2.475839E+03,1.197189E-01,2.183081E-01,2.327646E+03,3.170493E+03,7.900864E-02,2.795585E-01
19:00:00,1.213317E+03,2.621105E+03,4.118597E-02,2.311160E-01,3.859274E+03,2.494487E+03,1.309973E-01,2.199518E-01,2.373776E+03,1.420492E+03,8.057390E-02,1.252522E-01,3.629517E+03,2.488509E+03,1.231985E-01,2.194253E-01,2.396007E+03,3.090692E+03,8.132850E-02,2.725220E-01
19:10:00,1.213319E+03,2.615638E+03,4.118606E-02,2.306340E-01,3.859555E+03,2.456593E+03,1.310059E-01,2.166105E-01,2.373961E+03,1.402873E+03,8.057951E-02,1.236986E-01,3.629788E+03,2.494438E+03,1.232069E-01,2.199481E-01,2.396193E+03,3.001493E+03,8.133414E-02,2.646569E-01
19:20:00,1.213324E+03,2.608423E+03,4.118622E-02,2.299977E-01,3.859831E+03,2.417867E+03,1.310143E-01,2.131960E-01,2.374141E+03,1.385291E+03,8.058495E-02,1.221485E-01,3.630051E+03,2.488857E+03,1.232149E-01,2.194561E-01,2.396374E+03,2.900997E+03,8.133961E-02,2.557959E-01
19:30:00,1.213331E+03,2.599359E+03,4.118644E-02,2.291985E-01,3.860094E+03,2.381037E+03,1.310223E-01,2.099487E-01,2.374313E+03,1.369177E+03,8.059019E-02,1.207277E-01,3.630306E+03,2.470614E+03,1.232227E-01,2.178477E-01,2.396547E+03,2.787707E+03,8.134487E-02,2.458068E-01
19:40:00,1.213339E+03,2.588358E+03,4.118674E-02,2.282285E-01,3.860320E+03,2.343798E+03,1.310292E-01,2.066654E-01,2.374460E+03,1.353011E+03,8.059467E-02,1.193025E-01,3.630526E+03,2.439047E+03,1.232295E-01,2.150644E-01,2.396695E+03,2.657563E+03,8.134936E-02,2.343317E-01
19:50:00,1.213350E+03,2.575256E+03,4.118709E-02,2.270733E-01,3.860514E+03,2.306716E+03,1.310352E-01,2.033960E-01,2.374587E+03,1.336905E+03,8.059858E-02,1.178825E-01,3.630717E+03,2.397303E+03,1.232355E-01,2.113839E-01,2.396822E+03,2.518319E+03,8.135328E-02,2.220542E-01
20:00:00,1.213361E+03,2.560001E+03,4.118749E-02,2.257281E-01,3.860684E+03,2.269126E+03,1.310405E-01,2.000819E-01,2.374697E+03,1.320285E+03,8.060202E-02,1.164173E-01,3.630885E+03,2.346512E+03,1.232407E-01,2.069056E-01,2.396932E+03,2.374845E+03,8.135672E-02,2.094036E-01
20:10:00,1.213374E+03,2.542690E+03,4.118791E-02,2.242017E-01,3.860831E+03,2.229136E+03,1.310451E-01,1.965560E-01,2.374793E+03,1.301720E+03,8.060505E-02,1.147805E-01,3.631032E+03,2.286664E+03,1.232453E-01,2.016287E-01,2.397028E+03,2.229931E+03,8.135975E-02,1.966261E-01
20:20:00,1.213387E+03,2.523613E+03,4.118834E-02,2.225195E-01,3.860960E+03,2.190267E+03,1.310492E-01,1.931290E-01,2.374877E+03,1.283131E+03,8.060772E-02,1.131415E-01,3.631161E+03,2.225187E+03,1.232494E-01,1.962081E-01,2.397112E+03,2.092574E+03,8.136241E-02,1.845147E-01
20:30:00,1.213400E+03,2.503292E+03,4.118878E-02,2.207280E-01,3.861073E+03,2.150506E+03,1.310528E-01,1.896235E-01,2.374950E+03,1.263321E+03,8.061007E-02,1.113951E-01,3.631275E+03,2.166171E+03,1.232531E-01,1.910046E-01,2.397186E+03,1.968234E+03,8.136476E-02,1.735512E-01
20:40:00,1.213412E+03,2.482301E+03,4.118922E-02,2.188776E-01,3.861171E+03,2.112556E+03,1.310560E-01,1.862777E-01,2.375015E+03,1.243895E+03,8.061213E-02,1.096825E-01,3.631374E+03,2.112655E+03,1.232563E-01,1.862862E-01,2.397250E+03,1.864368E+03,8.136682E-02,1.643930E-01
20:50:00,1.213425E+03,2.461417E+03,4.118964E-02,2.170365E-01,3.861257E+03,2.074337E+03,1.310587E-01,1.829083E-01,2.375071E+03,1.223709E+03,8.061395E-02,1.079029E-01,3.631462E+03,2.064536E+03,1.232591E-01,1.820438E-01,2.397306E+03,1.777600E+03,8.136864E-02,1.567426E-01
21:00:00,1.213437E+03,2.441348E+03,4.119005E-02,2.152677E-01,3.861332E+03,2.038351E+03,1.310612E-01,1.797360E-01,2.375120E+03,1.204281E+03,8.061556E-02,1.061903E-01,3.631539E+03,2.022212E+03,1.232616E-01,1.783127E-01,2.397355E+03,1.704277E+03,8.137024E-02,1.502779E-01
21:10:00,1.213448E+03,2.422450E+03,4.119044E-02,2.136026E-01,3.861399E+03,2.005297E+03,1.310633E-01,1.768227E-01,2.375164E+03,1.186056E+03,8.061697E-02,1.045840E-01,3.631607E+03,1.985723E+03,1.232638E-01,1.750964E-01,2.397398E+03,1.642551E+03,8.137165E-02,1.448361E-01
21:20:00,1.213459E+03,2.404903E+03,4.119081E-02,2.120566E-01,3.861457E+03,1.974142E+03,1.310652E-01,1.740767E-01,2.375202E+03,1.168671E+03,8.061822E-02,1.030518E-01,3.631667E+03,1.952125E+03,1.232658E-01,1.721352E-01,2.397437E+03,1.587765E+03,8.137289E-02,1.400062E-01
21:30:00,1.213470E+03,2.388633E+03,4.119116E-02,2.106229E-01,3.861508E+03,1.944531E+03,1.310669E-01,1.714667E-01,2.375236E+03,1.151978E+03,8.061933E-02,1.015804E-01,3.631720E+03,1.920549E+03,1.232675E-01,1.693519E-01,2.397470E+03,1.538251E+03,8.137400E-02,1.356410E-01
21:40:00,1.213480E+03,2.373573E+03,4.119149E-02,2.092957E-01,3.861553E+03,1.916387E+03,1.310684E-01,1.689859E-01,2.375265E+03,1.135971E+03,8.062031E-02,1.001695E-01,3.631767E+03,1.890816E+03,1.232691E-01,1.667309E-01,2.397500E+03,1.493258E+03,8.137497E-02,1.316742E-01
21:50:00,1.213489E+03,2.359577E+03,4.119180E-02,2.080624E-01,3.861593E+03,1.889563E+03,1.310697E-01,1.666214E-01,2.375292E+03,1.120596E+03,8.062118E-02,9.881424E-02,3.631809E+03,1.862731E+03,1.232704E-01,1.642552E-01,2.397526E+03,1.452148E+03,8.137584E-02,1.280498E-01
22:00:00,1.213497E+03,2.346705E+03,4.119209E-02,2.069279E-01,3.861629E+03,1.864096E+03,1.310709E-01,1.643762E-01,2.375315E+03,1.105904E+03,8.062196E-02,9.751901E-02,3.631846E+03,1.836300E+03,1.232716E-01,1.619251E-01,2.397549E+03,1.414462E+03,8.137662E-02,1.247271E-01
22:10:00,1.213505E+03,2.334487E+03,4.119237E-02,2.058522E-01,3.861660E+03,1.839720E+03,1.310720E-01,1.622284E-01,2.375336E+03,1.091758E+03,8.062266E-02,9.627257E-02,3.631879E+03,1.811211E+03,1.232727E-01,1.597144E-01,2.397570E+03,1.379721E+03,8.137732E-02,1.216648E-01
22:20:00,1.213513E+03,2.323146E+03,4.119262E-02,2.048540E-01,3.861689E+03,1.816626E+03,1.310729E-01,1.601935E-01,2.375355E+03,1.078290E+03,8.062329E-02,9.508594E-02,3.631908E+03,1.787632E+03,1.232737E-01,1.576368E-01,2.397589E+03,1.347744E+03,8.137794E-02,1.188461E-01
22:30:00,1.213520E+03,2.312483E+03,4.119285E-02,2.039155E-01,3.861714E+03,1.794612E+03,1.310737E-01,1.582540E-01,2.375372E+03,1.065395E+03,8.062385E-02,9.394981E-02,3.631935E+03,1.765336E+03,1.232746E-01,1.556723E-01,2.397606E+03,1.318170E+03,8.137850E-02,1.162394E-01
22:40:00,1.213526E+03,2.302451E+03,4.119307E-02,2.030328E-01,3.861737E+03,1.773629E+03,1.310745E-01,1.564054E-01,2.375387E+03,1.053054E+03,8.062437E-02,9.286264E-02,3.631959E+03,1.744251E+03,1.232754E-01,1.538147E-01,2.397621E+03,1.290755E+03,8.137901E-02,1.138230E-01
22:50:00,1.213532E+03,2.292997E+03,4.119328E-02,2.022008E-01,3.861758E+03,1.753613E+03,1.310752E-01,1.546420E-01,2.375401E+03,1.041242E+03,8.062483E-02,9.182203E-02,3.631981E+03,1.724294E+03,1.232761E-01,1.520566E-01,2.397635E+03,1.265276E+03,8.137947E-02,1.115773E-01
23:00:00,1.213538E+03,2.283831E+03,4.119347E-02,2.013944E-01,3.861777E+03,1.734277E+03,1.310758E-01,1.529386E-01,2.375414E+03,1.029792E+03,8.062525E-02,9.081333E-02,3.632000E+03,1.705157E+03,1.232768E-01,1.503707E-01,2.397647E+03,1.241403E+03,8.137990E-02,1.094732E-01
23:10:00,1.213543E+03,2.275357E+03,4.119365E-02,2.006473E-01,3.861795E+03,1.715812E+03,1.310764E-01,1.513104E-01,2.375425E+03,1.018828E+03,8.062564E-02,8.984654E-02,3.632018E+03,1.687034E+03,1.232774E-01,1.487727E-01,2.397659E+03,1.219092E+03,8.138028E-02,1.075060E-01
23:20:00,1.213548E+03,2.267222E+03,4.119381E-02,1.999301E-01,3.861810E+03,1.697888E+03,1.310770E-01,1.497299E-01,2.375436E+03,1.008159E+03,8.062600E-02,8.890572E-02,3.632035E+03,1.669577E+03,1.232779E-01,1.472334E-01,2.397669E+03,1.198048E+03,8.138064E-02,1.056503E-01
23:30:00,1.213552E+03,2.259502E+03,4.119397E-02,1.992494E-01,3.861825E+03,1.680562E+03,1.310775E-01,1.482021E-01,2.375446E+03,9.978249E+02,8.062633E-02,8.799447E-02,3.632050E+03,1.652833E+03,1.232785E-01,1.457569E-01,2.397679E+03,1.178191E+03,8.138097E-02,1.038992E-01
23:40:00,1.213557E+03,2.252144E+03,4.119411E-02,1.986006E-01,3.861839E+03,1.663774E+03,1.310779E-01,1.467216E-01,2.375455E+03,9.877937E+02,8.062664E-02,8.710989E-02,3.632064E+03,1.636727E+03,1.232789E-01,1.443366E-01,2.397688E+03,1.159393E+03,8.138127E-02,1.022416E-01
23:50:00,1.213561E+03,2.245112E+03,4.119425E-02,1.979805E-01,3.861851E+03,1.647479E+03,1.310783E-01,1.452847E-01,2.375463E+03,9.780433E+02,8.062692E-02,8.625009E-02,3.632077E+03,1.621204E+03,1.232794E-01,1.429679E-01,2.397696E+03,1.141549E+03,8.138156E-02,1.006682E-01
24:00:00,1.213564E+03,2.238376E+03,4.119438E-02,1.973866E-01,3.861863E+03,1.631639E+03,1.310787E-01,1.438880E-01,2.375471E+03,9.685544E+02,8.062719E-02,8.541334E-02,3.632089E+03,1.606218E+03,1.232798E-01,1.416464E-01,2.397704E+03,1.124567E+03,8.138182E-02,9.917064E-02
Peak,1.213641E+03,2.676089E+03,4.119697E-02,2.359711E-01,3.862090E+03,3.920122E+03,1.310864E-01,3.456845E-01,2.375622E+03,3.117990E+03,8.063231E-02,2.749281E-01,3.632316E+03,2.496773E+03,1.232875E-01,2.201604E-01,2.397855E+03,3.431980E+03,8.138694E-02,3.026169E-01

Peak Vol Flow (m3/s),,,3.570160E-02,2.044944E-01,,,1.136005E-01,2.995728E-01,,,6.987657E-02,2.382548E-01,,,1.068419E-01,1.907927E-01,,,7.053054E-02,2.622501E-01
