Time,CORE_ZN:BUFFALO.NIAGARA.INTL.AP_NY_USA ANN HTG 99.6% CONDNS DB:Des Heat Load [W],CORE_ZN:BUFFALO.NIAGARA.INTL.AP_NY_USA ANN CLG .4% CONDNS DB=>MWB:Des Sens Cool Load [W],CORE_ZN:BUFFALO.NIAGARA.INTL.AP_NY_USA ANN HTG 99.6% CONDNS DB:Des Heat Mass Flow [kg/s],CORE_ZN:BUFFALO.NIAGARA.INTL.AP_NY_USA ANN CLG .4% CONDNS DB=>MWB:Des Cool Mass Flow [kg/s],PERIMETER_ZN_1:BUFFALO.NIAGARA.INTL.AP_NY_USA ANN HTG 99.6% CONDNS DB:Des Heat Load [W],PERIMETER_ZN_1:BUFFALO.NIAGARA.INTL.AP_NY_USA ANN CLG .4% CONDNS DB=>MWB:Des Sens Cool Load [W],PERIMETER_ZN_1:BUFFALO.NIAGARA.INTL.AP_NY_USA ANN HTG 99.6% CONDNS DB:Des Heat Mass Flow [kg/s],PERIMETER_ZN_1:BUFFALO.NIAGARA.INTL.AP_NY_USA ANN CLG .4% CONDNS DB=>MWB:Des Cool Mass Flow [kg/s],PERIMETER_ZN_2:BUFFALO.NIAGARA.INTL.AP_NY_USA ANN HTG 99.6% CONDNS DB:Des Heat Load [W],PERIMETER_ZN_2:BUFFALO.NIAGARA.INTL.AP_NY_USA ANN CLG .4% CONDNS DB=>MWB:Des Sens Cool Load [W],PERIMETER_ZN_2:BUFFALO.NIAGARA.INTL.AP_NY_USA ANN HTG 99.6% CONDNS DB:Des Heat Mass Flow [kg/s],PERIMETER_ZN_2:BUFFALO.NIAGARA.INTL.AP_NY_USA ANN CLG .4% CONDNS DB=>MWB:Des Cool Mass Flow [kg/s],PERIMETER_ZN_3:BUFFALO.NIAGARA.INTL.AP_NY_USA ANN HTG 99.6% CONDNS DB:Des Heat Load [W],PERIMETER_ZN_3:BUFFALO.NIAGARA.INTL.AP_NY_USA ANN CLG .4% CONDNS DB=>MWB:Des Sens Cool Load [W],PERIMETER_ZN_3:BUFFALO.NIAGARA.INTL.AP_NY_USA ANN HTG 99.6% CONDNS DB:Des Heat Mass Flow [kg/s],PERIMETER_ZN_3:BUFFALO.NIAGARA.INTL.AP_NY_USA ANN CLG .4% CONDNS DB=>MWB:Des Cool Mass Flow [kg/s],PERIMETER_ZN_4:BUFFALO.NIAGARA.INTL.AP_NY_USA ANN HTG 99.6% CONDNS DB:Des Heat Load [W],PERIMETER_ZN_4:BUFFALO.NIAGARA.INTL.AP_NY_USA ANN CLG .4% CONDNS DB=>MWB:Des Sens Cool Load [W],PERIMETER_ZN_4:BUFFALO.NIAGARA.INTL.AP_NY_USA ANN HTG 99.6% CONDNS DB:Des Heat Mass Flow [kg/s],PERIMETER_ZN_4:BUFFALO.NIAGARA.INTL.AP_NY_USA ANN CLG .4% CONDNS DB=>MWB:Des Cool Mass Flow [kg/s]
00:10:00,1.015938E+03,2.396573E+03,5.274216E-02,2.117591E-01,3.120188E+03,1.807796E+03,1.619687E-01,1.597427E-01,1.903051E+03,1.093422E+03,9.878641E-02,9.661858E-02,3.074292E+03,1.785725E+03,1.595863E-01,1.577926E-01,1.919474E+03,1.204577E+03,9.963887E-02,1.064401E-01
00:20:00,1.015940E+03,2.390622E+03,5.274227E-02,2.112333E-01,3.120194E+03,1.794670E+03,1.619690E-01,1.585830E-01,1.903056E+03,1.084927E+03,9.878662E-02,9.586794E-02,3.074299E+03,1.772710E+03,1.595866E-01,1.566425E-01,1.919478E+03,1.191598E+03,9.963908E-02,1.052933E-01
00:30:00,1.015942E+03,2.384873E+03,5.274237E-02,2.107254E-01,3.120200E+03,1.781918E+03,1.619693E-01,1.574562E-01,1.903060E+03,1.076674E+03,9.878682E-02,9.513872E-02,3.074304E+03,1.760104E+03,1.595869E-01,1.555287E-01,1.919482E+03,1.179150E+03,9.963929E-02,1.041934E-01
00:40:00,1.015944E+03,2.379311E+03,5.274247E-02,2.102340E-01,3.120205E+03,1.769522E+03,1.619696E-01,1.563609E-01,1.903063E+03,1.068653E+03,9.878702E-02,9.442996E-02,3.074310E+03,1.747886E+03,1.595872E-01,1.544491E-01,1.919485E+03,1.167197E+03,9.963948E-02,1.031373E-01
00:50:00,1.015946E+03,2.373921E+03,5.274256E-02,2.097577E-01,3.120210E+03,1.757467E+03,1.619699E-01,1.552957E-01,1.903067E+03,1.060853E+03,9.878720E-02,9.374080E-02,3.074315E+03,1.736034E+03,1.595875E-01,1.534019E-01,1.919489E+03,1.155705E+03,9.963967E-02,1.021218E-01
01:00:00,1.015947E+03,2.368690E+03,5.274265E-02,2.092956E-01,3.120215E+03,1.745739E+03,1.619701E-01,1.542594E-01,1.903070E+03,1.053267E+03,9.878738E-02,9.307047E-02,3.074320E+03,1.724533E+03,1.595877E-01,1.523856E-01,1.919492E+03,1.144642E+03,9.963984E-02,1.011443E-01
01:10:00,1.015949E+03,2.363608E+03,5.274273E-02,2.088466E-01,3.120220E+03,1.734409E+03,1.619704E-01,1.532583E-01,1.903073E+03,1.045937E+03,9.878755E-02,9.242277E-02,3.074325E+03,1.713447E+03,1.595880E-01,1.514061E-01,1.919496E+03,1.134035E+03,9.964001E-02,1.002070E-01
01:20:00,1.015951E+03,2.358666E+03,5.274281E-02,2.084099E-01,3.120225E+03,1.723468E+03,1.619706E-01,1.522916E-01,1.903077E+03,1.038856E+03,9.878771E-02,9.179714E-02,3.074330E+03,1.702764E+03,1.595882E-01,1.504621E-01,1.919499E+03,1.123859E+03,9.964017E-02,9.930788E-02
01:30:00,1.015952E+03,2.353855E+03,5.274289E-02,2.079849E-01,3.120229E+03,1.712910E+03,1.619709E-01,1.513586E-01,1.903080E+03,1.032021E+03,9.878787E-02,9.119315E-02,3.074334E+03,1.692475E+03,1.595884E-01,1.495530E-01,1.919502E+03,1.114094E+03,9.964033E-02,9.844508E-02
01:40:00,1.015953E+03,2.349172E+03,5.274296E-02,2.075710E-01,3.120234E+03,1.702727E+03,1.619711E-01,1.504589E-01,1.903082E+03,1.025426E+03,9.878802E-02,9.061046E-02,3.074338E+03,1.682572E+03,1.595887E-01,1.486779E-01,1.919505E+03,1.104724E+03,9.964048E-02,9.761710E-02
01:50:00,1.015955E+03,2.344609E+03,5.274303E-02,2.071679E-01,3.120238E+03,1.692916E+03,1.619713E-01,1.495920E-01,1.903085E+03,1.019070E+03,9.878816E-02,9.004879E-02,3.074342E+03,1.673047E+03,1.595889E-01,1.478363E-01,1.919507E+03,1.095732E+03,9.964062E-02,9.682260E-02
02:00:00,1.015956E+03,2.340163E+03,5.274310E-02,2.067751E-01,3.120242E+03,1.683473E+03,1.619715E-01,1.487576E-01,1.903088E+03,1.012948E+03,9.878830E-02,8.950789E-02,3.074346E+03,1.663896E+03,1.595891E-01,1.470277E-01,1.919510E+03,1.087106E+03,9.964076E-02,9.606041E-02
02:10:00,1.015957E+03,2.335832E+03,5.274317E-02,2.063925E-01,3.120246E+03,1.674313E+03,1.619717E-01,1.479482E-01,1.903091E+03,1.007010E+03,9.878843E-02,8.898318E-02,3.074350E+03,1.655035E+03,1.595893E-01,1.462448E-01,1.919513E+03,1.078784E+03,9.964090E-02,9.532511E-02
02:20:00,1.015959E+03,2.331612E+03,5.274323E-02,2.060196E-01,3.120249E+03,1.665432E+03,1.619719E-01,1.471635E-01,1.903093E+03,1.001252E+03,9.878857E-02,8.847441E-02,3.074354E+03,1.646457E+03,1.595895E-01,1.454868E-01,1.919515E+03,1.070755E+03,9.964103E-02,9.461564E-02
02:30:00,1.015960E+03,2.327499E+03,5.274329E-02,2.056562E-01,3.120253E+03,1.656823E+03,1.619721E-01,1.464028E-01,1.903095E+03,9.956705E+02,9.878869E-02,8.798124E-02,3.074358E+03,1.638155E+03,1.595897E-01,1.447533E-01,1.919518E+03,1.063007E+03,9.964115E-02,9.393101E-02
02:40:00,1.015961E+03,2.323489E+03,5.274335E-02,2.053019E-01,3.120257E+03,1.648481E+03,1.619723E-01,1.456657E-01,1.903098E+03,9.902623E+02,9.878881E-02,8.750337E-02,3.074361E+03,1.630124E+03,1.595898E-01,1.440436E-01,1.919520E+03,1.055529E+03,9.964128E-02,9.327031E-02
02:50:00,1.015962E+03,2.319580E+03,5.274341E-02,2.049565E-01,3.120260E+03,1.640402E+03,1.619725E-01,1.449519E-01,1.903100E+03,9.850239E+02,9.878893E-02,8.704050E-02,3.074365E+03,1.622356E+03,1.595900E-01,1.433573E-01,1.919522E+03,1.048313E+03,9.964139E-02,9.263269E-02
03:00:00,1.015963E+03,2.315768E+03,5.274347E-02,2.046197E-01,3.120263E+03,1.632581E+03,1.619726E-01,1.442608E-01,1.903102E+03,9.799522E+02,9.878905E-02,8.659237E-02,3.074368E+03,1.614847E+03,1.595902E-01,1.426938E-01,1.919524E+03,1.041349E+03,9.964151E-02,9.201738E-02
03:10:00,1.015964E+03,2.312050E+03,5.274352E-02,2.042912E-01,3.120267E+03,1.624928E+03,1.619728E-01,1.435846E-01,1.903104E+03,9.749931E+02,9.878916E-02,8.615418E-02,3.074371E+03,1.607509E+03,1.595904E-01,1.420455E-01,1.919527E+03,1.034578E+03,9.964162E-02,9.141908E-02
03:20:00,1.015965E+03,2.308422E+03,5.274358E-02,2.039707E-01,3.120270E+03,1.617439E+03,1.619730E-01,1.429228E-01,1.903107E+03,9.701432E+02,9.878927E-02,8.572565E-02,3.074374E+03,1.600337E+03,1.595905E-01,1.414117E-01,1.919529E+03,1.027991E+03,9.964173E-02,9.083703E-02
03:30:00,1.015966E+03,2.304882E+03,5.274363E-02,2.036579E-01,3.120273E+03,1.610105E+03,1.619731E-01,1.422749E-01,1.903109E+03,9.653984E+02,9.878937E-02,8.530640E-02,3.074377E+03,1.593322E+03,1.595907E-01,1.407919E-01,1.919531E+03,1.021579E+03,9.964184E-02,9.027048E-02
03:40:00,1.015967E+03,2.301424E+03,5.274368E-02,2.033524E-01,3.120276E+03,1.602922E+03,1.619733E-01,1.416401E-01,1.903111E+03,9.607540E+02,9.878948E-02,8.489602E-02,3.074380E+03,1.586458E+03,1.595908E-01,1.401854E-01,1.919533E+03,1.015334E+03,9.964194E-02,8.971867E-02
03:50:00,1.015968E+03,2.298047E+03,5.274373E-02,2.030540E-01,3.120279E+03,1.595881E+03,1.619734E-01,1.410180E-01,1.903113E+03,9.562060E+02,9.878958E-02,8.449415E-02,3.074383E+03,1.579737E+03,1.595910E-01,1.395916E-01,1.919535E+03,1.009248E+03,9.964204E-02,8.918088E-02
04:00:00,1.015969E+03,2.294745E+03,5.274378E-02,2.027622E-01,3.120281E+03,1.588976E+03,1.619736E-01,1.404079E-01,1.903114E+03,9.517499E+02,9.878967E-02,8.410042E-02,3.074386E+03,1.573153E+03,1.595911E-01,1.390097E-01,1.919536E+03,1.003312E+03,9.964213E-02,8.865642E-02
04:10:00,1.015970E+03,2.291516E+03,5.274383E-02,2.024769E-01,3.120284E+03,1.582286E+03,1.619737E-01,1.398167E-01,1.903116E+03,9.474292E+02,9.878977E-02,8.371863E-02,3.074388E+03,1.566774E+03,1.595913E-01,1.384461E-01,1.919538E+03,9.975728E+02,9.964223E-02,8.814929E-02
04:20:00,1.015971E+03,2.288357E+03,5.274387E-02,2.021978E-01,3.120287E+03,1.575797E+03,1.619738E-01,1.392433E-01,1.903118E+03,9.432388E+02,9.878986E-02,8.334837E-02,3.074391E+03,1.560593E+03,1.595914E-01,1.379000E-01,1.919540E+03,9.920179E+02,9.964232E-02,8.765846E-02
04:30:00,1.015972E+03,2.285264E+03,5.274392E-02,2.019246E-01,3.120289E+03,1.569511E+03,1.619740E-01,1.386879E-01,1.903120E+03,9.391799E+02,9.878995E-02,8.298973E-02,3.074394E+03,1.554612E+03,1.595915E-01,1.373715E-01,1.919542E+03,9.866452E+02,9.964241E-02,8.718373E-02
04:40:00,1.015973E+03,2.282238E+03,5.274396E-02,2.016572E-01,3.120292E+03,1.563426E+03,1.619741E-01,1.381503E-01,1.903121E+03,9.352511E+02,9.879003E-02,8.264258E-02,3.074396E+03,1.548829E+03,1.595917E-01,1.368605E-01,1.919543E+03,9.814511E+02,9.964250E-02,8.672478E-02
04:50:00,1.015974E+03,2.279276E+03,5.274400E-02,2.013955E-01,3.120294E+03,1.557543E+03,1.619742E-01,1.376304E-01,1.903123E+03,9.314511E+02,9.879012E-02,8.230681E-02,3.074399E+03,1.543242E+03,1.595918E-01,1.363669E-01,1.919545E+03,9.764319E+02,9.964258E-02,8.628128E-02
05:00:00,1.015974E+03,2.276402E+03,5.274405E-02,2.011415E-01,3.120297E+03,1.553184E+03,1.619744E-01,1.372453E-01,1.903125E+03,9.298955E+02,9.879020E-02,8.216937E-02,3.074401E+03,1.540304E+03,1.595919E-01,1.361073E-01,1.919547E+03,9.723002E+02,9.964266E-02,8.591621E-02
05:10:00,1.015975E+03,2.273726E+03,5.274409E-02,2.009051E-01,3.120299E+03,1.550837E+03,1.619745E-01,1.370380E-01,1.903126E+03,9.348828E+02,9.879028E-02,8.261012E-02,3.074403E+03,1.543756E+03,1.595920E-01,1.364123E-01,1.919548E+03,9.693405E+02,9.964274E-02,8.565471E-02
05:20:00,1.015976E+03,2.271532E+03,5.274413E-02,2.007113E-01,3.120301E+03,1.551161E+03,1.619746E-01,1.370667E-01,1.903128E+03,9.533929E+02,9.879036E-02,8.424592E-02,3.074405E+03,1.556748E+03,1.595921E-01,1.375606E-01,1.919550E+03,9.679215E+02,9.964282E-02,8.552937E-02
05:30:00,1.015977E+03,2.270228E+03,5.274417E-02,2.005961E-01,3.120304E+03,1.554552E+03,1.619747E-01,1.373664E-01,1.903129E+03,9.873780E+02,9.879043E-02,8.724934E-02,3.074408E+03,1.578816E+03,1.595923E-01,1.395109E-01,1.919551E+03,9.682688E+02,9.964290E-02,8.556013E-02
05:40:00,1.015977E+03,2.270200E+03,5.274420E-02,2.005937E-01,3.120306E+03,1.561429E+03,1.619748E-01,1.379742E-01,1.903130E+03,1.037263E+03,9.879051E-02,9.165802E-02,3.074410E+03,1.609399E+03,1.595924E-01,1.422137E-01,1.919553E+03,9.706075E+02,9.964297E-02,8.576686E-02
05:50:00,1.015978E+03,2.271602E+03,5.274424E-02,2.007167E-01,3.120308E+03,1.569758E+03,1.619749E-01,1.387095E-01,1.903132E+03,1.107008E+03,9.879058E-02,9.782101E-02,3.074412E+03,1.648423E+03,1.595925E-01,1.456614E-01,1.919554E+03,9.751824E+02,9.964304E-02,8.617071E-02
06:00:00,1.015979E+03,2.274835E+03,5.274428E-02,2.010007E-01,3.120310E+03,1.579848E+03,1.619750E-01,1.395995E-01,1.903133E+03,1.192522E+03,9.879065E-02,1.053766E-01,3.074414E+03,1.692549E+03,1.595926E-01,1.495590E-01,1.919555E+03,9.797448E+02,9.964311E-02,8.657293E-02
06:10:00,1.015980E+03,2.279905E+03,5.274431E-02,2.014464E-01,3.120312E+03,1.592296E+03,1.619751E-01,1.406974E-01,1.903135E+03,1.291670E+03,9.879072E-02,1.141363E-01,3.074416E+03,1.734006E+03,1.595927E-01,1.532201E-01,1.919557E+03,9.852869E+02,9.964318E-02,8.706135E-02
06:20:00,1.015980E+03,2.286747E+03,5.274435E-02,2.020484E-01,3.120314E+03,1.607025E+03,1.619752E-01,1.419964E-01,1.903136E+03,1.398227E+03,9.879079E-02,1.235501E-01,3.074418E+03,1.770676E+03,1.595928E-01,1.564576E-01,1.919558E+03,9.918104E+02,9.964325E-02,8.763631E-02
06:30:00,1.015981E+03,2.295002E+03,5.274438E-02,2.027753E-01,3.120316E+03,1.621271E+03,1.619753E-01,1.432528E-01,1.903137E+03,1.510158E+03,9.879085E-02,1.334383E-01,3.074420E+03,1.801267E+03,1.595929E-01,1.591579E-01,1.919559E+03,9.989614E+02,9.964331E-02,8.826668E-02
06:40:00,1.015982E+03,2.304296E+03,5.274442E-02,2.035939E-01,3.120317E+03,1.636686E+03,1.619754E-01,1.446123E-01,1.903138E+03,1.626859E+03,9.879091E-02,1.437476E-01,3.074421E+03,1.824035E+03,1.595930E-01,1.611668E-01,1.919560E+03,1.006738E+03,9.964337E-02,8.895228E-02
06:50:00,1.015982E+03,2.314421E+03,5.274445E-02,2.044868E-01,3.120319E+03,1.655881E+03,1.619755E-01,1.463067E-01,1.903139E+03,1.743915E+03,9.879097E-02,1.540885E-01,3.074423E+03,1.837933E+03,1.595931E-01,1.623927E-01,1.919562E+03,1.014999E+03,9.964344E-02,8.968121E-02
07:00:00,1.015983E+03,2.324814E+03,5.274448E-02,2.054039E-01,3.120321E+03,1.678587E+03,1.619756E-01,1.483119E-01,1.903141E+03,1.864919E+03,9.879103E-02,1.647786E-01,3.074425E+03,1.844676E+03,1.595931E-01,1.629870E-01,1.919563E+03,1.025967E+03,9.964349E-02,9.064962E-02
07:10:00,1.015983E+03,2.335296E+03,5.274451E-02,2.063293E-01,3.036986E+03,1.707460E+03,1.576497E-01,1.508622E-01,1.847584E+03,1.988747E+03,9.590712E-02,1.757184E-01,2.991090E+03,1.851936E+03,1.552672E-01,1.636275E-01,1.864006E+03,1.041087E+03,9.675958E-02,9.198512E-02
07:20:00,1.015984E+03,2.345450E+03,5.274454E-02,2.072259E-01,2.953571E+03,1.735032E+03,1.533200E-01,1.532976E-01,1.791971E+03,2.110555E+03,9.302051E-02,1.864793E-01,2.907674E+03,1.856301E+03,1.509374E-01,1.640123E-01,1.808394E+03,1.057027E+03,9.387300E-02,9.339302E-02
07:30:00,1.015984E+03,2.355147E+03,5.274456E-02,2.080821E-01,2.870159E+03,1.765755E+03,1.489905E-01,1.560115E-01,1.736363E+03,2.229125E+03,9.013421E-02,1.969545E-01,2.824262E+03,1.861890E+03,1.466080E-01,1.645053E-01,1.752785E+03,1.074051E+03,9.098670E-02,9.489682E-02
07:40:00,1.015984E+03,2.364281E+03,5.274456E-02,2.088884E-01,2.786703E+03,1.797943E+03,1.446589E-01,1.588547E-01,1.680726E+03,2.342236E+03,8.724656E-02,2.069469E-01,2.740807E+03,1.871717E+03,1.422764E-01,1.653727E-01,1.697148E+03,1.091985E+03,8.809904E-02,9.648093E-02
07:50:00,1.015984E+03,2.373097E+03,5.274452E-02,2.096666E-01,2.703216E+03,1.831170E+03,1.403259E-01,1.617896E-01,1.625069E+03,2.449048E+03,8.435797E-02,2.163825E-01,2.657321E+03,1.887234E+03,1.379435E-01,1.667427E-01,1.641491E+03,1.110859E+03,8.521044E-02,9.814795E-02
08:00:00,1.015982E+03,2.381941E+03,5.274444E-02,2.104475E-01,2.619701E+03,1.864123E+03,1.359916E-01,1.647005E-01,1.569394E+03,2.546835E+03,8.146857E-02,2.250208E-01,2.573809E+03,1.907782E+03,1.336093E-01,1.685575E-01,1.585816E+03,1.130065E+03,8.232103E-02,9.984450E-02
08:10:00,1.015979E+03,2.391078E+03,5.274430E-02,2.112545E-01,2.619500E+03,1.893134E+03,1.359822E-01,1.672631E-01,1.569263E+03,2.633349E+03,8.146244E-02,2.326634E-01,2.573610E+03,1.929884E+03,1.336000E-01,1.705097E-01,1.585684E+03,1.146967E+03,8.231488E-02,1.013375E-01
08:20:00,1.015975E+03,2.400870E+03,5.274409E-02,2.121196E-01,2.619358E+03,1.925078E+03,1.359757E-01,1.700852E-01,1.569174E+03,2.711400E+03,8.145838E-02,2.395585E-01,2.573471E+03,1.955993E+03,1.335936E-01,1.728163E-01,1.585594E+03,1.162988E+03,8.231077E-02,1.027527E-01
08:30:00,1.015970E+03,2.411514E+03,5.274382E-02,2.130598E-01,2.619196E+03,1.957806E+03,1.359681E-01,1.729763E-01,1.569070E+03,2.780759E+03,8.145346E-02,2.456854E-01,2.573312E+03,1.983776E+03,1.335861E-01,1.752705E-01,1.585489E+03,1.179141E+03,8.230583E-02,1.041796E-01
08:40:00,1.015964E+03,2.423201E+03,5.274350E-02,2.140923E-01,2.619062E+03,1.990863E+03,1.359618E-01,1.758966E-01,1.568983E+03,2.842234E+03,8.144940E-02,2.511161E-01,2.573179E+03,2.012543E+03,1.335799E-01,1.778118E-01,1.585402E+03,1.195652E+03,8.230175E-02,1.056382E-01
08:50:00,1.015957E+03,2.435835E+03,5.274313E-02,2.152088E-01,2.618946E+03,2.023716E+03,1.359563E-01,1.787993E-01,1.568908E+03,2.895589E+03,8.144584E-02,2.558299E-01,2.573064E+03,2.041989E+03,1.335744E-01,1.804135E-01,1.585327E+03,1.212464E+03,8.229819E-02,1.071236E-01
09:00:00,1.015949E+03,2.449219E+03,5.274274E-02,2.163915E-01,2.618845E+03,2.057199E+03,1.359515E-01,1.817577E-01,1.568843E+03,2.940338E+03,8.144270E-02,2.597836E-01,2.572963E+03,2.071901E+03,1.335696E-01,1.830565E-01,1.585261E+03,1.229520E+03,8.229504E-02,1.086306E-01
09:10:00,1.015941E+03,2.463163E+03,5.274233E-02,2.176236E-01,2.618756E+03,2.091350E+03,1.359472E-01,1.847750E-01,1.568785E+03,2.976023E+03,8.143992E-02,2.629364E-01,2.572875E+03,2.104690E+03,1.335653E-01,1.859534E-01,1.585203E+03,1.246629E+03,8.229226E-02,1.101422E-01
09:20:00,1.015933E+03,2.477615E+03,5.274192E-02,2.189007E-01,2.618678E+03,2.126472E+03,1.359434E-01,1.878783E-01,1.568734E+03,3.000166E+03,8.143745E-02,2.650696E-01,2.572797E+03,2.138381E+03,1.335616E-01,1.889303E-01,1.585153E+03,1.265395E+03,8.228980E-02,1.118003E-01
09:30:00,1.015925E+03,2.492383E+03,5.274150E-02,2.202055E-01,2.618610E+03,2.163427E+03,1.359401E-01,1.911434E-01,1.568689E+03,3.010331E+03,8.143527E-02,2.659677E-01,2.572729E+03,2.172361E+03,1.335582E-01,1.919326E-01,1.585108E+03,1.284625E+03,8.228761E-02,1.134993E-01
09:40:00,1.015917E+03,2.507398E+03,5.274109E-02,2.215321E-01,2.618550E+03,2.206312E+03,1.359372E-01,1.949323E-01,1.568650E+03,3.004657E+03,8.143334E-02,2.654663E-01,2.572669E+03,2.207673E+03,1.335553E-01,1.950525E-01,1.585069E+03,1.304724E+03,8.228568E-02,1.152752E-01
09:50:00,1.015910E+03,2.522556E+03,5.274069E-02,2.228711E-01,2.618498E+03,2.255497E+03,1.359346E-01,1.992777E-01,1.568615E+03,2.984110E+03,8.143162E-02,2.636506E-01,2.572616E+03,2.243160E+03,1.335527E-01,1.981875E-01,1.585034E+03,1.325075E+03,8.228397E-02,1.170730E-01
10:00:00,1.015902E+03,2.537869E+03,5.274031E-02,2.242240E-01,2.618451E+03,2.310540E+03,1.359323E-01,2.041408E-01,1.568585E+03,2.948891E+03,8.143010E-02,2.605387E-01,2.572569E+03,2.278622E+03,1.335504E-01,2.013206E-01,1.585003E+03,1.345573E+03,8.228246E-02,1.188840E-01
10:10:00,1.015895E+03,2.553254E+03,5.273994E-02,2.255835E-01,2.618410E+03,2.371489E+03,1.359303E-01,2.095260E-01,1.568557E+03,2.899133E+03,8.142876E-02,2.561427E-01,2.572528E+03,2.311171E+03,1.335484E-01,2.041966E-01,1.584976E+03,1.365929E+03,8.228111E-02,1.206826E-01
10:20:00,1.015889E+03,2.568566E+03,5.273959E-02,2.269364E-01,2.618374E+03,2.438352E+03,1.359285E-01,2.154336E-01,1.568533E+03,2.837408E+03,8.142756E-02,2.506891E-01,2.572492E+03,2.342513E+03,1.335465E-01,2.069657E-01,1.584952E+03,1.386203E+03,8.227992E-02,1.224739E-01
10:30:00,1.015882E+03,2.583873E+03,5.273926E-02,2.282894E-01,2.618342E+03,2.510424E+03,1.359269E-01,2.218020E-01,1.568512E+03,2.766744E+03,8.142649E-02,2.444463E-01,2.572459E+03,2.373110E+03,1.335449E-01,2.096695E-01,1.584931E+03,1.406366E+03,8.227886E-02,1.242556E-01
10:40:00,1.015876E+03,2.599029E+03,5.273895E-02,2.296292E-01,2.618314E+03,2.583609E+03,1.359254E-01,2.282690E-01,1.568493E+03,2.689860E+03,8.142553E-02,2.376540E-01,2.572431E+03,2.401710E+03,1.335435E-01,2.121971E-01,1.584912E+03,1.425694E+03,8.227791E-02,1.259638E-01
10:50:00,1.015870E+03,2.613939E+03,5.273865E-02,2.309470E-01,2.618288E+03,2.657714E+03,1.359242E-01,2.348169E-01,1.568476E+03,2.606942E+03,8.142468E-02,2.303285E-01,2.572405E+03,2.429275E+03,1.335422E-01,2.146330E-01,1.584895E+03,1.444616E+03,8.227706E-02,1.276358E-01
11:00:00,1.015865E+03,2.628619E+03,5.273837E-02,2.322444E-01,2.618266E+03,2.732140E+03,1.359230E-01,2.413931E-01,1.568461E+03,2.519448E+03,8.142391E-02,2.225984E-01,2.572382E+03,2.456011E+03,1.335410E-01,2.169955E-01,1.584880E+03,1.463185E+03,8.227629E-02,1.292767E-01
11:10:00,1.015860E+03,2.642988E+03,5.273811E-02,2.335144E-01,2.618246E+03,2.805893E+03,1.359220E-01,2.479099E-01,1.568447E+03,2.429045E+03,8.142322E-02,2.146114E-01,2.572362E+03,2.481662E+03,1.335400E-01,2.192624E-01,1.584867E+03,1.481445E+03,8.227561E-02,1.308903E-01
11:20:00,1.015855E+03,2.657013E+03,5.273787E-02,2.347540E-01,2.618227E+03,2.878206E+03,1.359211E-01,2.542996E-01,1.568435E+03,2.338737E+03,8.142260E-02,2.066328E-01,2.572343E+03,2.506303E+03,1.335391E-01,2.214399E-01,1.584855E+03,1.499194E+03,8.227499E-02,1.324587E-01
11:30:00,1.015851E+03,2.670636E+03,5.273764E-02,2.359578E-01,2.618211E+03,2.948430E+03,1.359203E-01,2.605042E-01,1.568424E+03,2.258037E+03,8.142204E-02,1.995030E-01,2.572327E+03,2.529925E+03,1.335382E-01,2.235271E-01,1.584844E+03,1.516407E+03,8.227443E-02,1.339796E-01
11:40:00,1.015847E+03,2.684002E+03,5.273743E-02,2.371391E-01,2.618196E+03,3.016076E+03,1.359195E-01,2.664813E-01,1.568414E+03,2.189295E+03,8.142153E-02,1.934297E-01,2.572312E+03,2.552674E+03,1.335375E-01,2.255374E-01,1.584834E+03,1.533066E+03,8.227392E-02,1.354517E-01
11:50:00,1.015843E+03,2.697082E+03,5.273723E-02,2.382960E-01,2.618182E+03,3.080586E+03,1.359188E-01,2.721825E-01,1.568405E+03,2.133248E+03,8.142106E-02,1.884787E-01,2.572298E+03,2.574549E+03,1.335368E-01,2.274713E-01,1.584824E+03,1.547434E+03,8.227345E-02,1.367219E-01
12:00:00,1.015839E+03,2.709772E+03,5.273704E-02,2.394183E-01,2.618170E+03,3.141408E+03,1.359182E-01,2.775575E-01,1.568397E+03,2.090211E+03,8.142063E-02,1.846772E-01,2.572285E+03,2.595475E+03,1.335361E-01,2.293212E-01,1.584816E+03,1.560589E+03,8.227303E-02,1.378848E-01
12:10:00,1.015836E+03,2.722166E+03,5.273686E-02,2.405142E-01,2.618159E+03,3.198305E+03,1.359176E-01,2.825854E-01,1.568389E+03,2.060264E+03,8.142024E-02,1.820320E-01,2.572274E+03,2.615730E+03,1.335355E-01,2.311117E-01,1.584809E+03,1.572928E+03,8.227264E-02,1.389755E-01
12:20:00,1.015833E+03,2.734262E+03,5.273670E-02,2.415838E-01,2.618148E+03,3.250861E+03,1.359171E-01,2.872298E-01,1.568382E+03,2.041875E+03,8.141988E-02,1.804081E-01,2.572263E+03,2.635339E+03,1.335350E-01,2.328451E-01,1.584802E+03,1.584482E+03,8.227228E-02,1.399967E-01
12:30:00,1.015830E+03,2.746039E+03,5.273654E-02,2.426252E-01,2.618139E+03,3.298709E+03,1.359166E-01,2.914583E-01,1.568375E+03,2.026704E+03,8.141954E-02,1.790684E-01,2.572254E+03,2.654319E+03,1.335345E-01,2.345229E-01,1.584795E+03,1.595276E+03,8.227194E-02,1.409510E-01
12:40:00,1.015827E+03,2.757621E+03,5.273640E-02,2.436490E-01,2.618130E+03,3.341635E+03,1.359161E-01,2.952515E-01,1.568369E+03,2.013448E+03,8.141923E-02,1.778976E-01,2.572245E+03,2.672794E+03,1.335340E-01,2.361557E-01,1.584789E+03,1.605413E+03,8.227163E-02,1.418469E-01
12:50:00,1.015824E+03,2.768591E+03,5.273626E-02,2.446201E-01,2.618121E+03,3.379109E+03,1.359157E-01,2.985643E-01,1.568364E+03,2.001746E+03,8.141894E-02,1.768649E-01,2.572236E+03,2.690469E+03,1.335336E-01,2.377191E-01,1.584783E+03,1.616457E+03,8.227134E-02,1.428237E-01
13:00:00,1.015822E+03,2.779208E+03,5.273613E-02,2.455602E-01,2.618113E+03,3.410954E+03,1.359153E-01,3.013802E-01,1.568358E+03,1.993270E+03,8.141867E-02,1.761173E-01,2.572228E+03,2.707541E+03,1.335332E-01,2.392294E-01,1.584778E+03,1.627390E+03,8.227107E-02,1.437908E-01
13:10:00,1.015819E+03,2.789320E+03,5.273600E-02,2.464556E-01,2.618106E+03,3.436908E+03,1.359149E-01,3.036756E-01,1.568353E+03,1.986526E+03,8.141841E-02,1.755229E-01,2.572221E+03,2.723843E+03,1.335328E-01,2.406717E-01,1.584773E+03,1.637862E+03,8.227082E-02,1.447173E-01
13:20:00,1.015817E+03,2.798898E+03,5.273589E-02,2.473040E-01,2.618099E+03,3.456856E+03,1.359145E-01,3.054404E-01,1.568349E+03,1.981056E+03,8.141817E-02,1.750409E-01,2.572214E+03,2.739344E+03,1.335325E-01,2.420433E-01,1.584769E+03,1.647617E+03,8.227058E-02,1.455803E-01
13:30:00,1.015815E+03,2.807905E+03,5.273578E-02,2.481018E-01,2.618093E+03,3.470754E+03,1.359142E-01,3.066706E-01,1.568344E+03,1.976647E+03,8.141794E-02,1.746526E-01,2.572207E+03,2.753993E+03,1.335321E-01,2.433396E-01,1.584764E+03,1.662386E+03,8.227035E-02,1.468865E-01
13:40:00,1.015813E+03,2.816109E+03,5.273567E-02,2.488287E-01,2.618087E+03,3.478355E+03,1.359139E-01,3.073444E-01,1.568340E+03,1.972988E+03,8.141773E-02,1.743306E-01,2.572201E+03,2.767582E+03,1.335318E-01,2.445423E-01,1.584760E+03,1.686991E+03,8.227014E-02,1.490617E-01
13:50:00,1.015811E+03,2.823986E+03,5.273557E-02,2.495249E-01,2.618081E+03,3.480015E+03,1.359136E-01,3.074910E-01,1.568336E+03,1.970093E+03,8.141752E-02,1.740750E-01,2.572195E+03,2.780455E+03,1.335315E-01,2.456799E-01,1.584756E+03,1.723787E+03,8.226993E-02,1.523132E-01
14:00:00,1.015809E+03,2.831273E+03,5.273548E-02,2.501687E-01,2.618075E+03,3.475739E+03,1.359133E-01,3.071130E-01,1.568332E+03,1.965901E+03,8.141733E-02,1.737047E-01,2.572190E+03,2.792394E+03,1.335312E-01,2.467347E-01,1.584752E+03,1.774320E+03,8.226974E-02,1.567785E-01
14:10:00,1.015808E+03,2.838106E+03,5.273538E-02,2.507724E-01,2.618070E+03,3.465621E+03,1.359130E-01,3.062187E-01,1.568329E+03,1.961405E+03,8.141714E-02,1.733075E-01,2.572184E+03,2.803334E+03,1.335309E-01,2.477013E-01,1.584749E+03,1.839942E+03,8.226955E-02,1.625772E-01
14:20:00,1.015806E+03,2.844504E+03,5.273530E-02,2.513376E-01,2.618065E+03,3.449880E+03,1.359127E-01,3.048277E-01,1.568325E+03,1.956757E+03,8.141696E-02,1.728968E-01,2.572179E+03,2.813256E+03,1.335307E-01,2.485779E-01,1.584745E+03,1.921943E+03,8.226937E-02,1.698231E-01
14:30:00,1.015804E+03,2.850499E+03,5.273521E-02,2.518673E-01,2.618060E+03,3.428780E+03,1.359125E-01,3.029631E-01,1.568322E+03,1.951871E+03,8.141679E-02,1.724650E-01,2.572174E+03,2.822163E+03,1.335304E-01,2.493649E-01,1.584742E+03,2.015354E+03,8.226920E-02,1.780773E-01
14:40:00,1.015803E+03,2.856082E+03,5.273513E-02,2.523605E-01,2.618055E+03,3.402709E+03,1.359122E-01,3.006594E-01,1.568319E+03,1.946894E+03,8.141663E-02,1.720253E-01,2.572170E+03,2.830020E+03,1.335302E-01,2.500590E-01,1.584739E+03,2.115747E+03,8.226904E-02,1.869483E-01
14:50:00,1.015801E+03,2.861069E+03,5.273505E-02,2.528002E-01,2.618050E+03,3.371955E+03,1.359120E-01,2.979408E-01,1.568316E+03,1.941508E+03,8.141647E-02,1.715489E-01,2.572165E+03,2.836654E+03,1.335299E-01,2.506442E-01,1.584736E+03,2.221145E+03,8.226888E-02,1.962607E-01
15:00:00,1.015800E+03,2.865609E+03,5.273498E-02,2.531993E-01,2.618046E+03,3.337151E+03,1.359118E-01,2.948633E-01,1.568313E+03,1.935691E+03,8.141632E-02,1.710336E-01,2.572161E+03,2.842180E+03,1.335297E-01,2.511304E-01,1.584733E+03,2.330041E+03,8.226873E-02,2.058809E-01
15:10:00,1.015798E+03,2.869649E+03,5.273491E-02,2.535541E-01,2.618042E+03,3.297591E+03,1.359116E-01,2.913657E-01,1.568310E+03,1.928358E+03,8.141617E-02,1.703845E-01,2.572157E+03,2.842256E+03,1.335295E-01,2.511351E-01,1.584730E+03,2.442184E+03,8.226858E-02,2.157877E-01
15:20:00,1.015797E+03,2.873079E+03,5.273484E-02,2.538552E-01,2.618038E+03,3.256483E+03,1.359113E-01,2.877313E-01,1.568307E+03,1.920313E+03,8.141603E-02,1.696724E-01,2.572153E+03,2.839762E+03,1.335293E-01,2.509126E-01,1.584727E+03,2.555211E+03,8.226844E-02,2.257724E-01
15:30:00,1.015796E+03,2.875856E+03,5.273477E-02,2.540984E-01,2.618034E+03,3.216245E+03,1.359111E-01,2.841739E-01,1.568305E+03,1.911464E+03,8.141589E-02,1.688892E-01,2.572149E+03,2.835271E+03,1.335291E-01,2.505138E-01,1.584725E+03,2.666684E+03,8.226831E-02,2.356196E-01
15:40:00,1.015794E+03,2.877960E+03,5.273470E-02,2.542822E-01,2.618030E+03,3.177698E+03,1.359109E-01,2.807660E-01,1.568302E+03,1.901520E+03,8.141576E-02,1.680094E-01,2.572145E+03,2.828811E+03,1.335289E-01,2.499409E-01,1.584722E+03,2.772131E+03,8.226817E-02,2.449343E-01
15:50:00,1.015793E+03,2.879447E+03,5.273464E-02,2.544119E-01,2.618026E+03,3.141846E+03,1.359107E-01,2.775965E-01,1.568300E+03,1.890643E+03,8.141563E-02,1.670472E-01,2.572141E+03,2.820429E+03,1.335287E-01,2.491986E-01,1.584720E+03,2.869717E+03,8.226805E-02,2.535545E-01
16:00:00,1.015792E+03,2.880222E+03,5.273458E-02,2.544794E-01,2.618023E+03,3.109356E+03,1.359106E-01,2.747249E-01,1.568297E+03,1.878802E+03,8.141551E-02,1.660005E-01,2.572138E+03,2.810012E+03,1.335285E-01,2.482772E-01,1.584717E+03,2.958105E+03,8.226792E-02,2.613627E-01
16:10:00,1.015791E+03,2.880255E+03,5.273452E-02,2.544814E-01,2.618019E+03,3.081989E+03,1.359104E-01,2.723060E-01,1.568295E+03,1.867114E+03,8.141539E-02,1.649672E-01,2.572134E+03,2.801976E+03,1.335283E-01,2.475663E-01,1.584715E+03,3.034964E+03,8.226780E-02,2.681523E-01
16:20:00,1.015790E+03,2.879596E+03,5.273446E-02,2.544222E-01,2.618016E+03,3.057284E+03,1.359102E-01,2.701223E-01,1.568293E+03,1.854680E+03,8.141527E-02,1.638680E-01,2.572131E+03,2.793341E+03,1.335282E-01,2.468024E-01,1.584713E+03,3.100246E+03,8.226769E-02,2.739191E-01
16:30:00,1.015789E+03,2.878238E+03,5.273440E-02,2.543013E-01,2.618013E+03,3.033356E+03,1.359100E-01,2.680072E-01,1.568291E+03,1.843326E+03,8.141516E-02,1.628642E-01,2.572128E+03,2.783488E+03,1.335280E-01,2.459310E-01,1.584711E+03,3.154327E+03,8.226757E-02,2.786962E-01
16:40:00,1.015788E+03,2.876164E+03,5.273435E-02,2.541172E-01,2.618009E+03,3.009887E+03,1.359099E-01,2.659328E-01,1.568289E+03,1.831780E+03,8.141505E-02,1.618435E-01,2.572125E+03,2.772169E+03,1.335278E-01,2.449300E-01,1.584708E+03,3.199896E+03,8.226746E-02,2.827212E-01
16:50:00,1.015787E+03,2.873434E+03,5.273429E-02,2.538756E-01,2.618006E+03,2.986411E+03,1.359097E-01,2.638583E-01,1.568286E+03,1.819854E+03,8.141494E-02,1.607896E-01,2.572121E+03,2.759485E+03,1.335277E-01,2.438089E-01,1.584706E+03,3.237373E+03,8.226736E-02,2.860319E-01
17:00:00,1.015786E+03,2.869920E+03,5.273424E-02,2.535651E-01,2.618003E+03,2.962351E+03,1.359096E-01,2.617325E-01,1.568284E+03,1.807388E+03,8.141484E-02,1.596882E-01,2.572118E+03,2.745333E+03,1.335275E-01,2.425585E-01,1.584704E+03,3.266537E+03,8.226725E-02,2.886085E-01
17:10:00,1.015785E+03,2.865588E+03,5.273419E-02,2.531820E-01,2.618000E+03,2.937445E+03,1.359094E-01,2.595316E-01,1.568283E+03,1.794319E+03,8.141474E-02,1.585333E-01,2.572116E+03,2.729766E+03,1.335274E-01,2.411828E-01,1.584702E+03,3.287183E+03,8.226715E-02,2.904321E-01
17:20:00,1.015784E+03,2.860528E+03,5.273414E-02,2.527344E-01,2.617998E+03,2.911516E+03,1.359093E-01,2.572402E-01,1.568281E+03,1.780632E+03,8.141464E-02,1.573237E-01,2.572113E+03,2.713143E+03,1.335272E-01,2.397136E-01,1.584701E+03,3.298358E+03,8.226705E-02,2.914188E-01
17:30:00,1.015783E+03,2.854876E+03,5.273409E-02,2.522345E-01,2.617995E+03,2.887798E+03,1.359091E-01,2.551441E-01,1.568279E+03,1.764483E+03,8.141454E-02,1.558965E-01,2.572110E+03,2.697166E+03,1.335271E-01,2.383015E-01,1.584699E+03,3.299094E+03,8.226696E-02,2.914831E-01
17:40:00,1.015782E+03,2.848898E+03,5.273404E-02,2.517058E-01,2.617992E+03,2.863806E+03,1.359090E-01,2.530238E-01,1.568277E+03,1.747141E+03,8.141445E-02,1.543639E-01,2.572107E+03,2.686107E+03,1.335269E-01,2.373239E-01,1.584697E+03,3.289282E+03,8.226687E-02,2.906156E-01
17:50:00,1.015781E+03,2.842843E+03,5.273400E-02,2.511704E-01,2.617989E+03,2.837323E+03,1.359088E-01,2.506835E-01,1.568275E+03,1.727988E+03,8.141436E-02,1.526714E-01,2.572105E+03,2.679414E+03,1.335268E-01,2.367321E-01,1.584695E+03,3.266731E+03,8.226677E-02,2.886225E-01
18:00:00,1.015780E+03,2.836862E+03,5.273395E-02,2.506414E-01,2.617987E+03,2.809150E+03,1.359087E-01,2.481938E-01,1.568274E+03,1.707751E+03,8.141427E-02,1.508832E-01,2.572102E+03,2.678943E+03,1.335267E-01,2.366900E-01,1.584694E+03,3.233267E+03,8.226669E-02,2.856652E-01
18:10:00,1.015779E+03,2.831069E+03,5.273391E-02,2.501295E-01,2.701321E+03,2.779175E+03,1.402349E-01,2.455453E-01,1.623830E+03,1.686546E+03,8.429837E-02,1.490095E-01,2.655436E+03,2.684473E+03,1.378528E-01,2.371784E-01,1.640250E+03,3.188940E+03,8.515079E-02,2.817486E-01
18:20:00,1.015778E+03,2.825369E+03,5.273386E-02,2.496258E-01,2.784682E+03,2.750260E+03,1.445623E-01,2.429906E-01,1.679405E+03,1.664671E+03,8.718336E-02,1.470768E-01,2.738797E+03,2.694410E+03,1.421803E-01,2.380565E-01,1.695824E+03,3.134439E+03,8.803577E-02,2.769333E-01
18:30:00,1.015778E+03,2.819543E+03,5.273382E-02,2.491111E-01,2.868078E+03,2.717011E+03,1.488913E-01,2.400530E-01,1.735002E+03,1.642065E+03,9.006937E-02,1.450796E-01,2.822192E+03,2.704290E+03,1.465093E-01,2.389295E-01,1.751422E+03,3.070180E+03,9.092179E-02,2.712559E-01
18:40:00,1.015777E+03,2.813161E+03,5.273380E-02,2.485472E-01,2.951522E+03,2.681266E+03,1.532226E-01,2.368948E-01,1.790631E+03,1.618746E+03,9.295683E-02,1.430193E-01,2.905635E+03,2.709030E+03,1.508405E-01,2.393482E-01,1.807051E+03,2.995699E+03,9.380926E-02,2.646753E-01
18:50:00,1.015777E+03,2.805774E+03,5.273380E-02,2.478946E-01,3.035006E+03,2.645299E+03,1.575556E-01,2.337171E-01,1.846286E+03,1.597271E+03,9.584542E-02,1.411219E-01,2.989117E+03,2.709970E+03,1.551734E-01,2.394313E-01,1.862707E+03,2.912858E+03,9.669787E-02,2.573561E-01
19:00:00,1.015778E+03,2.797041E+03,5.273383E-02,2.471230E-01,3.118522E+03,2.608044E+03,1.618901E-01,2.304255E-01,1.901961E+03,1.575963E+03,9.873494E-02,1.392393E-01,3.072631E+03,2.701147E+03,1.595078E-01,2.386517E-01,1.918383E+03,2.821785E+03,9.958740E-02,2.493096E-01
19:10:00,1.015780E+03,2.786717E+03,5.273393E-02,2.462109E-01,3.118728E+03,2.577877E+03,1.618994E-01,2.277603E-01,1.902096E+03,1.558197E+03,9.874104E-02,1.376697E-01,3.072835E+03,2.687000E+03,1.595170E-01,2.374018E-01,1.918518E+03,2.723188E+03,9.959353E-02,2.405984E-01
19:20:00,1.015783E+03,2.774643E+03,5.273410E-02,2.451441E-01,3.118930E+03,2.544287E+03,1.619086E-01,2.247927E-01,1.902227E+03,1.539886E+03,9.874692E-02,1.360519E-01,3.073033E+03,2.662157E+03,1.595261E-01,2.352070E-01,1.918649E+03,2.614638E+03,9.959943E-02,2.310080E-01
19:30:00,1.015787E+03,2.760690E+03,5.273433E-02,2.439113E-01,3.119115E+03,2.508851E+03,1.619170E-01,2.216621E-01,1.902347E+03,1.521002E+03,9.875237E-02,1.343837E-01,3.073217E+03,2.623621E+03,1.595344E-01,2.318024E-01,1.918770E+03,2.494428E+03,9.960489E-02,2.203875E-01
19:40:00,1.015793E+03,2.744782E+03,5.273464E-02,2.425058E-01,3.119268E+03,2.472374E+03,1.619239E-01,2.184397E-01,1.902446E+03,1.501636E+03,9.875686E-02,1.326729E-01,3.073369E+03,2.573156E+03,1.595413E-01,2.273440E-01,1.918869E+03,2.368309E+03,9.960939E-02,2.092451E-01
19:50:00,1.015800E+03,2.727034E+03,5.273500E-02,2.409377E-01,3.119395E+03,2.434650E+03,1.619298E-01,2.151071E-01,1.902528E+03,1.479979E+03,9.876066E-02,1.307598E-01,3.073495E+03,2.513859E+03,1.595472E-01,2.221053E-01,1.918951E+03,2.243484E+03,9.961318E-02,1.982168E-01
20:00:00,1.015808E+03,2.707774E+03,5.273541E-02,2.392361E-01,3.119502E+03,2.397642E+03,1.619348E-01,2.118377E-01,1.902598E+03,1.458014E+03,9.876391E-02,1.288194E-01,3.073602E+03,2.453625E+03,1.595522E-01,2.167839E-01,1.919021E+03,2.124384E+03,9.961644E-02,1.876946E-01
20:10:00,1.015816E+03,2.687524E+03,5.273584E-02,2.374472E-01,3.119593E+03,2.354196E+03,1.619391E-01,2.079999E-01,1.902657E+03,1.432896E+03,9.876673E-02,1.266006E-01,3.073693E+03,2.389543E+03,1.595565E-01,2.111228E-01,1.919080E+03,2.013646E+03,9.961925E-02,1.779112E-01
20:20:00,1.015825E+03,2.666747E+03,5.273628E-02,2.356119E-01,3.119670E+03,2.312421E+03,1.619429E-01,2.043097E-01,1.902707E+03,1.408665E+03,9.876916E-02,1.244602E-01,3.073771E+03,2.328804E+03,1.595602E-01,2.057570E-01,1.919131E+03,1.916361E+03,9.962168E-02,1.693165E-01
20:30:00,1.015833E+03,2.646018E+03,5.273672E-02,2.337810E-01,3.119737E+03,2.273384E+03,1.619461E-01,2.008614E-01,1.902751E+03,1.385731E+03,9.877128E-02,1.224344E-01,3.073838E+03,2.277738E+03,1.595635E-01,2.012459E-01,1.919174E+03,1.837015E+03,9.962379E-02,1.623065E-01
20:40:00,1.015842E+03,2.625971E+03,5.273715E-02,2.320106E-01,3.119794E+03,2.237391E+03,1.619489E-01,1.976823E-01,1.902789E+03,1.364313E+03,9.877312E-02,1.205427E-01,3.073896E+03,2.236172E+03,1.595663E-01,1.975744E-01,1.919212E+03,1.772562E+03,9.962562E-02,1.566127E-01
20:50:00,1.015850E+03,2.606938E+03,5.273756E-02,2.303302E-01,3.119843E+03,2.204862E+03,1.619513E-01,1.948098E-01,1.902821E+03,1.344694E+03,9.877472E-02,1.188102E-01,3.073945E+03,2.200565E+03,1.595687E-01,1.944299E-01,1.919244E+03,1.718036E+03,9.962722E-02,1.517962E-01
21:00:00,1.015857E+03,2.589093E+03,5.273796E-02,2.287549E-01,3.119886E+03,2.174472E+03,1.619534E-01,1.921262E-01,1.902849E+03,1.326178E+03,9.877611E-02,1.171752E-01,3.073989E+03,2.167621E+03,1.595709E-01,1.915206E-01,1.919272E+03,1.669093E+03,9.962861E-02,1.474730E-01
21:10:00,1.015864E+03,2.572398E+03,5.273834E-02,2.272808E-01,3.119923E+03,2.145698E+03,1.619552E-01,1.895850E-01,1.902874E+03,1.308509E+03,9.877734E-02,1.156147E-01,3.074026E+03,2.136606E+03,1.595727E-01,1.887815E-01,1.919297E+03,1.624530E+03,9.962983E-02,1.435365E-01
21:20:00,1.015871E+03,2.556833E+03,5.273870E-02,2.259064E-01,3.119955E+03,2.118468E+03,1.619568E-01,1.871801E-01,1.902895E+03,1.291677E+03,9.877841E-02,1.141281E-01,3.074059E+03,2.107405E+03,1.595743E-01,1.862025E-01,1.919318E+03,1.583812E+03,9.963090E-02,1.399396E-01
21:30:00,1.015878E+03,2.542525E+03,5.273903E-02,2.246431E-01,3.119984E+03,2.092887E+03,1.619583E-01,1.849208E-01,1.902914E+03,1.275769E+03,9.877936E-02,1.127232E-01,3.074087E+03,2.080096E+03,1.595758E-01,1.837905E-01,1.919337E+03,1.546609E+03,9.963185E-02,1.366533E-01
21:40:00,1.015884E+03,2.528892E+03,5.273935E-02,2.234406E-01,3.120009E+03,2.068320E+03,1.619595E-01,1.827524E-01,1.902931E+03,1.260423E+03,9.878021E-02,1.113687E-01,3.074112E+03,2.054031E+03,1.595770E-01,1.814898E-01,1.919353E+03,1.512227E+03,9.963269E-02,1.336169E-01
21:50:00,1.015890E+03,2.516227E+03,5.273964E-02,2.223235E-01,3.120031E+03,2.045043E+03,1.619606E-01,1.806977E-01,1.902945E+03,1.245822E+03,9.878095E-02,1.100798E-01,3.074134E+03,2.029498E+03,1.595782E-01,1.793241E-01,1.919368E+03,1.480538E+03,9.963343E-02,1.308183E-01
22:00:00,1.015895E+03,2.504344E+03,5.273991E-02,2.212754E-01,3.120050E+03,2.022869E+03,1.619616E-01,1.787405E-01,1.902959E+03,1.231876E+03,9.878162E-02,1.088487E-01,3.074154E+03,2.006240E+03,1.595792E-01,1.772710E-01,1.919381E+03,1.451197E+03,9.963410E-02,1.282271E-01
22:10:00,1.015900E+03,2.493183E+03,5.274017E-02,2.202911E-01,3.120067E+03,2.001867E+03,1.619625E-01,1.768866E-01,1.902970E+03,1.218597E+03,9.878222E-02,1.076766E-01,3.074172E+03,1.984270E+03,1.595801E-01,1.753317E-01,1.919393E+03,1.424039E+03,9.963469E-02,1.258288E-01
22:20:00,1.015904E+03,2.482686E+03,5.274041E-02,2.193654E-01,3.120083E+03,1.981968E+03,1.619633E-01,1.751303E-01,1.902981E+03,1.205936E+03,9.878276E-02,1.065591E-01,3.074187E+03,1.963486E+03,1.595809E-01,1.734972E-01,1.919403E+03,1.398849E+03,9.963523E-02,1.236043E-01
22:30:00,1.015909E+03,2.472563E+03,5.274063E-02,2.184728E-01,3.120097E+03,1.962817E+03,1.619640E-01,1.734401E-01,1.902990E+03,1.193698E+03,9.878324E-02,1.054789E-01,3.074202E+03,1.943544E+03,1.595816E-01,1.717371E-01,1.919413E+03,1.375289E+03,9.963572E-02,1.215238E-01
22:40:00,1.015912E+03,2.463200E+03,5.274083E-02,2.176457E-01,3.120110E+03,1.944768E+03,1.619647E-01,1.718455E-01,1.902999E+03,1.182103E+03,9.878369E-02,1.044544E-01,3.074214E+03,1.924790E+03,1.595823E-01,1.700801E-01,1.919421E+03,1.353452E+03,9.963616E-02,1.195945E-01
22:50:00,1.015916E+03,2.454253E+03,5.274102E-02,2.168553E-01,3.120121E+03,1.927455E+03,1.619653E-01,1.703158E-01,1.903007E+03,1.170934E+03,9.878409E-02,1.034676E-01,3.074226E+03,1.906826E+03,1.595829E-01,1.684929E-01,1.919429E+03,1.333026E+03,9.963656E-02,1.177897E-01
23:00:00,1.015920E+03,2.445790E+03,5.274120E-02,2.161076E-01,3.120132E+03,1.910906E+03,1.619658E-01,1.688535E-01,1.903014E+03,1.160204E+03,9.878446E-02,1.025195E-01,3.074237E+03,1.889730E+03,1.595834E-01,1.669823E-01,1.919436E+03,1.313913E+03,9.963693E-02,1.161009E-01
23:10:00,1.015923E+03,2.437754E+03,5.274136E-02,2.153976E-01,3.120142E+03,1.894887E+03,1.619663E-01,1.674381E-01,1.903020E+03,1.149812E+03,9.878480E-02,1.016012E-01,3.074247E+03,1.873296E+03,1.595839E-01,1.655302E-01,1.919443E+03,1.295877E+03,9.963727E-02,1.145073E-01
23:20:00,1.015926E+03,2.430106E+03,5.274152E-02,2.147219E-01,3.120151E+03,1.879332E+03,1.619668E-01,1.660637E-01,1.903027E+03,1.139735E+03,9.878512E-02,1.007108E-01,3.074256E+03,1.857464E+03,1.595844E-01,1.641313E-01,1.919449E+03,1.278801E+03,9.963758E-02,1.129985E-01
23:30:00,1.015929E+03,2.422812E+03,5.274166E-02,2.140774E-01,3.120159E+03,1.864227E+03,1.619672E-01,1.647290E-01,1.903032E+03,1.129953E+03,9.878541E-02,9.984648E-02,3.074264E+03,1.842183E+03,1.595848E-01,1.627811E-01,1.919454E+03,1.262579E+03,9.963788E-02,1.115651E-01
23:40:00,1.015931E+03,2.415839E+03,5.274180E-02,2.134613E-01,3.120167E+03,1.849542E+03,1.619676E-01,1.634315E-01,1.903038E+03,1.120444E+03,9.878568E-02,9.900630E-02,3.074272E+03,1.827405E+03,1.595852E-01,1.614754E-01,1.919460E+03,1.247104E+03,9.963815E-02,1.101978E-01
23:50:00,1.015934E+03,2.409159E+03,5.274193E-02,2.128712E-01,3.120174E+03,1.835248E+03,1.619680E-01,1.621684E-01,1.903042E+03,1.111190E+03,9.878594E-02,9.818859E-02,3.074279E+03,1.813084E+03,1.595856E-01,1.602099E-01,1.919465E+03,1.232306E+03,9.963840E-02,1.088902E-01
24:00:00,1.015936E+03,2.402745E+03,5.274205E-02,2.123044E-01,3.120181E+03,1.821314E+03,1.619684E-01,1.609372E-01,1.903047E+03,1.102172E+03,9.878618E-02,9.739172E-02,3.074286E+03,1.799175E+03,1.595859E-01,1.589809E-01,1.919469E+03,1.218131E+03,9.963864E-02,1.076377E-01
Peak,1.015984E+03,2.880255E+03,5.274456E-02,2.544814E-01,3.120321E+03,3.480015E+03,1.619756E-01,3.074910E-01,1.903141E+03,3.010331E+03,9.879103E-02,2.659677E-01,3.074425E+03,2.842256E+03,1.595931E-01,2.511351E-01,1.919563E+03,3.299094E+03,9.964349E-02,2.914831E-01

Peak Vol Flow (m3/s),,,4.493008E-02,2.167782E-01,,,1.379778E-01,2.619341E-01,,,8.415445E-02,2.265627E-01,,,1.359483E-01,2.139276E-01,,,8.488061E-02,2.482978E-01
