Time,CORE_ZN:ROCHESTER INTERNATIONAL ARPT ANN HTG 99.6% CONDNS DB:Des Heat Load [W],CORE_ZN:ROCHESTER INTERNATIONAL ARPT ANN CLG .4% CONDNS DB=>MWB:Des Sens Cool Load [W],CORE_ZN:ROCHESTER INTERNATIONAL ARPT ANN HTG 99.6% CONDNS DB:Des Heat Mass Flow [kg/s],CORE_ZN:ROCHESTER INTERNATIONAL ARPT ANN CLG .4% CONDNS DB=>MWB:Des Cool Mass Flow [kg/s],PERIMETER_ZN_1:ROCHESTER INTERNATIONAL ARPT ANN HTG 99.6% CONDNS DB:Des Heat Load [W],PERIMETER_ZN_1:ROCHESTER INTERNATIONAL ARPT ANN CLG .4% CONDNS DB=>MWB:Des Sens Cool Load [W],PERIMETER_ZN_1:ROCHESTER INTERNATIONAL ARPT ANN HTG 99.6% CONDNS DB:Des Heat Mass Flow [kg/s],PERIMETER_ZN_1:ROCHESTER INTERNATIONAL ARPT ANN CLG .4% CONDNS DB=>MWB:Des Cool Mass Flow [kg/s],PERIMETER_ZN_2:ROCHESTER INTERNATIONAL ARPT ANN HTG 99.6% CONDNS DB:Des Heat Load [W],PERIMETER_ZN_2:ROCHESTER INTERNATIONAL ARPT ANN CLG .4% CONDNS DB=>MWB:Des Sens Cool Load [W],PERIMETER_ZN_2:ROCHESTER INTERNATIONAL ARPT ANN HTG 99.6% CONDNS DB:Des Heat Mass Flow [kg/s],PERIMETER_ZN_2:ROCHESTER INTERNATIONAL ARPT ANN CLG .4% CONDNS DB=>MWB:Des Cool Mass Flow [kg/s],PERIMETER_ZN_3:ROCHESTER INTERNATIONAL ARPT ANN HTG 99.6% CONDNS DB:Des Heat Load [W],PERIMETER_ZN_3:ROCHESTER INTERNATIONAL ARPT ANN CLG .4% CONDNS DB=>MWB:Des Sens Cool Load [W],PERIMETER_ZN_3:ROCHESTER INTERNATIONAL ARPT ANN HTG 99.6% CONDNS DB:Des Heat Mass Flow [kg/s],PERIMETER_ZN_3:ROCHESTER INTERNATIONAL ARPT ANN CLG .4% CONDNS DB=>MWB:Des Cool Mass Flow [kg/s],PERIMETER_ZN_4:ROCHESTER INTERNATIONAL ARPT ANN HTG 99.6% CONDNS DB:Des Heat Load [W],PERIMETER_ZN_4:ROCHESTER INTERNATIONAL ARPT ANN CLG .4% CONDNS DB=>MWB:Des Sens Cool Load [W],PERIMETER_ZN_4:ROCHESTER INTERNATIONAL ARPT ANN HTG 99.6% CONDNS DB:Des Heat Mass Flow [kg/s],PERIMETER_ZN_4:ROCHESTER INTERNATIONAL ARPT ANN CLG .4% CONDNS DB=>MWB:Des Cool Mass Flow [kg/s]
00:10:00,1.256873E+03,2.392410E+03,6.525025E-02,2.113917E-01,3.988196E+03,1.802624E+03,2.070226E-01,1.592922E-01,2.461837E+03,1.089953E+03,1.277897E-01,9.631626E-02,3.978454E+03,1.784477E+03,2.065169E-01,1.576887E-01,2.485806E+03,1.211615E+03,1.290339E-01,1.070665E-01
00:20:00,1.256876E+03,2.386156E+03,6.525038E-02,2.108391E-01,3.988203E+03,1.788247E+03,2.070229E-01,1.580218E-01,2.461842E+03,1.080692E+03,1.277900E-01,9.549798E-02,3.978462E+03,1.770025E+03,2.065173E-01,1.564116E-01,2.485811E+03,1.197362E+03,1.290342E-01,1.058071E-01
00:30:00,1.256878E+03,2.380109E+03,6.525050E-02,2.103049E-01,3.988210E+03,1.774263E+03,2.070233E-01,1.567861E-01,2.461847E+03,1.071686E+03,1.277902E-01,9.470211E-02,3.978468E+03,1.756019E+03,2.065176E-01,1.551740E-01,2.485816E+03,1.183689E+03,1.290344E-01,1.045989E-01
00:40:00,1.256880E+03,2.374253E+03,6.525061E-02,2.097875E-01,3.988217E+03,1.760654E+03,2.070236E-01,1.555836E-01,2.461851E+03,1.062922E+03,1.277905E-01,9.392772E-02,3.978475E+03,1.742437E+03,2.065180E-01,1.539738E-01,2.485820E+03,1.170555E+03,1.290347E-01,1.034384E-01
00:50:00,1.256882E+03,2.368573E+03,6.525072E-02,2.092856E-01,3.988223E+03,1.747405E+03,2.070240E-01,1.544129E-01,2.461855E+03,1.054392E+03,1.277907E-01,9.317396E-02,3.978481E+03,1.729257E+03,2.065183E-01,1.528092E-01,2.485825E+03,1.157924E+03,1.290349E-01,1.023223E-01
01:00:00,1.256884E+03,2.363056E+03,6.525082E-02,2.087982E-01,3.988229E+03,1.734504E+03,2.070243E-01,1.532729E-01,2.461859E+03,1.046087E+03,1.277909E-01,9.244010E-02,3.978487E+03,1.716462E+03,2.065186E-01,1.516786E-01,2.485829E+03,1.145763E+03,1.290351E-01,1.012477E-01
01:10:00,1.256886E+03,2.357691E+03,6.525092E-02,2.083242E-01,3.988235E+03,1.722043E+03,2.070246E-01,1.521718E-01,2.461863E+03,1.038063E+03,1.277911E-01,9.173109E-02,3.978493E+03,1.704134E+03,2.065189E-01,1.505893E-01,2.485833E+03,1.134107E+03,1.290353E-01,1.002177E-01
01:20:00,1.256888E+03,2.352470E+03,6.525102E-02,2.078628E-01,3.988241E+03,1.710013E+03,2.070249E-01,1.511088E-01,2.461867E+03,1.030315E+03,1.277913E-01,9.104639E-02,3.978499E+03,1.692262E+03,2.065192E-01,1.495402E-01,2.485837E+03,1.122931E+03,1.290355E-01,9.923021E-02
01:30:00,1.256890E+03,2.347384E+03,6.525111E-02,2.074135E-01,3.988246E+03,1.698408E+03,2.070252E-01,1.500833E-01,2.461871E+03,1.022837E+03,1.277915E-01,9.038564E-02,3.978504E+03,1.680834E+03,2.065195E-01,1.485304E-01,2.485840E+03,1.112214E+03,1.290357E-01,9.828322E-02
01:40:00,1.256892E+03,2.342429E+03,6.525120E-02,2.069757E-01,3.988251E+03,1.687223E+03,2.070255E-01,1.490949E-01,2.461874E+03,1.015627E+03,1.277917E-01,8.974854E-02,3.978510E+03,1.669843E+03,2.065198E-01,1.475592E-01,2.485844E+03,1.101937E+03,1.290359E-01,9.737512E-02
01:50:00,1.256893E+03,2.337599E+03,6.525129E-02,2.065490E-01,3.988256E+03,1.676454E+03,2.070257E-01,1.481434E-01,2.461878E+03,1.008682E+03,1.277918E-01,8.913487E-02,3.978515E+03,1.659282E+03,2.065200E-01,1.466260E-01,2.485847E+03,1.092084E+03,1.290361E-01,9.650446E-02
02:00:00,1.256895E+03,2.332891E+03,6.525137E-02,2.061329E-01,3.988261E+03,1.666099E+03,2.070260E-01,1.472284E-01,2.461881E+03,1.002000E+03,1.277920E-01,8.854443E-02,3.978519E+03,1.649144E+03,2.065203E-01,1.457302E-01,2.485850E+03,1.082640E+03,1.290362E-01,9.566997E-02
02:10:00,1.256896E+03,2.328300E+03,6.525145E-02,2.057274E-01,3.988266E+03,1.656054E+03,2.070262E-01,1.463408E-01,2.461884E+03,9.955176E+02,1.277922E-01,8.797158E-02,3.978524E+03,1.639328E+03,2.065205E-01,1.448628E-01,2.485854E+03,1.073531E+03,1.290364E-01,9.486500E-02
02:20:00,1.256898E+03,2.323825E+03,6.525152E-02,2.053320E-01,3.988271E+03,1.646314E+03,2.070265E-01,1.454801E-01,2.461887E+03,9.892312E+02,1.277923E-01,8.741610E-02,3.978529E+03,1.629827E+03,2.065208E-01,1.440233E-01,2.485857E+03,1.064742E+03,1.290366E-01,9.408843E-02
02:30:00,1.256899E+03,2.319461E+03,6.525160E-02,2.049464E-01,3.988275E+03,1.636874E+03,2.070267E-01,1.446460E-01,2.461890E+03,9.831380E+02,1.277925E-01,8.687768E-02,3.978533E+03,1.620634E+03,2.065210E-01,1.432109E-01,2.485860E+03,1.056263E+03,1.290367E-01,9.333918E-02
02:40:00,1.256901E+03,2.315206E+03,6.525167E-02,2.045704E-01,3.988280E+03,1.627731E+03,2.070269E-01,1.438381E-01,2.461893E+03,9.772352E+02,1.277926E-01,8.635609E-02,3.978538E+03,1.611743E+03,2.065212E-01,1.424253E-01,2.485863E+03,1.048082E+03,1.290369E-01,9.261634E-02
02:50:00,1.256902E+03,2.311057E+03,6.525174E-02,2.042038E-01,3.988284E+03,1.618878E+03,2.070271E-01,1.430558E-01,2.461896E+03,9.715197E+02,1.277928E-01,8.585105E-02,3.978542E+03,1.603147E+03,2.065214E-01,1.416658E-01,2.485866E+03,1.040190E+03,1.290370E-01,9.191898E-02
03:00:00,1.256903E+03,2.307010E+03,6.525181E-02,2.038463E-01,3.988288E+03,1.610313E+03,2.070274E-01,1.422990E-01,2.461899E+03,9.659883E+02,1.277929E-01,8.536228E-02,3.978546E+03,1.594842E+03,2.065216E-01,1.409320E-01,2.485868E+03,1.032578E+03,1.290371E-01,9.124628E-02
03:10:00,1.256905E+03,2.303063E+03,6.525188E-02,2.034976E-01,3.988292E+03,1.601925E+03,2.070276E-01,1.415578E-01,2.461902E+03,9.605751E+02,1.277931E-01,8.488395E-02,3.978550E+03,1.586722E+03,2.065218E-01,1.402144E-01,2.485871E+03,1.025171E+03,1.290373E-01,9.059182E-02
03:20:00,1.256906E+03,2.299213E+03,6.525194E-02,2.031573E-01,3.988296E+03,1.593711E+03,2.070278E-01,1.408320E-01,2.461904E+03,9.552768E+02,1.277932E-01,8.441578E-02,3.978554E+03,1.578779E+03,2.065220E-01,1.395125E-01,2.485874E+03,1.017962E+03,1.290374E-01,8.995480E-02
03:30:00,1.256907E+03,2.295454E+03,6.525201E-02,2.028253E-01,3.988300E+03,1.585662E+03,2.070280E-01,1.401207E-01,2.461907E+03,9.500887E+02,1.277933E-01,8.395734E-02,3.978557E+03,1.571005E+03,2.065222E-01,1.388257E-01,2.485876E+03,1.010941E+03,1.290376E-01,8.933437E-02
03:40:00,1.256908E+03,2.291783E+03,6.525207E-02,2.025009E-01,3.988303E+03,1.577770E+03,2.070282E-01,1.394234E-01,2.461909E+03,9.450058E+02,1.277935E-01,8.350819E-02,3.978561E+03,1.563393E+03,2.065224E-01,1.381530E-01,2.485878E+03,1.004097E+03,1.290377E-01,8.872967E-02
03:50:00,1.256909E+03,2.288196E+03,6.525213E-02,2.021840E-01,3.988307E+03,1.570028E+03,2.070283E-01,1.387393E-01,2.461912E+03,9.400236E+02,1.277936E-01,8.306795E-02,3.978565E+03,1.555933E+03,2.065226E-01,1.374938E-01,2.485881E+03,9.974233E+02,1.290378E-01,8.813993E-02
04:00:00,1.256911E+03,2.284689E+03,6.525219E-02,2.018741E-01,3.988310E+03,1.562430E+03,2.070285E-01,1.380679E-01,2.461914E+03,9.351379E+02,1.277937E-01,8.263623E-02,3.978568E+03,1.548619E+03,2.065228E-01,1.368476E-01,2.485883E+03,9.909104E+02,1.290379E-01,8.756443E-02
04:10:00,1.256912E+03,2.281258E+03,6.525224E-02,2.015710E-01,3.988314E+03,1.555073E+03,2.070287E-01,1.374179E-01,2.461916E+03,9.304078E+02,1.277938E-01,8.221826E-02,3.978571E+03,1.541545E+03,2.065230E-01,1.362225E-01,2.485885E+03,9.846152E+02,1.290380E-01,8.700816E-02
04:20:00,1.256913E+03,2.277901E+03,6.525230E-02,2.012743E-01,3.988317E+03,1.547953E+03,2.070289E-01,1.367887E-01,2.461918E+03,9.258297E+02,1.277939E-01,8.181372E-02,3.978575E+03,1.534706E+03,2.065231E-01,1.356181E-01,2.485888E+03,9.785308E+02,1.290382E-01,8.647052E-02
04:30:00,1.256914E+03,2.274615E+03,6.525235E-02,2.009840E-01,3.988320E+03,1.541065E+03,2.070290E-01,1.361801E-01,2.461920E+03,9.214015E+02,1.277941E-01,8.142243E-02,3.978578E+03,1.528097E+03,2.065233E-01,1.350342E-01,2.485890E+03,9.726521E+02,1.290383E-01,8.595106E-02
04:40:00,1.256915E+03,2.271399E+03,6.525241E-02,2.006999E-01,3.988323E+03,1.534409E+03,2.070292E-01,1.355919E-01,2.461922E+03,9.171213E+02,1.277942E-01,8.104422E-02,3.978581E+03,1.521716E+03,2.065235E-01,1.344703E-01,2.485892E+03,9.669746E+02,1.290384E-01,8.544938E-02
04:50:00,1.256916E+03,2.268252E+03,6.525246E-02,2.004218E-01,3.988326E+03,1.527981E+03,2.070293E-01,1.350239E-01,2.461924E+03,9.129878E+02,1.277943E-01,8.067897E-02,3.978584E+03,1.515561E+03,2.065236E-01,1.339264E-01,2.485894E+03,9.614942E+02,1.290385E-01,8.496511E-02
05:00:00,1.256917E+03,2.265271E+03,6.525251E-02,2.001585E-01,3.988329E+03,1.524259E+03,2.070295E-01,1.346950E-01,2.461926E+03,9.188419E+02,1.277944E-01,8.119631E-02,3.978587E+03,1.519277E+03,2.065238E-01,1.342548E-01,2.485896E+03,9.575510E+02,1.290386E-01,8.461669E-02
05:10:00,1.256918E+03,2.262846E+03,6.525256E-02,1.999442E-01,3.988332E+03,1.523331E+03,2.070297E-01,1.346131E-01,2.461928E+03,9.390716E+02,1.277945E-01,8.298421E-02,3.978590E+03,1.531942E+03,2.065239E-01,1.353743E-01,2.485898E+03,9.552311E+02,1.290387E-01,8.441173E-02
05:20:00,1.256919E+03,2.261501E+03,6.525261E-02,1.998254E-01,3.988335E+03,1.525818E+03,2.070298E-01,1.348330E-01,2.461930E+03,9.817385E+02,1.277946E-01,8.675513E-02,3.978592E+03,1.559011E+03,2.065241E-01,1.377667E-01,2.485900E+03,9.548917E+02,1.290388E-01,8.438182E-02
05:30:00,1.256920E+03,2.261737E+03,6.525265E-02,1.998463E-01,3.988338E+03,1.531931E+03,2.070299E-01,1.353734E-01,2.461932E+03,1.043491E+03,1.277947E-01,9.221312E-02,3.978595E+03,1.595087E+03,2.065242E-01,1.409553E-01,2.485901E+03,9.566350E+02,1.290389E-01,8.453598E-02
05:40:00,1.256920E+03,2.263724E+03,6.525270E-02,2.000210E-01,3.988340E+03,1.539259E+03,2.070301E-01,1.360201E-01,2.461934E+03,1.125229E+03,1.277947E-01,9.943646E-02,3.978598E+03,1.640132E+03,2.065243E-01,1.449352E-01,2.485903E+03,9.605086E+02,1.290390E-01,8.487779E-02
05:50:00,1.256921E+03,2.267840E+03,6.525275E-02,2.003830E-01,3.988343E+03,1.550127E+03,2.070302E-01,1.369787E-01,2.461935E+03,1.226476E+03,1.277948E-01,1.083825E-01,3.978600E+03,1.693340E+03,2.065245E-01,1.496352E-01,2.485905E+03,9.667053E+02,1.290390E-01,8.542422E-02
06:00:00,1.256922E+03,2.274062E+03,6.525279E-02,2.009305E-01,3.988346E+03,1.562791E+03,2.070303E-01,1.380952E-01,2.461937E+03,1.340617E+03,1.277949E-01,1.184672E-01,3.978603E+03,1.741413E+03,2.065246E-01,1.538806E-01,2.485906E+03,9.725927E+02,1.290391E-01,8.594292E-02
06:10:00,1.256923E+03,2.282198E+03,6.525283E-02,2.016468E-01,3.988348E+03,1.577728E+03,2.070305E-01,1.394122E-01,2.461939E+03,1.463565E+03,1.277950E-01,1.293294E-01,3.978605E+03,1.785547E+03,2.065247E-01,1.577772E-01,2.485908E+03,9.792454E+02,1.290392E-01,8.652901E-02
06:20:00,1.256924E+03,2.291762E+03,6.525288E-02,2.024893E-01,3.988350E+03,1.594527E+03,2.070306E-01,1.408937E-01,2.461940E+03,1.586897E+03,1.277951E-01,1.402248E-01,3.978608E+03,1.819127E+03,2.065248E-01,1.607411E-01,2.485910E+03,9.862991E+02,1.290393E-01,8.715048E-02
06:30:00,1.256925E+03,2.302248E+03,6.525292E-02,2.034132E-01,3.988353E+03,1.610550E+03,2.070307E-01,1.423065E-01,2.461942E+03,1.713298E+03,1.277952E-01,1.513906E-01,3.978610E+03,1.843888E+03,2.065250E-01,1.629252E-01,2.485911E+03,9.938462E+02,1.290394E-01,8.781551E-02
06:40:00,1.256925E+03,2.313389E+03,6.525296E-02,2.043959E-01,3.988355E+03,1.630193E+03,2.070308E-01,1.440401E-01,2.461943E+03,1.841271E+03,1.277952E-01,1.626957E-01,3.978612E+03,1.858633E+03,2.065251E-01,1.642255E-01,2.485913E+03,1.001923E+03,1.290395E-01,8.852795E-02
06:50:00,1.256926E+03,2.324607E+03,6.525300E-02,2.053859E-01,3.988357E+03,1.651587E+03,2.070309E-01,1.459291E-01,2.461945E+03,1.970375E+03,1.277953E-01,1.741012E-01,3.978614E+03,1.863396E+03,2.065252E-01,1.646445E-01,2.485914E+03,1.010361E+03,1.290395E-01,8.927265E-02
07:00:00,1.256927E+03,2.335680E+03,6.525304E-02,2.063635E-01,3.988359E+03,1.674277E+03,2.070311E-01,1.479331E-01,2.461946E+03,2.096541E+03,1.277954E-01,1.852473E-01,3.978616E+03,1.862298E+03,2.065253E-01,1.645462E-01,2.485916E+03,1.020575E+03,1.290396E-01,9.017460E-02
07:10:00,1.256928E+03,2.346181E+03,6.525307E-02,2.072908E-01,3.868515E+03,1.703859E+03,2.008101E-01,1.505464E-01,2.382050E+03,2.222509E+03,1.236481E-01,1.963761E-01,3.858772E+03,1.862119E+03,2.003043E-01,1.645296E-01,2.406019E+03,1.035445E+03,1.248923E-01,9.148807E-02
07:20:00,1.256928E+03,2.355889E+03,6.525311E-02,2.081481E-01,3.748564E+03,1.734138E+03,1.945841E-01,1.532210E-01,2.302080E+03,2.343685E+03,1.194974E-01,2.070809E-01,3.738821E+03,1.861496E+03,1.940783E-01,1.644736E-01,2.326050E+03,1.051224E+03,1.207416E-01,9.288191E-02
07:30:00,1.256929E+03,2.364711E+03,6.525313E-02,2.089271E-01,3.628612E+03,1.765192E+03,1.883583E-01,1.559640E-01,2.222112E+03,2.458164E+03,1.153469E-01,2.171937E-01,3.618869E+03,1.865250E+03,1.878525E-01,1.648042E-01,2.246082E+03,1.067839E+03,1.165912E-01,9.434944E-02
07:40:00,1.256929E+03,2.372829E+03,6.525312E-02,2.096439E-01,3.508600E+03,1.796980E+03,1.821297E-01,1.587717E-01,2.142104E+03,2.564649E+03,1.111946E-01,2.266000E-01,3.498858E+03,1.874963E+03,1.816240E-01,1.656614E-01,2.166074E+03,1.085307E+03,1.124389E-01,9.589224E-02
07:50:00,1.256927E+03,2.380652E+03,6.525305E-02,2.103350E-01,3.388545E+03,1.829469E+03,1.758992E-01,1.616417E-01,2.062070E+03,2.662858E+03,1.070411E-01,2.352753E-01,3.378805E+03,1.894355E+03,1.753936E-01,1.673741E-01,2.086039E+03,1.103707E+03,1.082853E-01,9.751759E-02
08:00:00,1.256925E+03,2.388570E+03,6.525292E-02,2.110345E-01,3.268456E+03,1.862471E+03,1.696671E-01,1.645571E-01,1.982012E+03,2.752420E+03,1.028866E-01,2.431869E-01,3.258717E+03,1.921251E+03,1.691616E-01,1.697501E-01,2.005981E+03,1.123012E+03,1.041308E-01,9.922294E-02
08:10:00,1.256920E+03,2.396982E+03,6.525269E-02,2.117774E-01,3.268184E+03,1.889825E+03,1.696548E-01,1.669732E-01,1.981834E+03,2.829016E+03,1.028785E-01,2.499527E-01,3.258446E+03,1.948251E+03,1.691493E-01,1.721350E-01,2.005802E+03,1.139245E+03,1.041227E-01,1.006568E-01
08:20:00,1.256914E+03,2.406262E+03,6.525237E-02,2.125971E-01,3.267993E+03,1.918852E+03,1.696464E-01,1.695370E-01,1.981713E+03,2.894811E+03,1.028732E-01,2.557645E-01,3.258257E+03,1.979193E+03,1.691409E-01,1.748681E-01,2.005680E+03,1.156962E+03,1.041173E-01,1.022216E-01
08:30:00,1.256906E+03,2.416630E+03,6.525196E-02,2.135129E-01,3.267783E+03,1.950863E+03,1.696367E-01,1.723647E-01,1.981577E+03,2.951935E+03,1.028669E-01,2.608105E-01,3.258048E+03,2.011934E+03,1.691313E-01,1.777602E-01,2.005543E+03,1.175571E+03,1.041111E-01,1.038653E-01
08:40:00,1.256897E+03,2.428105E+03,6.525147E-02,2.145264E-01,3.267614E+03,1.983788E+03,1.696289E-01,1.752731E-01,1.981467E+03,3.000830E+03,1.028619E-01,2.651297E-01,3.257879E+03,2.046000E+03,1.691236E-01,1.807694E-01,2.005432E+03,1.194943E+03,1.041060E-01,1.055766E-01
08:50:00,1.256886E+03,2.440569E+03,6.525093E-02,2.156275E-01,3.267471E+03,2.017924E+03,1.696223E-01,1.782888E-01,1.981375E+03,3.041162E+03,1.028576E-01,2.686929E-01,3.257737E+03,2.078436E+03,1.691170E-01,1.836351E-01,2.005340E+03,1.215013E+03,1.041017E-01,1.073496E-01
09:00:00,1.256875E+03,2.453786E+03,6.525035E-02,2.167952E-01,3.267351E+03,2.053421E+03,1.696166E-01,1.814250E-01,1.981296E+03,3.072602E+03,1.028539E-01,2.714705E-01,3.257616E+03,2.110876E+03,1.691113E-01,1.865011E-01,2.005261E+03,1.234044E+03,1.040980E-01,1.090310E-01
09:10:00,1.256864E+03,2.467579E+03,6.524976E-02,2.180139E-01,3.267247E+03,2.090247E+03,1.696117E-01,1.846785E-01,1.981228E+03,3.094768E+03,1.028506E-01,2.734287E-01,3.257513E+03,2.143349E+03,1.691064E-01,1.893701E-01,2.005193E+03,1.252928E+03,1.040947E-01,1.106994E-01
09:20:00,1.256852E+03,2.481831E+03,6.524917E-02,2.192734E-01,3.267158E+03,2.129596E+03,1.696074E-01,1.881553E-01,1.981170E+03,3.104862E+03,1.028478E-01,2.743208E-01,3.257424E+03,2.174543E+03,1.691021E-01,1.921263E-01,2.005135E+03,1.271140E+03,1.040919E-01,1.123085E-01
09:30:00,1.256841E+03,2.496345E+03,6.524858E-02,2.205557E-01,3.267082E+03,2.174140E+03,1.696037E-01,1.920909E-01,1.981119E+03,3.100716E+03,1.028453E-01,2.739544E-01,3.257347E+03,2.205264E+03,1.690983E-01,1.948406E-01,2.005084E+03,1.289130E+03,1.040894E-01,1.138980E-01
09:40:00,1.256830E+03,2.511053E+03,6.524802E-02,2.218552E-01,3.267015E+03,2.225176E+03,1.696004E-01,1.966001E-01,1.981075E+03,3.082026E+03,1.028432E-01,2.723031E-01,3.257281E+03,2.235579E+03,1.690951E-01,1.975189E-01,2.005040E+03,1.306968E+03,1.040873E-01,1.154740E-01
09:50:00,1.256820E+03,2.525846E+03,6.524748E-02,2.231620E-01,3.266958E+03,2.282687E+03,1.695976E-01,2.016810E-01,1.981037E+03,3.048722E+03,1.028413E-01,2.693602E-01,3.257223E+03,2.265384E+03,1.690922E-01,2.001520E-01,2.005002E+03,1.324618E+03,1.040854E-01,1.170332E-01
10:00:00,1.256810E+03,2.540743E+03,6.524697E-02,2.244781E-01,3.266908E+03,2.346955E+03,1.695951E-01,2.073592E-01,1.981004E+03,3.000933E+03,1.028396E-01,2.651377E-01,3.257173E+03,2.294687E+03,1.690897E-01,2.027408E-01,2.004969E+03,1.343725E+03,1.040837E-01,1.187213E-01
10:10:00,1.256801E+03,2.555688E+03,6.524649E-02,2.257987E-01,3.266864E+03,2.418089E+03,1.695929E-01,2.136444E-01,1.980974E+03,2.938877E+03,1.028382E-01,2.596551E-01,3.257129E+03,2.323446E+03,1.690876E-01,2.052820E-01,2.004940E+03,1.363153E+03,1.040823E-01,1.204379E-01
10:20:00,1.256792E+03,2.570572E+03,6.524604E-02,2.271138E-01,3.266826E+03,2.493150E+03,1.695910E-01,2.202764E-01,1.980949E+03,2.865692E+03,1.028369E-01,2.531891E-01,3.257091E+03,2.352148E+03,1.690856E-01,2.078179E-01,2.004914E+03,1.382910E+03,1.040810E-01,1.221835E-01
10:30:00,1.256784E+03,2.585468E+03,6.524561E-02,2.284305E-01,3.266792E+03,2.570892E+03,1.695893E-01,2.271457E-01,1.980926E+03,2.784618E+03,1.028357E-01,2.460265E-01,3.257057E+03,2.380479E+03,1.690839E-01,2.103216E-01,2.004892E+03,1.402736E+03,1.040799E-01,1.239356E-01
10:40:00,1.256776E+03,2.600224E+03,6.524522E-02,2.297350E-01,3.266762E+03,2.649980E+03,1.695878E-01,2.341344E-01,1.980906E+03,2.697126E+03,1.028347E-01,2.382970E-01,3.257027E+03,2.408241E+03,1.690824E-01,2.127752E-01,2.004872E+03,1.422466E+03,1.040788E-01,1.256793E-01
10:50:00,1.256769E+03,2.614754E+03,6.524485E-02,2.310192E-01,3.266736E+03,2.729441E+03,1.695865E-01,2.411556E-01,1.980888E+03,2.604765E+03,1.028338E-01,2.301371E-01,3.257000E+03,2.435390E+03,1.690811E-01,2.151744E-01,2.004854E+03,1.442005E+03,1.040779E-01,1.274059E-01
11:00:00,1.256763E+03,2.629077E+03,6.524451E-02,2.322851E-01,3.266712E+03,2.808507E+03,1.695853E-01,2.481419E-01,1.980872E+03,2.509602E+03,1.028330E-01,2.217296E-01,3.256977E+03,2.461996E+03,1.690799E-01,2.175255E-01,2.004838E+03,1.461368E+03,1.040771E-01,1.291169E-01
11:10:00,1.256757E+03,2.643115E+03,6.524419E-02,2.335258E-01,3.266691E+03,2.886109E+03,1.695842E-01,2.549989E-01,1.980858E+03,2.413378E+03,1.028322E-01,2.132283E-01,3.256956E+03,2.487792E+03,1.690788E-01,2.198051E-01,2.004824E+03,1.480317E+03,1.040764E-01,1.307915E-01
11:20:00,1.256751E+03,2.656838E+03,6.524390E-02,2.347388E-01,3.266672E+03,2.962105E+03,1.695832E-01,2.617140E-01,1.980845E+03,2.324369E+03,1.028316E-01,2.053645E-01,3.256937E+03,2.512196E+03,1.690778E-01,2.219619E-01,2.004811E+03,1.498271E+03,1.040757E-01,1.323780E-01
11:30:00,1.256746E+03,2.670272E+03,6.524362E-02,2.359263E-01,3.266655E+03,3.035548E+03,1.695823E-01,2.682037E-01,1.980833E+03,2.246979E+03,1.028310E-01,1.985274E-01,3.256919E+03,2.535668E+03,1.690769E-01,2.240363E-01,2.004800E+03,1.515600E+03,1.040751E-01,1.339095E-01
11:40:00,1.256741E+03,2.683409E+03,6.524337E-02,2.370879E-01,3.266639E+03,3.105827E+03,1.695815E-01,2.744142E-01,1.980823E+03,2.182357E+03,1.028304E-01,1.928184E-01,3.256903E+03,2.558300E+03,1.690761E-01,2.260368E-01,2.004789E+03,1.532318E+03,1.040746E-01,1.353871E-01
11:50:00,1.256736E+03,2.696214E+03,6.524313E-02,2.382199E-01,3.266625E+03,3.172366E+03,1.695808E-01,2.802941E-01,1.980813E+03,2.131013E+03,1.028299E-01,1.882827E-01,3.256889E+03,2.580075E+03,1.690754E-01,2.279614E-01,2.004779E+03,1.548375E+03,1.040741E-01,1.368063E-01
12:00:00,1.256732E+03,2.708794E+03,6.524291E-02,2.393321E-01,3.266612E+03,3.234829E+03,1.695801E-01,2.858136E-01,1.980804E+03,2.094603E+03,1.028295E-01,1.850663E-01,3.256876E+03,2.601095E+03,1.690747E-01,2.298193E-01,2.004770E+03,1.563770E+03,1.040736E-01,1.381668E-01
12:10:00,1.256728E+03,2.721112E+03,6.524270E-02,2.404213E-01,3.266599E+03,3.292922E+03,1.695795E-01,2.909474E-01,1.980796E+03,2.071723E+03,1.028290E-01,1.830456E-01,3.256864E+03,2.621545E+03,1.690741E-01,2.316271E-01,2.004762E+03,1.578607E+03,1.040732E-01,1.394784E-01
12:20:00,1.256724E+03,2.733163E+03,6.524251E-02,2.414870E-01,3.266588E+03,3.346243E+03,1.695789E-01,2.956597E-01,1.980788E+03,2.056545E+03,1.028286E-01,1.817053E-01,3.256852E+03,2.641432E+03,1.690735E-01,2.333852E-01,2.004754E+03,1.593092E+03,1.040728E-01,1.407588E-01
12:30:00,1.256721E+03,2.744852E+03,6.524232E-02,2.425202E-01,3.266577E+03,3.394371E+03,1.695783E-01,2.999125E-01,1.980781E+03,2.044230E+03,1.028283E-01,1.806178E-01,3.256842E+03,2.660690E+03,1.690729E-01,2.350871E-01,2.004747E+03,1.607037E+03,1.040724E-01,1.419911E-01
12:40:00,1.256717E+03,2.756446E+03,6.524215E-02,2.435445E-01,3.266567E+03,3.437272E+03,1.695778E-01,3.037028E-01,1.980774E+03,2.034208E+03,1.028279E-01,1.797324E-01,3.256832E+03,2.679576E+03,1.690724E-01,2.367558E-01,2.004741E+03,1.618854E+03,1.040721E-01,1.430351E-01
12:50:00,1.256714E+03,2.767518E+03,6.524199E-02,2.445252E-01,3.266558E+03,3.474348E+03,1.695773E-01,3.069816E-01,1.980768E+03,2.025969E+03,1.028276E-01,1.790062E-01,3.256823E+03,2.697753E+03,1.690719E-01,2.383644E-01,2.004734E+03,1.629522E+03,1.040718E-01,1.439792E-01
13:00:00,1.256711E+03,2.778095E+03,6.524184E-02,2.454622E-01,3.266549E+03,3.505317E+03,1.695769E-01,3.097208E-01,1.980762E+03,2.017444E+03,1.028273E-01,1.782549E-01,3.256814E+03,2.715213E+03,1.690715E-01,2.399096E-01,2.004728E+03,1.639311E+03,1.040715E-01,1.448457E-01
13:10:00,1.256709E+03,2.788135E+03,6.524170E-02,2.463514E-01,3.266541E+03,3.529973E+03,1.695765E-01,3.119016E-01,1.980756E+03,2.009607E+03,1.028270E-01,1.775639E-01,3.256806E+03,2.731858E+03,1.690711E-01,2.413825E-01,2.004723E+03,1.648223E+03,1.040712E-01,1.456344E-01
13:20:00,1.256706E+03,2.797600E+03,6.524156E-02,2.471897E-01,3.266533E+03,3.548215E+03,1.695760E-01,3.135159E-01,1.980751E+03,2.002556E+03,1.028267E-01,1.769424E-01,3.256798E+03,2.747644E+03,1.690706E-01,2.427794E-01,2.004718E+03,1.657845E+03,1.040709E-01,1.464858E-01
13:30:00,1.256703E+03,2.806460E+03,6.524144E-02,2.479746E-01,3.266526E+03,3.560021E+03,1.695757E-01,3.145614E-01,1.980746E+03,1.996146E+03,1.028265E-01,1.763775E-01,3.256790E+03,2.762528E+03,1.690703E-01,2.440966E-01,2.004712E+03,1.675536E+03,1.040706E-01,1.480502E-01
13:40:00,1.256701E+03,2.814494E+03,6.524131E-02,2.486865E-01,3.266519E+03,3.565153E+03,1.695753E-01,3.150173E-01,1.980741E+03,1.990350E+03,1.028262E-01,1.758668E-01,3.256783E+03,2.776286E+03,1.690699E-01,2.453143E-01,2.004708E+03,1.705617E+03,1.040704E-01,1.507095E-01
13:50:00,1.256699E+03,2.822195E+03,6.524120E-02,2.493671E-01,3.266512E+03,3.564090E+03,1.695749E-01,3.149233E-01,1.980736E+03,1.985083E+03,1.028260E-01,1.754016E-01,3.256776E+03,2.789304E+03,1.690695E-01,2.464648E-01,2.004703E+03,1.749106E+03,1.040701E-01,1.545526E-01
14:00:00,1.256697E+03,2.829320E+03,6.524108E-02,2.499966E-01,3.266505E+03,3.556780E+03,1.695746E-01,3.142771E-01,1.980732E+03,1.980083E+03,1.028257E-01,1.749599E-01,3.256770E+03,2.801363E+03,1.690692E-01,2.475302E-01,2.004699E+03,1.807237E+03,1.040699E-01,1.596893E-01
14:10:00,1.256695E+03,2.836016E+03,6.524098E-02,2.505881E-01,3.266499E+03,3.543368E+03,1.695743E-01,3.130918E-01,1.980728E+03,1.975163E+03,1.028255E-01,1.745252E-01,3.256764E+03,2.812400E+03,1.690689E-01,2.485054E-01,2.004694E+03,1.881253E+03,1.040697E-01,1.662299E-01
14:20:00,1.256693E+03,2.842303E+03,6.524087E-02,2.511437E-01,3.266493E+03,3.524102E+03,1.695739E-01,3.113891E-01,1.980724E+03,1.970202E+03,1.028253E-01,1.740868E-01,3.256758E+03,2.822411E+03,1.690686E-01,2.493898E-01,2.004690E+03,1.970588E+03,1.040695E-01,1.741240E-01
14:30:00,1.256691E+03,2.848198E+03,6.524077E-02,2.516645E-01,3.266487E+03,3.499543E+03,1.695736E-01,3.092189E-01,1.980720E+03,1.964670E+03,1.028251E-01,1.735981E-01,3.256752E+03,2.830695E+03,1.690683E-01,2.501218E-01,2.004686E+03,2.070386E+03,1.040693E-01,1.829427E-01
14:40:00,1.256689E+03,2.853690E+03,6.524068E-02,2.521497E-01,3.266481E+03,3.469702E+03,1.695733E-01,3.065819E-01,1.980716E+03,1.958557E+03,1.028249E-01,1.730579E-01,3.256746E+03,2.837765E+03,1.690680E-01,2.507463E-01,2.004683E+03,2.177330E+03,1.040691E-01,1.923927E-01
14:50:00,1.256687E+03,2.858587E+03,6.524059E-02,2.525814E-01,3.266476E+03,3.434800E+03,1.695731E-01,3.034968E-01,1.980712E+03,1.951860E+03,1.028247E-01,1.724655E-01,3.256741E+03,2.843489E+03,1.690677E-01,2.512510E-01,2.004679E+03,2.289479E+03,1.040689E-01,2.023015E-01
15:00:00,1.256685E+03,2.863035E+03,6.524050E-02,2.529723E-01,3.266471E+03,3.395873E+03,1.695728E-01,3.000548E-01,1.980709E+03,1.944623E+03,1.028245E-01,1.718247E-01,3.256736E+03,2.848012E+03,1.690674E-01,2.516485E-01,2.004675E+03,2.405372E+03,1.040687E-01,2.125398E-01
15:10:00,1.256684E+03,2.866997E+03,6.524041E-02,2.533202E-01,3.266465E+03,3.353236E+03,1.695725E-01,2.962851E-01,1.980705E+03,1.936755E+03,1.028244E-01,1.711282E-01,3.256731E+03,2.851245E+03,1.690672E-01,2.519319E-01,2.004672E+03,2.523464E+03,1.040685E-01,2.229721E-01
15:20:00,1.256682E+03,2.870404E+03,6.524033E-02,2.536191E-01,3.266461E+03,3.307740E+03,1.695723E-01,2.922628E-01,1.980702E+03,1.928181E+03,1.028242E-01,1.703692E-01,3.256726E+03,2.853136E+03,1.690669E-01,2.520968E-01,2.004669E+03,2.642275E+03,1.040684E-01,2.334677E-01
15:30:00,1.256681E+03,2.873217E+03,6.524025E-02,2.538656E-01,3.266456E+03,3.263071E+03,1.695720E-01,2.883136E-01,1.980699E+03,1.919263E+03,1.028240E-01,1.695799E-01,3.256721E+03,2.854332E+03,1.690667E-01,2.522002E-01,2.004666E+03,2.755592E+03,1.040682E-01,2.434776E-01
15:40:00,1.256679E+03,2.875408E+03,6.524017E-02,2.540570E-01,3.266451E+03,3.220663E+03,1.695718E-01,2.845643E-01,1.980696E+03,1.911418E+03,1.028239E-01,1.688854E-01,3.256716E+03,2.854220E+03,1.690664E-01,2.521881E-01,2.004662E+03,2.861660E+03,1.040680E-01,2.528469E-01
15:50:00,1.256678E+03,2.877036E+03,6.524010E-02,2.541992E-01,3.266447E+03,3.181287E+03,1.695715E-01,2.810833E-01,1.980693E+03,1.903431E+03,1.028237E-01,1.681785E-01,3.256712E+03,2.852730E+03,1.690662E-01,2.520546E-01,2.004659E+03,2.959120E+03,1.040679E-01,2.614558E-01
16:00:00,1.256676E+03,2.878007E+03,6.524002E-02,2.542840E-01,3.266442E+03,3.145476E+03,1.695713E-01,2.779182E-01,1.980690E+03,1.894939E+03,1.028236E-01,1.674275E-01,3.256708E+03,2.849683E+03,1.690660E-01,2.517843E-01,2.004657E+03,3.046708E+03,1.040677E-01,2.691932E-01
16:10:00,1.256675E+03,2.878273E+03,6.523995E-02,2.543066E-01,3.266438E+03,3.114286E+03,1.695711E-01,2.751614E-01,1.980687E+03,1.886025E+03,1.028234E-01,1.666393E-01,3.256703E+03,2.845225E+03,1.690657E-01,2.513894E-01,2.004654E+03,3.123511E+03,1.040676E-01,2.759778E-01
16:20:00,1.256674E+03,2.877843E+03,6.523988E-02,2.542676E-01,3.266434E+03,3.087595E+03,1.695709E-01,2.728021E-01,1.980684E+03,1.876676E+03,1.028233E-01,1.658126E-01,3.256699E+03,2.839325E+03,1.690655E-01,2.508670E-01,2.004651E+03,3.188705E+03,1.040674E-01,2.817367E-01
16:30:00,1.256672E+03,2.876686E+03,6.523981E-02,2.541645E-01,3.266430E+03,3.060551E+03,1.695707E-01,2.704116E-01,1.980682E+03,1.865940E+03,1.028231E-01,1.648634E-01,3.256695E+03,2.827432E+03,1.690653E-01,2.498152E-01,2.004648E+03,3.246230E+03,1.040673E-01,2.868180E-01
16:40:00,1.256671E+03,2.874738E+03,6.523975E-02,2.539914E-01,3.266426E+03,3.033796E+03,1.695705E-01,2.680467E-01,1.980679E+03,1.852588E+03,1.028230E-01,1.636830E-01,3.256691E+03,2.812544E+03,1.690651E-01,2.484987E-01,2.004646E+03,3.296195E+03,1.040672E-01,2.912313E-01
16:50:00,1.256670E+03,2.872033E+03,6.523968E-02,2.537520E-01,3.266422E+03,3.007412E+03,1.695703E-01,2.657153E-01,1.980677E+03,1.837988E+03,1.028229E-01,1.623928E-01,3.256688E+03,2.795454E+03,1.690649E-01,2.469884E-01,2.004643E+03,3.338632E+03,1.040670E-01,2.949803E-01
17:00:00,1.256669E+03,2.868449E+03,6.523962E-02,2.534354E-01,3.266418E+03,2.980633E+03,1.695701E-01,2.633493E-01,1.980674E+03,1.822316E+03,1.028227E-01,1.610081E-01,3.256684E+03,2.776206E+03,1.690647E-01,2.452877E-01,2.004641E+03,3.373288E+03,1.040669E-01,2.980420E-01
17:10:00,1.256667E+03,2.863976E+03,6.523956E-02,2.530398E-01,3.266415E+03,2.956355E+03,1.695699E-01,2.612038E-01,1.980672E+03,1.805606E+03,1.028226E-01,1.595315E-01,3.256680E+03,2.754622E+03,1.690646E-01,2.433802E-01,2.004638E+03,3.399942E+03,1.040668E-01,3.003965E-01
17:20:00,1.256666E+03,2.858775E+03,6.523950E-02,2.525798E-01,3.266411E+03,2.932194E+03,1.695697E-01,2.590685E-01,1.980669E+03,1.787889E+03,1.028225E-01,1.579657E-01,3.256677E+03,2.731694E+03,1.690644E-01,2.413539E-01,2.004636E+03,3.416787E+03,1.040667E-01,3.018840E-01
17:30:00,1.256665E+03,2.853122E+03,6.523944E-02,2.520798E-01,3.266408E+03,2.908951E+03,1.695695E-01,2.570143E-01,1.980667E+03,1.770101E+03,1.028224E-01,1.563937E-01,3.256674E+03,2.715184E+03,1.690642E-01,2.398946E-01,2.004634E+03,3.422101E+03,1.040666E-01,3.023528E-01
17:40:00,1.256664E+03,2.847376E+03,6.523938E-02,2.515716E-01,3.266405E+03,2.885215E+03,1.695694E-01,2.549166E-01,1.980665E+03,1.751694E+03,1.028223E-01,1.547671E-01,3.256670E+03,2.705610E+03,1.690640E-01,2.390482E-01,2.004632E+03,3.416992E+03,1.040664E-01,3.019007E-01
17:50:00,1.256663E+03,2.841828E+03,6.523933E-02,2.510809E-01,3.266401E+03,2.860513E+03,1.695692E-01,2.527335E-01,1.980663E+03,1.732560E+03,1.028221E-01,1.530761E-01,3.256667E+03,2.703699E+03,1.690639E-01,2.388788E-01,2.004629E+03,3.401426E+03,1.040663E-01,3.005247E-01
18:00:00,1.256662E+03,2.836664E+03,6.523927E-02,2.506241E-01,3.266398E+03,2.834597E+03,1.695690E-01,2.504433E-01,1.980661E+03,1.712789E+03,1.028220E-01,1.513290E-01,3.256664E+03,2.710033E+03,1.690637E-01,2.394379E-01,2.004627E+03,3.375211E+03,1.040662E-01,2.982077E-01
18:10:00,1.256661E+03,2.831994E+03,6.523922E-02,2.502114E-01,3.386242E+03,2.806761E+03,1.757905E-01,2.479837E-01,2.060556E+03,1.692375E+03,1.069697E-01,1.495253E-01,3.376508E+03,2.724672E+03,1.752852E-01,2.407313E-01,2.084523E+03,3.337894E+03,1.082139E-01,2.949105E-01
18:20:00,1.256660E+03,2.827648E+03,6.523917E-02,2.498274E-01,3.506121E+03,2.777149E+03,1.820136E-01,2.453675E-01,2.140477E+03,1.671582E+03,1.111185E-01,1.476881E-01,3.496387E+03,2.744231E+03,1.815083E-01,2.424594E-01,2.164444E+03,3.290836E+03,1.123626E-01,2.907527E-01
18:30:00,1.256659E+03,2.823254E+03,6.523912E-02,2.494392E-01,3.626054E+03,2.745803E+03,1.882391E-01,2.425979E-01,2.220432E+03,1.650316E+03,1.152687E-01,1.458093E-01,3.616319E+03,2.763288E+03,1.877337E-01,2.441433E-01,2.244399E+03,3.233305E+03,1.165129E-01,2.856697E-01
18:40:00,1.256658E+03,2.818297E+03,6.523909E-02,2.490012E-01,3.746054E+03,2.712032E+03,1.944675E-01,2.396141E-01,2.300432E+03,1.629685E+03,1.194209E-01,1.439864E-01,3.736318E+03,2.775512E+03,1.939621E-01,2.452233E-01,2.324400E+03,3.163109E+03,1.206651E-01,2.794677E-01
18:50:00,1.256659E+03,2.812264E+03,6.523910E-02,2.484682E-01,3.866108E+03,2.676468E+03,2.006982E-01,2.364720E-01,2.380467E+03,1.609049E+03,1.235746E-01,1.421632E-01,3.856370E+03,2.781935E+03,2.001927E-01,2.457908E-01,2.404434E+03,3.081187E+03,1.248188E-01,2.722296E-01
19:00:00,1.256660E+03,2.804751E+03,6.523918E-02,2.478044E-01,3.986202E+03,2.639282E+03,2.069306E-01,2.331865E-01,2.460527E+03,1.588257E+03,1.277293E-01,1.403262E-01,3.976463E+03,2.777502E+03,2.064250E-01,2.453991E-01,2.484495E+03,2.988991E+03,1.289735E-01,2.640838E-01
19:10:00,1.256663E+03,2.795502E+03,6.523935E-02,2.469873E-01,3.986481E+03,2.608319E+03,2.069427E-01,2.304509E-01,2.460710E+03,1.572414E+03,1.277372E-01,1.389265E-01,3.976740E+03,2.770994E+03,2.064371E-01,2.448241E-01,2.484679E+03,2.892567E+03,1.289815E-01,2.555646E-01
19:20:00,1.256668E+03,2.784367E+03,6.523962E-02,2.460034E-01,3.986750E+03,2.575467E+03,2.069544E-01,2.275487E-01,2.460884E+03,1.555752E+03,1.277447E-01,1.374545E-01,3.977008E+03,2.749544E+03,2.064487E-01,2.429292E-01,2.484855E+03,2.779492E+03,1.289890E-01,2.455747E-01
19:30:00,1.256676E+03,2.771161E+03,6.523999E-02,2.448367E-01,3.986988E+03,2.541092E+03,2.069648E-01,2.245121E-01,2.461039E+03,1.538428E+03,1.277514E-01,1.359244E-01,3.977245E+03,2.712888E+03,2.064590E-01,2.396910E-01,2.485010E+03,2.652723E+03,1.289957E-01,2.343749E-01
19:40:00,1.256685E+03,2.755741E+03,6.524047E-02,2.434742E-01,3.987175E+03,2.505941E+03,2.069730E-01,2.214070E-01,2.461160E+03,1.519206E+03,1.277567E-01,1.342265E-01,3.977432E+03,2.662430E+03,2.064672E-01,2.352334E-01,2.485131E+03,2.517256E+03,1.290010E-01,2.224067E-01
19:50:00,1.256696E+03,2.738146E+03,6.524102E-02,2.419196E-01,3.987326E+03,2.469337E+03,2.069798E-01,2.181736E-01,2.461258E+03,1.498521E+03,1.277611E-01,1.323993E-01,3.977582E+03,2.599301E+03,2.064740E-01,2.296564E-01,2.485229E+03,2.379528E+03,1.290054E-01,2.102388E-01
20:00:00,1.256707E+03,2.718668E+03,6.524162E-02,2.401987E-01,3.987448E+03,2.433035E+03,2.069854E-01,2.149670E-01,2.461338E+03,1.477416E+03,1.277648E-01,1.305352E-01,3.977705E+03,2.533586E+03,2.064797E-01,2.238510E-01,2.485308E+03,2.246752E+03,1.290091E-01,1.985085E-01
20:10:00,1.256719E+03,2.697832E+03,6.524224E-02,2.383581E-01,3.987550E+03,2.387691E+03,2.069902E-01,2.109618E-01,2.461404E+03,1.451436E+03,1.277680E-01,1.282404E-01,3.977807E+03,2.458319E+03,2.064845E-01,2.172018E-01,2.485375E+03,2.117088E+03,1.290122E-01,1.870532E-01
20:20:00,1.256731E+03,2.676126E+03,6.524287E-02,2.364409E-01,3.987636E+03,2.343985E+03,2.069943E-01,2.071013E-01,2.461460E+03,1.426279E+03,1.277707E-01,1.260184E-01,3.977893E+03,2.389377E+03,2.064886E-01,2.111116E-01,2.485431E+03,2.005925E+03,1.290149E-01,1.772324E-01
20:30:00,1.256743E+03,2.654249E+03,6.524348E-02,2.345084E-01,3.987708E+03,2.302651E+03,2.069978E-01,2.034502E-01,2.461508E+03,1.402170E+03,1.277730E-01,1.238889E-01,3.977966E+03,2.329858E+03,2.064921E-01,2.058538E-01,2.485478E+03,1.913629E+03,1.290173E-01,1.690784E-01
20:40:00,1.256754E+03,2.632973E+03,6.524406E-02,2.326295E-01,3.987770E+03,2.264380E+03,2.070009E-01,2.000702E-01,2.461549E+03,1.379558E+03,1.277750E-01,1.218919E-01,3.978027E+03,2.281867E+03,2.064951E-01,2.016150E-01,2.485519E+03,1.839535E+03,1.290193E-01,1.625329E-01
20:50:00,1.256765E+03,2.612766E+03,6.524461E-02,2.308454E-01,3.987822E+03,2.229730E+03,2.070035E-01,1.970105E-01,2.461584E+03,1.358804E+03,1.277768E-01,1.200593E-01,3.978080E+03,2.242249E+03,2.064978E-01,1.981164E-01,2.485554E+03,1.778369E+03,1.290210E-01,1.571300E-01
21:00:00,1.256775E+03,2.593880E+03,6.524514E-02,2.291781E-01,3.987867E+03,2.197360E+03,2.070057E-01,1.941523E-01,2.461614E+03,1.339209E+03,1.277783E-01,1.183291E-01,3.978126E+03,2.205801E+03,2.065000E-01,1.948978E-01,2.485584E+03,1.723752E+03,1.290225E-01,1.523056E-01
21:10:00,1.256784E+03,2.576280E+03,6.524563E-02,2.276241E-01,3.987907E+03,2.166682E+03,2.070077E-01,1.914432E-01,2.461641E+03,1.320484E+03,1.277796E-01,1.166756E-01,3.978165E+03,2.171546E+03,2.065020E-01,1.918727E-01,2.485610E+03,1.674177E+03,1.290238E-01,1.479265E-01
21:20:00,1.256793E+03,2.559925E+03,6.524608E-02,2.261799E-01,3.987941E+03,2.137626E+03,2.070094E-01,1.888771E-01,2.461664E+03,1.302626E+03,1.277808E-01,1.150985E-01,3.978199E+03,2.139327E+03,2.065038E-01,1.890272E-01,2.485633E+03,1.628992E+03,1.290250E-01,1.439350E-01
21:30:00,1.256801E+03,2.544687E+03,6.524650E-02,2.248344E-01,3.987971E+03,2.110033E+03,2.070110E-01,1.864403E-01,2.461684E+03,1.285565E+03,1.277818E-01,1.135917E-01,3.978229E+03,2.108936E+03,2.065053E-01,1.863432E-01,2.485654E+03,1.587630E+03,1.290260E-01,1.402813E-01
21:40:00,1.256809E+03,2.530632E+03,6.524689E-02,2.235930E-01,3.987997E+03,2.083976E+03,2.070123E-01,1.841386E-01,2.461702E+03,1.269368E+03,1.277827E-01,1.121610E-01,3.978256E+03,2.080415E+03,2.065066E-01,1.838238E-01,2.485671E+03,1.549739E+03,1.290270E-01,1.369339E-01
21:50:00,1.256816E+03,2.517312E+03,6.524725E-02,2.224178E-01,3.988021E+03,2.058918E+03,2.070135E-01,1.819268E-01,2.461718E+03,1.253730E+03,1.277836E-01,1.107806E-01,3.978279E+03,2.053206E+03,2.065078E-01,1.814219E-01,2.485687E+03,1.514693E+03,1.290278E-01,1.338388E-01
22:00:00,1.256822E+03,2.504928E+03,6.524759E-02,2.213255E-01,3.988042E+03,2.035114E+03,2.070146E-01,1.798258E-01,2.461732E+03,1.238829E+03,1.277843E-01,1.094655E-01,3.978300E+03,2.027565E+03,2.065089E-01,1.791587E-01,2.485702E+03,1.482341E+03,1.290285E-01,1.309818E-01
22:10:00,1.256828E+03,2.493286E+03,6.524790E-02,2.202987E-01,3.988060E+03,2.012518E+03,2.070156E-01,1.778316E-01,2.461745E+03,1.224634E+03,1.277849E-01,1.082127E-01,3.978319E+03,2.003349E+03,2.065099E-01,1.770213E-01,2.485714E+03,1.452424E+03,1.290292E-01,1.283399E-01
22:20:00,1.256833E+03,2.482338E+03,6.524818E-02,2.193332E-01,3.988077E+03,1.991096E+03,2.070164E-01,1.759411E-01,2.461756E+03,1.211097E+03,1.277855E-01,1.070180E-01,3.978336E+03,1.980459E+03,2.065108E-01,1.750010E-01,2.485726E+03,1.424703E+03,1.290298E-01,1.258921E-01
22:30:00,1.256838E+03,2.472021E+03,6.524844E-02,2.184235E-01,3.988093E+03,1.970744E+03,2.070172E-01,1.741452E-01,2.461767E+03,1.198166E+03,1.277861E-01,1.058768E-01,3.978351E+03,1.958781E+03,2.065116E-01,1.730879E-01,2.485736E+03,1.398958E+03,1.290303E-01,1.236188E-01
22:40:00,1.256843E+03,2.462049E+03,6.524869E-02,2.175443E-01,3.988107E+03,1.951068E+03,2.070179E-01,1.724089E-01,2.461776E+03,1.185610E+03,1.277866E-01,1.047688E-01,3.978366E+03,1.937917E+03,2.065123E-01,1.712467E-01,2.485746E+03,1.374824E+03,1.290308E-01,1.214878E-01
22:50:00,1.256848E+03,2.452804E+03,6.524891E-02,2.167276E-01,3.988120E+03,1.932515E+03,2.070186E-01,1.707697E-01,2.461785E+03,1.173712E+03,1.277870E-01,1.037176E-01,3.978378E+03,1.918300E+03,2.065130E-01,1.695135E-01,2.485755E+03,1.352452E+03,1.290313E-01,1.195112E-01
23:00:00,1.256852E+03,2.443949E+03,6.524912E-02,2.159453E-01,3.988132E+03,1.914663E+03,2.070192E-01,1.691923E-01,2.461793E+03,1.162209E+03,1.277875E-01,1.027011E-01,3.978390E+03,1.899476E+03,2.065136E-01,1.678502E-01,2.485763E+03,1.331481E+03,1.290317E-01,1.176582E-01
23:10:00,1.256855E+03,2.435550E+03,6.524932E-02,2.152032E-01,3.988143E+03,1.897380E+03,2.070198E-01,1.676652E-01,2.461801E+03,1.151042E+03,1.277879E-01,1.017143E-01,3.978401E+03,1.881373E+03,2.065141E-01,1.662506E-01,2.485770E+03,1.311709E+03,1.290321E-01,1.159111E-01
23:20:00,1.256859E+03,2.427553E+03,6.524950E-02,2.144967E-01,3.988153E+03,1.880562E+03,2.070203E-01,1.661791E-01,2.461808E+03,1.140184E+03,1.277882E-01,1.007549E-01,3.978412E+03,1.863909E+03,2.065147E-01,1.647075E-01,2.485777E+03,1.292994E+03,1.290324E-01,1.142575E-01
23:30:00,1.256862E+03,2.419921E+03,6.524967E-02,2.138223E-01,3.988162E+03,1.864180E+03,2.070208E-01,1.647316E-01,2.461814E+03,1.129619E+03,1.277886E-01,9.982130E-02,3.978421E+03,1.847031E+03,2.065152E-01,1.632160E-01,2.485784E+03,1.275218E+03,1.290328E-01,1.126868E-01
23:40:00,1.256865E+03,2.412619E+03,6.524983E-02,2.131772E-01,3.988171E+03,1.848213E+03,2.070213E-01,1.633206E-01,2.461821E+03,1.119325E+03,1.277889E-01,9.891171E-02,3.978430E+03,1.830685E+03,2.065156E-01,1.617717E-01,2.485790E+03,1.258272E+03,1.290331E-01,1.111893E-01
23:50:00,1.256868E+03,2.405618E+03,6.524998E-02,2.125586E-01,3.988180E+03,1.832632E+03,2.070217E-01,1.619439E-01,2.461826E+03,1.109284E+03,1.277892E-01,9.802447E-02,3.978439E+03,1.814825E+03,2.065161E-01,1.603703E-01,2.485796E+03,1.242047E+03,1.290334E-01,1.097557E-01
24:00:00,1.256871E+03,2.398890E+03,6.525012E-02,2.119642E-01,3.988188E+03,1.817411E+03,2.070222E-01,1.605989E-01,2.461832E+03,1.099478E+03,1.277895E-01,9.715800E-02,3.978447E+03,1.799403E+03,2.065165E-01,1.590076E-01,2.485801E+03,1.226493E+03,1.290337E-01,1.083812E-01
Peak,1.256929E+03,2.878273E+03,6.525313E-02,2.543066E-01,3.988359E+03,3.565153E+03,2.070311E-01,3.150173E-01,2.461946E+03,3.104862E+03,1.277954E-01,2.743208E-01,3.978616E+03,2.854332E+03,2.065253E-01,2.522002E-01,2.485916E+03,3.422101E+03,1.290396E-01,3.023528E-01

Peak Vol Flow (m3/s),,,5.681320E-02,2.214142E-01,,,1.802534E-01,2.742725E-01,,,1.112662E-01,2.388397E-01,,,1.798130E-01,2.195803E-01,,,1.123494E-01,2.632460E-01
