Time,CORE_ZN:INTERNATIONAL FALLS INTL AP ANN HTG 99.6% CONDNS DB:Des Heat Load [W],CORE_ZN:INTERNATIONAL FALLS INTL AP ANN CLG .4% CONDNS DB=>MWB:Des Sens Cool Load [W],CORE_ZN:INTERNATIONAL FALLS INTL AP ANN HTG 99.6% CONDNS DB:Des Heat Mass Flow [kg/s],CORE_ZN:INTERNATIONAL FALLS INTL AP ANN CLG .4% CONDNS DB=>MWB:Des Cool Mass Flow [kg/s],PERIMETER_ZN_1:INTERNATIONAL FALLS INTL AP ANN HTG 99.6% CONDNS DB:Des Heat Load [W],PERIMETER_ZN_1:INTERNATIONAL FALLS INTL AP ANN CLG .4% CONDNS DB=>MWB:Des Sens Cool Load [W],PERIMETER_ZN_1:INTERNATIONAL FALLS INTL AP ANN HTG 99.6% CONDNS DB:Des Heat Mass Flow [kg/s],PERIMETER_ZN_1:INTERNATIONAL FALLS INTL AP ANN CLG .4% CONDNS DB=>MWB:Des Cool Mass Flow [kg/s],PERIMETER_ZN_2:INTERNATIONAL FALLS INTL AP ANN HTG 99.6% CONDNS DB:Des Heat Load [W],PERIMETER_ZN_2:INTERNATIONAL FALLS INTL AP ANN CLG .4% CONDNS DB=>MWB:Des Sens Cool Load [W],PERIMETER_ZN_2:INTERNATIONAL FALLS INTL AP ANN HTG 99.6% CONDNS DB:Des Heat Mass Flow [kg/s],PERIMETER_ZN_2:INTERNATIONAL FALLS INTL AP ANN CLG .4% CONDNS DB=>MWB:Des Cool Mass Flow [kg/s],PERIMETER_ZN_3:INTERNATIONAL FALLS INTL AP ANN HTG 99.6% CONDNS DB:Des Heat Load [W],PERIMETER_ZN_3:INTERNATIONAL FALLS INTL AP ANN CLG .4% CONDNS DB=>MWB:Des Sens Cool Load [W],PERIMETER_ZN_3:INTERNATIONAL FALLS INTL AP ANN HTG 99.6% CONDNS DB:Des Heat Mass Flow [kg/s],PERIMETER_ZN_3:INTERNATIONAL FALLS INTL AP ANN CLG .4% CONDNS DB=>MWB:Des Cool Mass Flow [kg/s],PERIMETER_ZN_4:INTERNATIONAL FALLS INTL AP ANN HTG 99.6% CONDNS DB:Des Heat Load [W],PERIMETER_ZN_4:INTERNATIONAL FALLS INTL AP ANN CLG .4% CONDNS DB=>MWB:Des Sens Cool Load [W],PERIMETER_ZN_4:INTERNATIONAL FALLS INTL AP ANN HTG 99.6% CONDNS DB:Des Heat Mass Flow [kg/s],PERIMETER_ZN_4:INTERNATIONAL FALLS INTL AP ANN CLG .4% CONDNS DB=>MWB:Des Cool Mass Flow [kg/s]
00:10:00,1.299614E+03,2.332001E+03,6.746911E-02,2.060541E-01,3.762911E+03,1.691473E+03,1.953402E-01,1.494617E-01,2.277458E+03,1.004435E+03,1.182268E-01,8.875386E-02,3.681135E+03,1.643912E+03,1.910950E-01,1.452592E-01,2.297154E+03,1.152609E+03,1.192492E-01,1.018462E-01
00:20:00,1.299615E+03,2.325432E+03,6.746917E-02,2.054737E-01,3.762915E+03,1.675419E+03,1.953404E-01,1.480432E-01,2.277460E+03,9.947554E+02,1.182269E-01,8.789860E-02,3.681138E+03,1.628632E+03,1.910952E-01,1.439091E-01,2.297156E+03,1.136558E+03,1.192494E-01,1.004280E-01
00:30:00,1.299616E+03,2.319092E+03,6.746923E-02,2.049135E-01,3.762918E+03,1.659838E+03,1.953406E-01,1.466665E-01,2.277462E+03,9.853555E+02,1.182270E-01,8.706804E-02,3.681142E+03,1.613866E+03,1.910954E-01,1.426044E-01,2.297159E+03,1.121216E+03,1.192495E-01,9.907232E-02
00:40:00,1.299617E+03,2.312960E+03,6.746929E-02,2.043718E-01,3.762922E+03,1.644707E+03,1.953408E-01,1.453295E-01,2.277464E+03,9.762223E+02,1.182271E-01,8.626105E-02,3.681145E+03,1.599584E+03,1.910956E-01,1.413425E-01,2.297161E+03,1.106527E+03,1.192496E-01,9.777443E-02
00:50:00,1.299618E+03,2.307022E+03,6.746934E-02,2.038471E-01,3.762925E+03,1.630006E+03,1.953409E-01,1.440305E-01,2.277467E+03,9.673443E+02,1.182272E-01,8.547659E-02,3.681148E+03,1.585759E+03,1.910957E-01,1.401209E-01,2.297163E+03,1.092443E+03,1.192497E-01,9.653002E-02
01:00:00,1.299619E+03,2.301262E+03,6.746939E-02,2.033382E-01,3.762928E+03,1.615715E+03,1.953411E-01,1.427677E-01,2.277469E+03,9.587111E+02,1.182273E-01,8.471377E-02,3.681151E+03,1.572367E+03,1.910959E-01,1.389376E-01,2.297165E+03,1.078922E+03,1.192498E-01,9.533532E-02
01:10:00,1.299620E+03,2.295668E+03,6.746944E-02,2.028440E-01,3.762931E+03,1.601922E+03,1.953412E-01,1.415491E-01,2.277471E+03,9.503749E+02,1.182274E-01,8.397719E-02,3.681154E+03,1.559487E+03,1.910960E-01,1.377996E-01,2.297167E+03,1.065989E+03,1.192499E-01,9.419254E-02
01:20:00,1.299621E+03,2.290230E+03,6.746949E-02,2.023635E-01,3.762933E+03,1.588614E+03,1.953414E-01,1.403731E-01,2.277472E+03,9.423270E+02,1.182275E-01,8.326609E-02,3.681157E+03,1.547100E+03,1.910962E-01,1.367051E-01,2.297169E+03,1.053609E+03,1.192500E-01,9.309872E-02
01:30:00,1.299622E+03,2.284938E+03,6.746953E-02,2.018960E-01,3.762936E+03,1.575779E+03,1.953415E-01,1.392391E-01,2.277474E+03,9.345620E+02,1.182276E-01,8.257998E-02,3.681159E+03,1.535193E+03,1.910963E-01,1.356530E-01,2.297171E+03,1.041756E+03,1.192501E-01,9.205137E-02
01:40:00,1.299623E+03,2.279787E+03,6.746957E-02,2.014408E-01,3.762939E+03,1.563409E+03,1.953417E-01,1.381461E-01,2.277476E+03,9.270750E+02,1.182277E-01,8.191845E-02,3.681162E+03,1.523754E+03,1.910965E-01,1.346423E-01,2.297172E+03,1.030404E+03,1.192502E-01,9.104831E-02
01:50:00,1.299623E+03,2.274770E+03,6.746961E-02,2.009975E-01,3.762941E+03,1.551499E+03,1.953418E-01,1.370937E-01,2.277478E+03,9.198625E+02,1.182278E-01,8.128116E-02,3.681164E+03,1.512772E+03,1.910966E-01,1.336719E-01,2.297174E+03,1.019531E+03,1.192503E-01,9.008764E-02
02:00:00,1.299624E+03,2.269882E+03,6.746965E-02,2.005656E-01,3.762943E+03,1.540042E+03,1.953419E-01,1.360814E-01,2.277479E+03,9.129211E+02,1.182279E-01,8.066783E-02,3.681167E+03,1.502239E+03,1.910967E-01,1.327413E-01,2.297176E+03,1.009119E+03,1.192504E-01,8.916767E-02
02:10:00,1.299625E+03,2.265118E+03,6.746969E-02,2.001447E-01,3.762946E+03,1.528930E+03,1.953420E-01,1.350996E-01,2.277481E+03,9.061873E+02,1.182280E-01,8.007284E-02,3.681169E+03,1.492049E+03,1.910968E-01,1.318408E-01,2.297177E+03,9.990887E+02,1.192504E-01,8.828139E-02
02:20:00,1.299626E+03,2.260474E+03,6.746973E-02,1.997344E-01,3.762948E+03,1.518161E+03,1.953421E-01,1.341480E-01,2.277482E+03,8.996588E+02,1.182280E-01,7.949600E-02,3.681171E+03,1.482193E+03,1.910969E-01,1.309700E-01,2.297179E+03,9.894238E+02,1.192505E-01,8.742742E-02
02:30:00,1.299626E+03,2.255946E+03,6.746977E-02,1.993344E-01,3.762950E+03,1.507727E+03,1.953423E-01,1.332261E-01,2.277484E+03,8.933320E+02,1.182281E-01,7.893698E-02,3.681174E+03,1.472664E+03,1.910971E-01,1.301281E-01,2.297180E+03,9.801092E+02,1.192506E-01,8.660440E-02
02:40:00,1.299627E+03,2.251530E+03,6.746980E-02,1.989442E-01,3.762952E+03,1.497621E+03,1.953424E-01,1.323332E-01,2.277485E+03,8.872032E+02,1.182282E-01,7.839545E-02,3.681176E+03,1.463453E+03,1.910972E-01,1.293142E-01,2.297182E+03,9.711306E+02,1.192507E-01,8.581106E-02
02:50:00,1.299628E+03,2.247222E+03,6.746983E-02,1.985636E-01,3.762954E+03,1.487838E+03,1.953425E-01,1.314688E-01,2.277487E+03,8.812689E+02,1.182283E-01,7.787110E-02,3.681178E+03,1.454552E+03,1.910973E-01,1.285278E-01,2.297183E+03,9.624746E+02,1.192507E-01,8.504624E-02
03:00:00,1.299628E+03,2.243020E+03,6.746987E-02,1.981923E-01,3.762956E+03,1.478373E+03,1.953426E-01,1.306325E-01,2.277488E+03,8.755257E+02,1.182283E-01,7.736365E-02,3.681180E+03,1.445956E+03,1.910974E-01,1.277682E-01,2.297184E+03,9.541295E+02,1.192508E-01,8.430888E-02
03:10:00,1.299629E+03,2.238919E+03,6.746990E-02,1.978300E-01,3.762958E+03,1.469115E+03,1.953427E-01,1.298144E-01,2.277489E+03,8.699095E+02,1.182284E-01,7.686741E-02,3.681182E+03,1.437558E+03,1.910975E-01,1.270262E-01,2.297186E+03,9.460217E+02,1.192509E-01,8.359248E-02
03:20:00,1.299630E+03,2.234916E+03,6.746993E-02,1.974763E-01,3.762960E+03,1.460060E+03,1.953428E-01,1.290144E-01,2.277490E+03,8.644175E+02,1.182285E-01,7.638216E-02,3.681183E+03,1.429353E+03,1.910976E-01,1.263012E-01,2.297187E+03,9.381411E+02,1.192509E-01,8.289617E-02
03:30:00,1.299630E+03,2.231006E+03,6.746996E-02,1.971309E-01,3.762962E+03,1.451200E+03,1.953429E-01,1.282316E-01,2.277492E+03,8.590451E+02,1.182285E-01,7.590746E-02,3.681185E+03,1.421332E+03,1.910977E-01,1.255925E-01,2.297188E+03,9.304768E+02,1.192510E-01,8.221897E-02
03:40:00,1.299631E+03,2.227187E+03,6.746999E-02,1.967935E-01,3.762964E+03,1.442528E+03,1.953430E-01,1.274653E-01,2.277493E+03,8.537879E+02,1.182286E-01,7.544294E-02,3.681187E+03,1.413487E+03,1.910977E-01,1.248994E-01,2.297189E+03,9.230189E+02,1.192511E-01,8.156000E-02
03:50:00,1.299631E+03,2.223454E+03,6.747002E-02,1.964636E-01,3.762965E+03,1.434036E+03,1.953430E-01,1.267149E-01,2.277494E+03,8.486412E+02,1.182287E-01,7.498819E-02,3.681189E+03,1.405811E+03,1.910978E-01,1.242211E-01,2.297190E+03,9.157570E+02,1.192511E-01,8.091835E-02
04:00:00,1.299632E+03,2.219804E+03,6.747005E-02,1.961411E-01,3.762967E+03,1.425715E+03,1.953431E-01,1.259797E-01,2.277495E+03,8.436004E+02,1.182287E-01,7.454279E-02,3.681190E+03,1.398295E+03,1.910979E-01,1.235570E-01,2.297192E+03,9.086816E+02,1.192512E-01,8.029318E-02
04:10:00,1.299632E+03,2.216231E+03,6.747007E-02,1.958254E-01,3.762969E+03,1.417661E+03,1.953432E-01,1.252681E-01,2.277496E+03,8.387218E+02,1.182288E-01,7.411173E-02,3.681192E+03,1.391030E+03,1.910980E-01,1.229151E-01,2.297193E+03,9.018463E+02,1.192512E-01,7.968922E-02
04:20:00,1.299633E+03,2.212734E+03,6.747010E-02,1.955165E-01,3.762970E+03,1.409866E+03,1.953433E-01,1.245794E-01,2.277497E+03,8.340008E+02,1.182288E-01,7.369459E-02,3.681194E+03,1.384009E+03,1.910981E-01,1.222948E-01,2.297194E+03,8.952423E+02,1.192513E-01,7.910571E-02
04:30:00,1.299633E+03,2.209310E+03,6.747013E-02,1.952140E-01,3.762972E+03,1.402327E+03,1.953434E-01,1.239132E-01,2.277498E+03,8.294349E+02,1.182289E-01,7.329116E-02,3.681195E+03,1.377229E+03,1.910982E-01,1.216957E-01,2.297195E+03,8.888634E+02,1.192514E-01,7.854208E-02
04:40:00,1.299634E+03,2.206003E+03,6.747015E-02,1.949218E-01,3.762973E+03,1.396499E+03,1.953435E-01,1.233983E-01,2.277499E+03,8.286262E+02,1.182289E-01,7.321972E-02,3.681197E+03,1.375011E+03,1.910982E-01,1.214998E-01,2.297196E+03,8.835069E+02,1.192514E-01,7.806879E-02
04:50:00,1.299634E+03,2.203023E+03,6.747018E-02,1.946584E-01,3.762975E+03,1.392466E+03,1.953435E-01,1.230420E-01,2.277500E+03,8.352940E+02,1.182290E-01,7.380899E-02,3.681198E+03,1.380643E+03,1.910983E-01,1.219976E-01,2.297197E+03,8.792352E+02,1.192515E-01,7.769138E-02
05:00:00,1.299635E+03,2.200763E+03,6.747020E-02,1.944588E-01,3.762976E+03,1.390747E+03,1.953436E-01,1.228902E-01,2.277501E+03,8.519435E+02,1.182290E-01,7.528038E-02,3.681199E+03,1.394194E+03,1.910984E-01,1.231951E-01,2.297198E+03,8.763543E+02,1.192515E-01,7.743686E-02
05:10:00,1.299635E+03,2.199732E+03,6.747023E-02,1.943677E-01,3.762978E+03,1.389833E+03,1.953437E-01,1.228095E-01,2.277502E+03,8.854318E+02,1.182291E-01,7.823982E-02,3.681201E+03,1.414752E+03,1.910985E-01,1.250120E-01,2.297199E+03,8.754236E+02,1.192516E-01,7.735468E-02
05:20:00,1.299636E+03,2.200412E+03,6.747025E-02,1.944278E-01,3.762979E+03,1.391499E+03,1.953438E-01,1.229568E-01,2.277503E+03,9.359802E+02,1.182291E-01,8.270698E-02,3.681202E+03,1.445313E+03,1.910985E-01,1.277128E-01,2.297199E+03,8.750995E+02,1.192516E-01,7.732612E-02
05:30:00,1.299636E+03,2.202965E+03,6.747027E-02,1.946526E-01,3.762980E+03,1.396538E+03,1.953438E-01,1.234015E-01,2.277504E+03,1.005061E+03,1.182292E-01,8.881124E-02,3.681203E+03,1.485113E+03,1.910986E-01,1.312292E-01,2.297200E+03,8.765515E+02,1.192516E-01,7.745408E-02
05:40:00,1.299637E+03,2.207701E+03,6.747029E-02,1.950694E-01,3.762982E+03,1.404096E+03,1.953439E-01,1.240680E-01,2.277505E+03,1.090583E+03,1.182292E-01,9.636755E-02,3.681205E+03,1.528751E+03,1.910987E-01,1.350838E-01,2.297201E+03,8.792157E+02,1.192517E-01,7.768871E-02
05:50:00,1.299637E+03,2.214516E+03,6.747031E-02,1.956698E-01,3.762983E+03,1.411892E+03,1.953439E-01,1.247555E-01,2.277506E+03,1.190010E+03,1.182293E-01,1.051524E-01,3.681206E+03,1.571534E+03,1.910987E-01,1.388628E-01,2.297202E+03,8.831966E+02,1.192517E-01,7.803966E-02
06:00:00,1.299637E+03,2.222992E+03,6.747034E-02,1.964165E-01,3.762984E+03,1.422126E+03,1.953440E-01,1.256580E-01,2.277506E+03,1.303031E+03,1.182293E-01,1.151378E-01,3.681207E+03,1.612708E+03,1.910988E-01,1.424989E-01,2.297203E+03,8.885598E+02,1.192518E-01,7.851248E-02
06:10:00,1.299638E+03,2.232830E+03,6.747036E-02,1.972832E-01,3.762985E+03,1.436741E+03,1.953441E-01,1.269474E-01,2.277507E+03,1.422912E+03,1.182293E-01,1.257288E-01,3.681208E+03,1.651505E+03,1.910989E-01,1.459246E-01,2.297204E+03,8.946988E+02,1.192518E-01,7.905371E-02
06:20:00,1.299638E+03,2.243548E+03,6.747038E-02,1.982277E-01,3.762986E+03,1.451079E+03,1.953441E-01,1.282123E-01,2.277508E+03,1.548958E+03,1.182294E-01,1.368641E-01,3.681209E+03,1.682450E+03,1.910989E-01,1.486564E-01,2.297204E+03,9.028268E+02,1.192519E-01,7.977065E-02
06:30:00,1.299639E+03,2.254911E+03,6.747040E-02,1.992299E-01,3.762987E+03,1.466444E+03,1.953442E-01,1.295685E-01,2.277509E+03,1.679419E+03,1.182294E-01,1.483897E-01,3.681211E+03,1.703684E+03,1.910990E-01,1.505308E-01,2.297205E+03,9.102346E+02,1.192519E-01,8.042436E-02
06:40:00,1.299639E+03,2.266401E+03,6.747042E-02,2.002443E-01,3.762989E+03,1.482697E+03,1.953442E-01,1.310040E-01,2.277509E+03,1.812221E+03,1.182295E-01,1.601226E-01,3.681212E+03,1.715156E+03,1.910990E-01,1.515435E-01,2.297206E+03,9.177302E+02,1.192519E-01,8.108625E-02
06:50:00,1.299639E+03,2.277635E+03,6.747043E-02,2.012358E-01,3.762990E+03,1.502141E+03,1.953443E-01,1.327210E-01,2.277510E+03,1.945344E+03,1.182295E-01,1.718834E-01,3.681213E+03,1.718037E+03,1.910991E-01,1.517968E-01,2.297207E+03,9.253290E+02,1.192520E-01,8.175710E-02
07:00:00,1.299640E+03,2.288419E+03,6.747045E-02,2.021879E-01,3.762991E+03,1.522242E+03,1.953444E-01,1.344965E-01,2.277511E+03,2.075809E+03,1.182295E-01,1.834095E-01,3.681214E+03,1.713995E+03,1.910991E-01,1.514388E-01,2.297207E+03,9.327548E+02,1.192520E-01,8.241284E-02
07:10:00,1.299640E+03,2.298262E+03,6.747047E-02,2.030571E-01,3.703772E+03,1.551660E+03,1.922702E-01,1.370954E-01,2.238032E+03,2.208726E+03,1.161801E-01,1.951523E-01,3.621995E+03,1.716019E+03,1.880250E-01,1.516170E-01,2.257728E+03,9.461052E+02,1.172026E-01,8.359218E-02
07:20:00,1.299640E+03,2.306937E+03,6.747049E-02,2.038231E-01,3.644527E+03,1.584107E+03,1.891948E-01,1.399618E-01,2.198534E+03,2.337514E+03,1.141298E-01,2.065300E-01,3.562750E+03,1.719558E+03,1.849496E-01,1.519291E-01,2.218231E+03,9.594848E+02,1.151523E-01,8.477408E-02
07:30:00,1.299641E+03,2.314379E+03,6.747050E-02,2.044802E-01,3.585268E+03,1.617958E+03,1.861188E-01,1.429522E-01,2.159028E+03,2.460157E+03,1.120792E-01,2.173647E-01,3.503491E+03,1.727821E+03,1.818736E-01,1.526587E-01,2.178724E+03,9.747879E+02,1.131016E-01,8.612590E-02
07:40:00,1.299641E+03,2.320798E+03,6.747050E-02,2.050469E-01,3.525980E+03,1.652896E+03,1.830415E-01,1.460386E-01,2.119503E+03,2.574831E+03,1.100277E-01,2.274951E-01,3.444204E+03,1.742235E+03,1.787963E-01,1.539317E-01,2.139200E+03,9.911524E+02,1.110501E-01,8.757146E-02
07:50:00,1.299640E+03,2.326680E+03,6.747049E-02,2.055664E-01,3.466670E+03,1.688915E+03,1.799632E-01,1.492208E-01,2.079964E+03,2.681048E+03,1.079756E-01,2.368786E-01,3.384896E+03,1.763271E+03,1.757181E-01,1.557900E-01,2.099661E+03,1.008530E+03,1.089980E-01,8.910667E-02
08:00:00,1.299639E+03,2.332449E+03,6.747044E-02,2.060759E-01,3.407342E+03,1.725809E+03,1.768841E-01,1.524802E-01,2.040414E+03,2.778378E+03,1.059229E-01,2.454769E-01,3.325569E+03,1.790049E+03,1.726391E-01,1.581556E-01,2.060110E+03,1.026917E+03,1.069454E-01,9.073105E-02
08:10:00,1.299638E+03,2.338632E+03,6.747036E-02,2.066218E-01,3.407218E+03,1.754500E+03,1.768785E-01,1.550146E-01,2.040333E+03,2.860306E+03,1.059193E-01,2.527143E-01,3.325447E+03,1.811419E+03,1.726336E-01,1.600432E-01,2.060028E+03,1.040393E+03,1.069417E-01,9.192143E-02
08:20:00,1.299635E+03,2.345598E+03,6.747023E-02,2.072370E-01,3.407107E+03,1.784244E+03,1.768736E-01,1.576422E-01,2.040262E+03,2.932356E+03,1.059161E-01,2.590792E-01,3.325339E+03,1.834492E+03,1.726288E-01,1.620814E-01,2.059957E+03,1.055067E+03,1.069386E-01,9.321761E-02
08:30:00,1.299632E+03,2.353628E+03,6.747006E-02,2.079462E-01,3.407000E+03,1.816355E+03,1.768688E-01,1.604789E-01,2.040193E+03,2.993753E+03,1.059130E-01,2.645030E-01,3.325234E+03,1.859846E+03,1.726240E-01,1.643211E-01,2.059888E+03,1.071290E+03,1.069354E-01,9.465074E-02
08:40:00,1.299628E+03,2.362795E+03,6.746984E-02,2.087558E-01,3.406913E+03,1.850236E+03,1.768648E-01,1.634719E-01,2.040136E+03,3.046186E+03,1.059104E-01,2.691350E-01,3.325147E+03,1.886479E+03,1.726200E-01,1.666738E-01,2.059830E+03,1.088538E+03,1.069328E-01,9.617436E-02
08:50:00,1.299623E+03,2.372981E+03,6.746959E-02,2.096555E-01,3.406839E+03,1.888943E+03,1.768614E-01,1.668915E-01,2.040088E+03,3.089553E+03,1.059082E-01,2.729660E-01,3.325073E+03,1.914000E+03,1.726166E-01,1.691050E-01,2.059782E+03,1.105031E+03,1.069306E-01,9.763141E-02
09:00:00,1.299618E+03,2.384078E+03,6.746932E-02,2.106361E-01,3.406777E+03,1.934896E+03,1.768585E-01,1.709516E-01,2.040046E+03,3.123495E+03,1.059062E-01,2.759648E-01,3.325011E+03,1.942310E+03,1.726137E-01,1.716064E-01,2.059741E+03,1.121813E+03,1.069287E-01,9.911418E-02
09:10:00,1.299612E+03,2.395853E+03,6.746904E-02,2.116765E-01,3.406723E+03,1.989396E+03,1.768560E-01,1.757668E-01,2.040011E+03,3.147538E+03,1.059046E-01,2.780891E-01,3.324957E+03,1.970940E+03,1.726112E-01,1.741359E-01,2.059706E+03,1.138846E+03,1.069270E-01,1.006191E-01
09:20:00,1.299607E+03,2.408264E+03,6.746876E-02,2.127730E-01,3.406677E+03,2.053773E+03,1.768538E-01,1.814546E-01,2.039981E+03,3.160726E+03,1.059031E-01,2.792542E-01,3.324911E+03,1.999806E+03,1.726089E-01,1.766862E-01,2.059675E+03,1.156132E+03,1.069255E-01,1.021463E-01
09:30:00,1.299601E+03,2.421212E+03,6.746847E-02,2.139170E-01,3.406638E+03,2.127427E+03,1.768519E-01,1.879622E-01,2.039954E+03,3.161247E+03,1.059018E-01,2.793001E-01,3.324872E+03,2.027663E+03,1.726070E-01,1.791473E-01,2.059649E+03,1.173004E+03,1.069243E-01,1.036369E-01
09:40:00,1.299596E+03,2.434632E+03,6.746820E-02,2.151029E-01,3.406604E+03,2.211819E+03,1.768502E-01,1.954186E-01,2.039932E+03,3.147458E+03,1.059007E-01,2.780820E-01,3.324837E+03,2.055135E+03,1.726053E-01,1.815747E-01,2.059626E+03,1.189846E+03,1.069232E-01,1.051251E-01
09:50:00,1.299591E+03,2.448401E+03,6.746794E-02,2.163197E-01,3.406575E+03,2.304560E+03,1.768488E-01,2.036130E-01,2.039912E+03,3.118994E+03,1.058997E-01,2.755674E-01,3.324808E+03,2.082236E+03,1.726039E-01,1.839694E-01,2.059607E+03,1.208301E+03,1.069222E-01,1.067557E-01
10:00:00,1.299586E+03,2.462419E+03,6.746768E-02,2.175583E-01,3.406549E+03,2.403832E+03,1.768475E-01,2.123840E-01,2.039895E+03,3.075804E+03,1.058989E-01,2.717515E-01,3.324782E+03,2.108867E+03,1.726026E-01,1.863224E-01,2.059590E+03,1.227239E+03,1.069213E-01,1.084289E-01
10:10:00,1.299582E+03,2.476664E+03,6.746745E-02,2.188171E-01,3.406527E+03,2.508420E+03,1.768464E-01,2.216248E-01,2.039879E+03,3.018029E+03,1.058981E-01,2.666472E-01,3.324759E+03,2.135022E+03,1.726015E-01,1.886334E-01,2.059575E+03,1.246418E+03,1.069206E-01,1.101236E-01
10:20:00,1.299577E+03,2.491004E+03,6.746722E-02,2.200843E-01,3.406508E+03,2.617072E+03,1.768454E-01,2.312248E-01,2.039866E+03,2.946899E+03,1.058975E-01,2.603630E-01,3.324740E+03,2.160625E+03,1.726005E-01,1.908957E-01,2.059561E+03,1.265734E+03,1.069199E-01,1.118303E-01
10:30:00,1.299573E+03,2.505356E+03,6.746701E-02,2.213527E-01,3.406491E+03,2.728562E+03,1.768446E-01,2.410755E-01,2.039855E+03,2.866266E+03,1.058969E-01,2.532392E-01,3.324722E+03,2.185658E+03,1.725996E-01,1.931077E-01,2.059550E+03,1.285131E+03,1.069193E-01,1.135442E-01
10:40:00,1.299570E+03,2.519655E+03,6.746682E-02,2.226164E-01,3.406476E+03,2.841684E+03,1.768438E-01,2.510705E-01,2.039844E+03,2.777767E+03,1.058964E-01,2.454205E-01,3.324707E+03,2.210147E+03,1.725989E-01,1.952716E-01,2.059540E+03,1.304465E+03,1.069188E-01,1.152526E-01
10:50:00,1.299566E+03,2.533809E+03,6.746664E-02,2.238675E-01,3.406463E+03,2.955242E+03,1.768432E-01,2.611043E-01,2.039835E+03,2.682794E+03,1.058959E-01,2.370298E-01,3.324694E+03,2.234118E+03,1.725982E-01,1.973900E-01,2.059531E+03,1.323688E+03,1.069184E-01,1.169513E-01
11:00:00,1.299563E+03,2.547711E+03,6.746647E-02,2.250958E-01,3.406451E+03,3.065765E+03,1.768426E-01,2.708694E-01,2.039827E+03,2.582644E+03,1.058955E-01,2.281813E-01,3.324681E+03,2.257980E+03,1.725976E-01,1.994983E-01,2.059523E+03,1.342725E+03,1.069179E-01,1.186333E-01
11:10:00,1.299560E+03,2.561389E+03,6.746631E-02,2.263046E-01,3.406440E+03,3.173513E+03,1.768420E-01,2.803896E-01,2.039820E+03,2.479862E+03,1.058951E-01,2.191005E-01,3.324671E+03,2.281390E+03,1.725970E-01,2.015669E-01,2.059515E+03,1.361460E+03,1.069176E-01,1.202888E-01
11:20:00,1.299557E+03,2.574714E+03,6.746616E-02,2.274824E-01,3.406431E+03,3.277739E+03,1.768415E-01,2.895989E-01,2.039813E+03,2.376933E+03,1.058948E-01,2.100068E-01,3.324661E+03,2.304174E+03,1.725965E-01,2.035804E-01,2.059509E+03,1.379751E+03,1.069172E-01,1.219051E-01
11:30:00,1.299554E+03,2.587665E+03,6.746603E-02,2.286272E-01,3.406422E+03,3.377576E+03,1.768411E-01,2.984203E-01,2.039808E+03,2.283826E+03,1.058945E-01,2.017809E-01,3.324652E+03,2.326344E+03,1.725961E-01,2.055397E-01,2.059503E+03,1.397519E+03,1.069169E-01,1.234753E-01
11:40:00,1.299552E+03,2.600283E+03,6.746590E-02,2.297426E-01,3.406414E+03,3.472296E+03,1.768407E-01,3.067897E-01,2.039802E+03,2.203512E+03,1.058942E-01,1.946854E-01,3.324645E+03,2.347948E+03,1.725957E-01,2.074489E-01,2.059498E+03,1.414805E+03,1.069167E-01,1.250028E-01
11:50:00,1.299550E+03,2.612570E+03,6.746579E-02,2.308291E-01,3.406407E+03,3.561206E+03,1.768403E-01,3.146463E-01,2.039797E+03,2.137062E+03,1.058939E-01,1.888150E-01,3.324637E+03,2.368963E+03,1.725953E-01,2.093065E-01,2.059493E+03,1.431517E+03,1.069164E-01,1.264799E-01
12:00:00,1.299548E+03,2.624585E+03,6.746568E-02,2.318919E-01,3.406401E+03,3.646072E+03,1.768400E-01,3.221459E-01,2.039793E+03,2.085346E+03,1.058937E-01,1.842467E-01,3.324631E+03,2.389007E+03,1.725950E-01,2.110786E-01,2.059488E+03,1.447624E+03,1.069162E-01,1.279036E-01
12:10:00,1.299546E+03,2.636270E+03,6.746558E-02,2.329253E-01,3.406395E+03,3.725043E+03,1.768397E-01,3.291245E-01,2.039789E+03,2.047737E+03,1.058935E-01,1.809247E-01,3.324625E+03,2.408431E+03,1.725947E-01,2.127957E-01,2.059484E+03,1.463146E+03,1.069160E-01,1.292757E-01
12:20:00,1.299544E+03,2.647713E+03,6.746548E-02,2.339372E-01,3.406389E+03,3.797441E+03,1.768394E-01,3.355220E-01,2.039785E+03,2.023372E+03,1.058933E-01,1.787727E-01,3.324619E+03,2.427406E+03,1.725944E-01,2.144730E-01,2.059480E+03,1.478147E+03,1.069158E-01,1.306014E-01
12:30:00,1.299542E+03,2.658896E+03,6.746539E-02,2.349261E-01,3.406384E+03,3.862835E+03,1.768391E-01,3.413008E-01,2.039781E+03,2.003615E+03,1.058931E-01,1.770279E-01,3.324614E+03,2.445916E+03,1.725941E-01,2.161092E-01,2.059477E+03,1.492609E+03,1.069156E-01,1.318797E-01
12:40:00,1.299541E+03,2.669700E+03,6.746531E-02,2.358811E-01,3.406379E+03,3.920753E+03,1.768389E-01,3.464184E-01,2.039778E+03,1.986462E+03,1.058929E-01,1.755128E-01,3.324609E+03,2.463863E+03,1.725938E-01,2.176952E-01,2.059474E+03,1.506480E+03,1.069154E-01,1.331055E-01
12:50:00,1.299539E+03,2.680385E+03,6.746523E-02,2.368252E-01,3.406375E+03,3.971073E+03,1.768386E-01,3.508641E-01,2.039775E+03,1.971569E+03,1.058928E-01,1.741970E-01,3.324604E+03,2.481453E+03,1.725936E-01,2.192494E-01,2.059470E+03,1.519896E+03,1.069153E-01,1.342908E-01
13:00:00,1.299538E+03,2.690449E+03,6.746516E-02,2.377162E-01,3.406370E+03,4.013157E+03,1.768384E-01,3.545844E-01,2.039772E+03,1.958404E+03,1.058926E-01,1.730350E-01,3.324600E+03,2.498299E+03,1.725934E-01,2.207394E-01,2.059468E+03,1.532640E+03,1.069151E-01,1.354178E-01
13:10:00,1.299536E+03,2.700117E+03,6.746509E-02,2.385724E-01,3.406366E+03,4.046812E+03,1.768382E-01,3.575604E-01,2.039769E+03,1.946736E+03,1.058925E-01,1.720053E-01,3.324596E+03,2.514474E+03,1.725932E-01,2.221703E-01,2.059465E+03,1.544764E+03,1.069150E-01,1.364900E-01
13:20:00,1.299535E+03,2.709231E+03,6.746502E-02,2.393796E-01,3.406362E+03,4.071770E+03,1.768380E-01,3.597679E-01,2.039767E+03,1.936294E+03,1.058924E-01,1.710840E-01,3.324592E+03,2.529852E+03,1.725930E-01,2.235309E-01,2.059462E+03,1.556640E+03,1.069148E-01,1.375404E-01
13:30:00,1.299534E+03,2.717774E+03,6.746496E-02,2.401365E-01,3.406359E+03,4.087896E+03,1.768378E-01,3.611951E-01,2.039764E+03,1.926878E+03,1.058922E-01,1.702532E-01,3.324589E+03,2.544403E+03,1.725928E-01,2.248183E-01,2.059460E+03,1.576256E+03,1.069147E-01,1.392748E-01
13:40:00,1.299533E+03,2.725758E+03,6.746490E-02,2.408440E-01,3.406355E+03,4.095149E+03,1.768376E-01,3.618384E-01,2.039762E+03,1.918299E+03,1.058921E-01,1.694965E-01,3.324585E+03,2.558119E+03,1.725926E-01,2.260320E-01,2.059457E+03,1.607113E+03,1.069146E-01,1.420024E-01
13:50:00,1.299532E+03,2.732984E+03,6.746484E-02,2.414844E-01,3.406352E+03,4.095617E+03,1.768375E-01,3.618820E-01,2.039760E+03,1.910053E+03,1.058920E-01,1.687691E-01,3.324582E+03,2.570419E+03,1.725924E-01,2.271206E-01,2.059455E+03,1.651771E+03,1.069145E-01,1.459496E-01
14:00:00,1.299531E+03,2.739964E+03,6.746479E-02,2.421013E-01,3.406349E+03,4.087988E+03,1.768373E-01,3.612080E-01,2.039757E+03,1.902491E+03,1.058919E-01,1.681011E-01,3.324579E+03,2.581880E+03,1.725923E-01,2.281334E-01,2.059453E+03,1.712167E+03,1.069144E-01,1.512865E-01
14:10:00,1.299530E+03,2.746455E+03,6.746474E-02,2.426748E-01,3.406346E+03,4.071679E+03,1.768371E-01,3.597668E-01,2.039755E+03,1.895190E+03,1.058918E-01,1.674561E-01,3.324575E+03,2.592266E+03,1.725921E-01,2.290511E-01,2.059451E+03,1.789603E+03,1.069143E-01,1.581291E-01
14:20:00,1.299529E+03,2.752608E+03,6.746469E-02,2.432184E-01,3.406343E+03,4.046927E+03,1.768370E-01,3.575795E-01,2.039753E+03,1.888027E+03,1.058917E-01,1.668232E-01,3.324573E+03,2.601687E+03,1.725920E-01,2.298834E-01,2.059449E+03,1.884853E+03,1.069141E-01,1.665457E-01
14:30:00,1.299528E+03,2.758430E+03,6.746464E-02,2.437328E-01,3.406340E+03,4.013971E+03,1.768368E-01,3.546674E-01,2.039751E+03,1.880862E+03,1.058916E-01,1.661901E-01,3.324570E+03,2.610171E+03,1.725918E-01,2.306330E-01,2.059447E+03,1.990806E+03,1.069140E-01,1.759081E-01
14:40:00,1.299527E+03,2.763903E+03,6.746460E-02,2.442164E-01,3.406337E+03,3.973115E+03,1.768367E-01,3.510572E-01,2.039750E+03,1.873568E+03,1.058915E-01,1.655457E-01,3.324567E+03,2.617733E+03,1.725917E-01,2.313011E-01,2.059445E+03,2.104576E+03,1.069140E-01,1.859611E-01
14:50:00,1.299526E+03,2.768982E+03,6.746455E-02,2.446651E-01,3.406335E+03,3.922517E+03,1.768366E-01,3.465863E-01,2.039748E+03,1.866260E+03,1.058914E-01,1.649000E-01,3.324564E+03,2.624771E+03,1.725915E-01,2.319229E-01,2.059443E+03,2.223866E+03,1.069139E-01,1.965018E-01
15:00:00,1.299525E+03,2.773443E+03,6.746451E-02,2.450583E-01,3.406332E+03,3.864278E+03,1.768364E-01,3.414391E-01,2.039746E+03,1.858427E+03,1.058913E-01,1.642073E-01,3.324562E+03,2.630927E+03,1.725914E-01,2.324659E-01,2.059442E+03,2.347008E+03,1.069138E-01,2.073816E-01
15:10:00,1.299524E+03,2.777414E+03,6.746447E-02,2.454071E-01,3.406330E+03,3.799521E+03,1.768363E-01,3.357151E-01,2.039744E+03,1.850107E+03,1.058912E-01,1.634710E-01,3.324559E+03,2.636167E+03,1.725913E-01,2.329270E-01,2.059440E+03,2.472466E+03,1.069137E-01,2.184650E-01
15:20:00,1.299524E+03,2.780851E+03,6.746443E-02,2.457087E-01,3.406327E+03,3.729073E+03,1.768362E-01,3.294883E-01,2.039743E+03,1.841245E+03,1.058911E-01,1.626869E-01,3.324557E+03,2.640470E+03,1.725911E-01,2.333053E-01,2.059438E+03,2.598861E+03,1.069136E-01,2.296308E-01
15:30:00,1.299523E+03,2.783677E+03,6.746439E-02,2.459563E-01,3.406325E+03,3.653972E+03,1.768361E-01,3.228504E-01,2.039741E+03,1.831760E+03,1.058910E-01,1.618476E-01,3.324555E+03,2.643753E+03,1.725910E-01,2.335935E-01,2.059437E+03,2.721720E+03,1.069135E-01,2.404840E-01
15:40:00,1.299522E+03,2.785841E+03,6.746435E-02,2.461454E-01,3.406323E+03,3.575229E+03,1.768359E-01,3.158907E-01,2.039740E+03,1.821587E+03,1.058910E-01,1.609477E-01,3.324553E+03,2.645904E+03,1.725909E-01,2.337817E-01,2.059435E+03,2.837969E+03,1.069134E-01,2.507530E-01
15:50:00,1.299521E+03,2.787215E+03,6.746432E-02,2.462643E-01,3.406321E+03,3.494071E+03,1.768358E-01,3.087171E-01,2.039738E+03,1.812404E+03,1.058909E-01,1.601348E-01,3.324550E+03,2.646722E+03,1.725908E-01,2.338515E-01,2.059434E+03,2.945780E+03,1.069134E-01,2.602757E-01
16:00:00,1.299521E+03,2.788033E+03,6.746428E-02,2.463345E-01,3.406318E+03,3.413177E+03,1.768357E-01,3.015677E-01,2.039737E+03,1.803106E+03,1.058908E-01,1.593121E-01,3.324548E+03,2.646279E+03,1.725907E-01,2.338106E-01,2.059433E+03,3.043868E+03,1.069133E-01,2.689398E-01
16:10:00,1.299520E+03,2.788071E+03,6.746425E-02,2.463369E-01,3.406316E+03,3.337167E+03,1.768356E-01,2.948509E-01,2.039736E+03,1.793462E+03,1.058907E-01,1.584594E-01,3.324546E+03,2.644550E+03,1.725906E-01,2.336569E-01,2.059431E+03,3.131066E+03,1.069132E-01,2.766428E-01
16:20:00,1.299519E+03,2.787326E+03,6.746421E-02,2.462701E-01,3.406314E+03,3.265991E+03,1.768355E-01,2.885613E-01,2.039734E+03,1.782657E+03,1.058907E-01,1.575042E-01,3.324544E+03,2.640143E+03,1.725905E-01,2.332667E-01,2.059430E+03,3.207703E+03,1.069132E-01,2.834127E-01
16:30:00,1.299519E+03,2.785833E+03,6.746418E-02,2.461373E-01,3.406312E+03,3.201868E+03,1.768354E-01,2.828949E-01,2.039733E+03,1.771132E+03,1.058906E-01,1.564854E-01,3.324542E+03,2.633765E+03,1.725904E-01,2.327022E-01,2.059429E+03,3.275089E+03,1.069131E-01,2.893654E-01
16:40:00,1.299518E+03,2.783631E+03,6.746415E-02,2.459419E-01,3.406311E+03,3.145637E+03,1.768353E-01,2.779258E-01,2.039732E+03,1.759007E+03,1.058905E-01,1.554135E-01,3.324540E+03,2.625556E+03,1.725903E-01,2.319761E-01,2.059427E+03,3.334232E+03,1.069130E-01,2.945897E-01
16:50:00,1.299518E+03,2.780846E+03,6.746412E-02,2.456955E-01,3.406309E+03,3.097278E+03,1.768352E-01,2.736529E-01,2.039730E+03,1.744561E+03,1.058905E-01,1.541370E-01,3.324539E+03,2.615561E+03,1.725902E-01,2.310926E-01,2.059426E+03,3.385387E+03,1.069130E-01,2.991088E-01
17:00:00,1.299517E+03,2.777407E+03,6.746409E-02,2.453916E-01,3.406307E+03,3.055204E+03,1.768351E-01,2.699356E-01,2.039729E+03,1.728936E+03,1.058904E-01,1.527565E-01,3.324537E+03,2.603672E+03,1.725901E-01,2.300422E-01,2.059425E+03,3.428489E+03,1.069129E-01,3.029169E-01
17:10:00,1.299516E+03,2.773360E+03,6.746406E-02,2.450341E-01,3.406305E+03,3.015766E+03,1.768350E-01,2.664513E-01,2.039728E+03,1.712424E+03,1.058904E-01,1.512976E-01,3.324535E+03,2.589974E+03,1.725900E-01,2.288319E-01,2.059424E+03,3.463493E+03,1.069128E-01,3.060095E-01
17:20:00,1.299516E+03,2.768717E+03,6.746403E-02,2.446234E-01,3.406304E+03,2.979808E+03,1.768349E-01,2.632740E-01,2.039727E+03,1.695796E+03,1.058903E-01,1.498282E-01,3.324534E+03,2.575447E+03,1.725899E-01,2.275481E-01,2.059423E+03,3.487762E+03,1.069128E-01,3.081532E-01
17:30:00,1.299515E+03,2.763739E+03,6.746400E-02,2.441831E-01,3.406302E+03,2.944986E+03,1.768349E-01,2.601969E-01,2.039726E+03,1.678865E+03,1.058902E-01,1.483321E-01,3.324532E+03,2.559912E+03,1.725898E-01,2.261750E-01,2.059422E+03,3.501030E+03,1.069127E-01,3.093248E-01
17:40:00,1.299515E+03,2.758737E+03,6.746398E-02,2.437406E-01,3.406300E+03,2.910344E+03,1.768348E-01,2.571356E-01,2.039725E+03,1.661396E+03,1.058902E-01,1.467883E-01,3.324530E+03,2.545227E+03,1.725898E-01,2.248770E-01,2.059420E+03,3.503567E+03,1.069127E-01,3.095483E-01
17:50:00,1.299514E+03,2.754023E+03,6.746395E-02,2.433237E-01,3.406299E+03,2.875467E+03,1.768347E-01,2.540536E-01,2.039724E+03,1.643339E+03,1.058901E-01,1.451926E-01,3.324529E+03,2.535686E+03,1.725897E-01,2.240336E-01,2.059419E+03,3.495508E+03,1.069126E-01,3.088356E-01
18:00:00,1.299514E+03,2.749850E+03,6.746392E-02,2.429545E-01,3.406297E+03,2.840003E+03,1.768346E-01,2.509199E-01,2.039723E+03,1.624731E+03,1.058901E-01,1.435482E-01,3.324527E+03,2.533350E+03,1.725896E-01,2.238268E-01,2.059418E+03,3.476844E+03,1.069126E-01,3.071859E-01
18:10:00,1.299513E+03,2.746385E+03,6.746390E-02,2.426478E-01,3.465515E+03,2.803494E+03,1.799089E-01,2.476937E-01,2.079201E+03,1.607255E+03,1.079396E-01,1.420039E-01,3.383745E+03,2.539215E+03,1.756638E-01,2.243445E-01,2.098897E+03,3.447313E+03,1.089621E-01,3.045762E-01
18:20:00,1.299513E+03,2.743698E+03,6.746387E-02,2.424103E-01,3.524742E+03,2.768305E+03,1.829835E-01,2.445846E-01,2.118686E+03,1.589842E+03,1.099893E-01,1.404654E-01,3.442972E+03,2.553891E+03,1.787385E-01,2.256412E-01,2.138382E+03,3.407741E+03,1.110118E-01,3.010798E-01
18:30:00,1.299512E+03,2.741492E+03,6.746385E-02,2.422154E-01,3.583996E+03,2.732932E+03,1.860594E-01,2.414593E-01,2.158188E+03,1.572095E+03,1.120399E-01,1.388974E-01,3.502225E+03,2.575027E+03,1.818143E-01,2.275087E-01,2.177884E+03,3.359074E+03,1.130624E-01,2.967798E-01
18:40:00,1.299512E+03,2.739292E+03,6.746383E-02,2.420210E-01,3.643280E+03,2.696704E+03,1.891366E-01,2.382586E-01,2.197710E+03,1.554182E+03,1.140914E-01,1.373147E-01,3.561508E+03,2.598631E+03,1.848915E-01,2.295941E-01,2.217406E+03,3.300450E+03,1.151139E-01,2.916003E-01
18:50:00,1.299512E+03,2.736514E+03,6.746383E-02,2.417755E-01,3.702589E+03,2.658548E+03,1.922149E-01,2.348874E-01,2.237249E+03,1.535673E+03,1.161435E-01,1.356795E-01,3.620815E+03,2.617685E+03,1.879698E-01,2.312777E-01,2.256945E+03,3.229815E+03,1.171660E-01,2.853595E-01
19:00:00,1.299513E+03,2.732600E+03,6.746386E-02,2.414298E-01,3.761918E+03,2.622054E+03,1.952941E-01,2.316630E-01,2.276800E+03,1.516967E+03,1.181962E-01,1.340267E-01,3.680142E+03,2.629549E+03,1.910488E-01,2.323258E-01,2.296497E+03,3.148052E+03,1.192187E-01,2.781356E-01
19:10:00,1.299514E+03,2.727150E+03,6.746392E-02,2.409483E-01,3.762044E+03,2.587823E+03,1.952996E-01,2.286387E-01,2.276882E+03,1.498300E+03,1.181998E-01,1.323775E-01,3.680266E+03,2.633332E+03,1.910543E-01,2.326601E-01,2.296579E+03,3.056948E+03,1.192223E-01,2.700864E-01
19:20:00,1.299516E+03,2.719910E+03,6.746403E-02,2.403086E-01,3.762174E+03,2.550516E+03,1.953054E-01,2.253427E-01,2.276967E+03,1.479029E+03,1.182035E-01,1.306750E-01,3.680394E+03,2.624366E+03,1.910600E-01,2.318680E-01,2.296664E+03,2.954622E+03,1.192260E-01,2.610459E-01
19:30:00,1.299519E+03,2.710754E+03,6.746419E-02,2.394996E-01,3.762288E+03,2.511274E+03,1.953104E-01,2.218758E-01,2.277041E+03,1.460865E+03,1.182068E-01,1.290703E-01,3.680507E+03,2.604745E+03,1.910650E-01,2.301345E-01,2.296738E+03,2.841552E+03,1.192293E-01,2.510562E-01
19:40:00,1.299523E+03,2.699605E+03,6.746440E-02,2.385145E-01,3.762381E+03,2.473376E+03,1.953145E-01,2.185277E-01,2.277102E+03,1.442323E+03,1.182095E-01,1.274322E-01,3.680600E+03,2.571153E+03,1.910691E-01,2.271668E-01,2.296799E+03,2.714544E+03,1.192320E-01,2.398351E-01
19:50:00,1.299528E+03,2.686335E+03,6.746465E-02,2.373421E-01,3.762457E+03,2.435888E+03,1.953180E-01,2.152159E-01,2.277151E+03,1.423544E+03,1.182117E-01,1.257732E-01,3.680676E+03,2.526055E+03,1.910725E-01,2.231825E-01,2.296849E+03,2.578595E+03,1.192342E-01,2.278242E-01
20:00:00,1.299533E+03,2.670884E+03,6.746492E-02,2.359769E-01,3.762520E+03,2.395029E+03,1.953209E-01,2.116062E-01,2.277193E+03,1.404091E+03,1.182136E-01,1.240547E-01,3.680739E+03,2.469179E+03,1.910755E-01,2.181576E-01,2.296891E+03,2.436732E+03,1.192362E-01,2.152905E-01
20:10:00,1.299539E+03,2.653306E+03,6.746521E-02,2.344239E-01,3.762573E+03,2.350479E+03,1.953234E-01,2.076704E-01,2.277228E+03,1.382022E+03,1.182153E-01,1.221050E-01,3.680792E+03,2.402590E+03,1.910780E-01,2.122744E-01,2.296926E+03,2.293431E+03,1.192378E-01,2.026299E-01
20:20:00,1.299544E+03,2.633883E+03,6.746550E-02,2.327078E-01,3.762618E+03,2.306214E+03,1.953255E-01,2.037596E-01,2.277258E+03,1.359786E+03,1.182167E-01,1.201406E-01,3.680838E+03,2.335050E+03,1.910802E-01,2.063073E-01,2.296955E+03,2.157786E+03,1.192393E-01,1.906455E-01
20:30:00,1.299550E+03,2.613145E+03,6.746579E-02,2.308759E-01,3.762656E+03,2.263616E+03,1.953274E-01,1.999964E-01,2.277284E+03,1.336189E+03,1.182180E-01,1.180560E-01,3.680876E+03,2.267621E+03,1.910820E-01,2.003501E-01,2.296981E+03,2.033249E+03,1.192405E-01,1.796426E-01
20:40:00,1.299555E+03,2.591654E+03,6.746607E-02,2.289775E-01,3.762689E+03,2.220547E+03,1.953290E-01,1.961916E-01,2.277306E+03,1.312871E+03,1.182191E-01,1.159961E-01,3.680909E+03,2.206242E+03,1.910836E-01,1.949276E-01,2.297003E+03,1.926414E+03,1.192416E-01,1.702038E-01
20:50:00,1.299560E+03,2.570180E+03,6.746634E-02,2.270807E-01,3.762717E+03,2.179523E+03,1.953303E-01,1.925676E-01,2.277325E+03,1.290431E+03,1.182200E-01,1.140138E-01,3.680938E+03,2.151855E+03,1.910850E-01,1.901228E-01,2.297022E+03,1.836584E+03,1.192425E-01,1.622675E-01
21:00:00,1.299565E+03,2.549488E+03,6.746659E-02,2.252533E-01,3.762741E+03,2.141298E+03,1.953315E-01,1.891912E-01,2.277341E+03,1.269153E+03,1.182208E-01,1.121343E-01,3.680962E+03,2.106026E+03,1.910862E-01,1.860745E-01,2.297038E+03,1.762210E+03,1.192433E-01,1.556970E-01
21:10:00,1.299570E+03,2.529983E+03,6.746683E-02,2.235313E-01,3.762762E+03,2.106271E+03,1.953326E-01,1.860976E-01,2.277355E+03,1.249320E+03,1.182215E-01,1.103827E-01,3.680983E+03,2.067148E+03,1.910873E-01,1.826408E-01,2.297052E+03,1.699602E+03,1.192440E-01,1.501663E-01
21:20:00,1.299574E+03,2.511793E+03,6.746705E-02,2.219249E-01,3.762780E+03,2.073262E+03,1.953335E-01,1.831819E-01,2.277367E+03,1.230389E+03,1.182221E-01,1.087106E-01,3.681002E+03,2.031259E+03,1.910882E-01,1.794705E-01,2.297064E+03,1.643929E+03,1.192446E-01,1.452480E-01
21:30:00,1.299578E+03,2.495012E+03,6.746726E-02,2.204428E-01,3.762796E+03,2.041938E+03,1.953343E-01,1.804148E-01,2.277378E+03,1.212309E+03,1.182227E-01,1.071134E-01,3.681018E+03,1.997633E+03,1.910890E-01,1.765002E-01,2.297075E+03,1.593632E+03,1.192452E-01,1.408045E-01
21:40:00,1.299582E+03,2.479460E+03,6.746745E-02,2.190695E-01,3.762810E+03,2.012119E+03,1.953350E-01,1.777809E-01,2.277388E+03,1.195006E+03,1.182232E-01,1.055851E-01,3.681032E+03,1.965958E+03,1.910898E-01,1.737023E-01,2.297084E+03,1.547880E+03,1.192457E-01,1.367626E-01
21:50:00,1.299585E+03,2.465001E+03,6.746763E-02,2.177928E-01,3.762822E+03,1.983668E+03,1.953356E-01,1.752680E-01,2.277396E+03,1.178412E+03,1.182236E-01,1.041193E-01,3.681045E+03,1.936029E+03,1.910904E-01,1.710586E-01,2.297093E+03,1.506035E+03,1.192461E-01,1.330660E-01
22:00:00,1.299588E+03,2.451457E+03,6.746779E-02,2.165965E-01,3.762833E+03,1.956396E+03,1.953362E-01,1.728588E-01,2.277404E+03,1.162429E+03,1.182240E-01,1.027074E-01,3.681056E+03,1.907585E+03,1.910910E-01,1.685458E-01,2.297100E+03,1.467517E+03,1.192465E-01,1.296631E-01
22:10:00,1.299591E+03,2.439033E+03,6.746795E-02,2.154988E-01,3.762843E+03,1.930682E+03,1.953367E-01,1.705868E-01,2.277410E+03,1.147303E+03,1.182243E-01,1.013710E-01,3.681066E+03,1.880972E+03,1.910915E-01,1.661946E-01,2.297107E+03,1.432160E+03,1.192468E-01,1.265392E-01
22:20:00,1.299594E+03,2.427269E+03,6.746809E-02,2.144617E-01,3.762851E+03,1.906098E+03,1.953371E-01,1.684167E-01,2.277416E+03,1.132791E+03,1.182246E-01,1.000900E-01,3.681075E+03,1.855732E+03,1.910919E-01,1.639665E-01,2.297113E+03,1.399467E+03,1.192471E-01,1.236520E-01
22:30:00,1.299597E+03,2.416207E+03,6.746822E-02,2.134865E-01,3.762859E+03,1.882643E+03,1.953376E-01,1.663463E-01,2.277422E+03,1.118901E+03,1.182249E-01,9.886389E-02,3.681083E+03,1.831841E+03,1.910923E-01,1.618575E-01,2.297118E+03,1.369178E+03,1.192474E-01,1.209771E-01
22:40:00,1.299599E+03,2.405782E+03,6.746834E-02,2.125673E-01,3.762867E+03,1.860256E+03,1.953379E-01,1.643699E-01,2.277427E+03,1.105605E+03,1.182252E-01,9.769009E-02,3.681090E+03,1.809208E+03,1.910927E-01,1.598594E-01,2.297123E+03,1.341054E+03,1.192477E-01,1.184933E-01
22:50:00,1.299601E+03,2.395938E+03,6.746845E-02,2.116993E-01,3.762873E+03,1.838875E+03,1.953383E-01,1.624824E-01,2.277431E+03,1.092874E+03,1.182254E-01,9.656620E-02,3.681097E+03,1.787751E+03,1.910931E-01,1.579650E-01,2.297128E+03,1.314875E+03,1.192479E-01,1.161813E-01
23:00:00,1.299603E+03,2.386621E+03,6.746855E-02,2.108779E-01,3.762879E+03,1.818438E+03,1.953386E-01,1.606782E-01,2.277436E+03,1.080677E+03,1.182256E-01,9.548946E-02,3.681103E+03,1.767385E+03,1.910934E-01,1.561671E-01,2.297132E+03,1.290445E+03,1.192481E-01,1.140237E-01
23:10:00,1.299605E+03,2.377556E+03,6.746865E-02,2.100788E-01,3.762885E+03,1.798478E+03,1.953389E-01,1.589162E-01,2.277439E+03,1.068740E+03,1.182258E-01,9.443563E-02,3.681108E+03,1.747633E+03,1.910937E-01,1.544235E-01,2.297136E+03,1.267349E+03,1.192483E-01,1.119841E-01
23:20:00,1.299607E+03,2.369138E+03,6.746874E-02,2.093352E-01,3.762890E+03,1.779342E+03,1.953391E-01,1.572256E-01,2.277443E+03,1.057274E+03,1.182260E-01,9.342261E-02,3.681113E+03,1.728826E+03,1.910939E-01,1.527619E-01,2.297139E+03,1.245660E+03,1.192485E-01,1.100678E-01
23:30:00,1.299608E+03,2.361029E+03,6.746883E-02,2.086187E-01,3.762895E+03,1.760720E+03,1.953394E-01,1.555802E-01,2.277446E+03,1.046099E+03,1.182262E-01,9.243527E-02,3.681118E+03,1.710636E+03,1.910942E-01,1.511547E-01,2.297143E+03,1.225107E+03,1.192487E-01,1.082519E-01
23:40:00,1.299610E+03,2.353303E+03,6.746890E-02,2.079362E-01,3.762899E+03,1.742663E+03,1.953396E-01,1.539847E-01,2.277449E+03,1.035250E+03,1.182263E-01,9.147665E-02,3.681123E+03,1.693101E+03,1.910944E-01,1.496054E-01,2.297146E+03,1.205623E+03,1.192488E-01,1.065304E-01
23:50:00,1.299611E+03,2.345910E+03,6.746898E-02,2.072830E-01,3.762904E+03,1.725112E+03,1.953398E-01,1.524339E-01,2.277452E+03,1.024694E+03,1.182265E-01,9.054390E-02,3.681127E+03,1.676153E+03,1.910946E-01,1.481079E-01,2.297149E+03,1.187096E+03,1.192490E-01,1.048933E-01
24:00:00,1.299613E+03,2.338819E+03,6.746905E-02,2.066565E-01,3.762908E+03,1.708026E+03,1.953400E-01,1.509243E-01,2.277455E+03,1.014408E+03,1.182266E-01,8.963510E-02,3.681131E+03,1.659739E+03,1.910948E-01,1.466576E-01,2.297151E+03,1.169431E+03,1.192491E-01,1.033325E-01
Peak,1.299641E+03,2.788071E+03,6.747050E-02,2.463369E-01,3.762991E+03,4.095617E+03,1.953444E-01,3.618820E-01,2.277511E+03,3.161247E+03,1.182295E-01,2.793001E-01,3.681214E+03,2.646722E+03,1.910991E-01,2.338515E-01,2.297207E+03,3.503567E+03,1.192520E-01,3.095483E-01

Peak Vol Flow (m3/s),,,5.847045E-02,2.134774E-01,,,1.692869E-01,3.136097E-01,,,1.024586E-01,2.420436E-01,,,1.656080E-01,2.026575E-01,,,1.033447E-01,2.682569E-01
