Time,CORE_ZN:NEW.YORK-JOHN.F.KENNEDY.INTL.AP_NY_USA ANN HTG 99.6% CONDNS DB:Des Heat Load [W],CORE_ZN:NEW.YORK-JOHN.F.KENNEDY.INTL.AP_NY_USA ANN CLG .4% CONDNS DB=>MWB:Des Sens Cool Load [W],CORE_ZN:NEW.YORK-JOHN.F.KENNEDY.INTL.AP_NY_USA ANN HTG 99.6% CONDNS DB:Des Heat Mass Flow [kg/s],CORE_ZN:NEW.YORK-JOHN.F.KENNEDY.INTL.AP_NY_USA ANN CLG .4% CONDNS DB=>MWB:Des Cool Mass Flow [kg/s],PERIMETER_ZN_1:NEW.YORK-JOHN.F.KENNEDY.INTL.AP_NY_USA ANN HTG 99.6% CONDNS DB:Des Heat Load [W],PERIMETER_ZN_1:NEW.YORK-JOHN.F.KENNEDY.INTL.AP_NY_USA ANN CLG .4% CONDNS DB=>MWB:Des Sens Cool Load [W],PERIMETER_ZN_1:NEW.YORK-JOHN.F.KENNEDY.INTL.AP_NY_USA ANN HTG 99.6% CONDNS DB:Des Heat Mass Flow [kg/s],PERIMETER_ZN_1:NEW.YORK-JOHN.F.KENNEDY.INTL.AP_NY_USA ANN CLG .4% CONDNS DB=>MWB:Des Cool Mass Flow [kg/s],PERIMETER_ZN_2:NEW.YORK-JOHN.F.KENNEDY.INTL.AP_NY_USA ANN HTG 99.6% CONDNS DB:Des Heat Load [W],PERIMETER_ZN_2:NEW.YORK-JOHN.F.KENNEDY.INTL.AP_NY_USA ANN CLG .4% CONDNS DB=>MWB:Des Sens Cool Load [W],PERIMETER_ZN_2:NEW.YORK-JOHN.F.KENNEDY.INTL.AP_NY_USA ANN HTG 99.6% CONDNS DB:Des Heat Mass Flow [kg/s],PERIMETER_ZN_2:NEW.YORK-JOHN.F.KENNEDY.INTL.AP_NY_USA ANN CLG .4% CONDNS DB=>MWB:Des Cool Mass Flow [kg/s],PERIMETER_ZN_3:NEW.YORK-JOHN.F.KENNEDY.INTL.AP_NY_USA ANN HTG 99.6% CONDNS DB:Des Heat Load [W],PERIMETER_ZN_3:NEW.YORK-JOHN.F.KENNEDY.INTL.AP_NY_USA ANN CLG .4% CONDNS DB=>MWB:Des Sens Cool Load [W],PERIMETER_ZN_3:NEW.YORK-JOHN.F.KENNEDY.INTL.AP_NY_USA ANN HTG 99.6% CONDNS DB:Des Heat Mass Flow [kg/s],PERIMETER_ZN_3:NEW.YORK-JOHN.F.KENNEDY.INTL.AP_NY_USA ANN CLG .4% CONDNS DB=>MWB:Des Cool Mass Flow [kg/s],PERIMETER_ZN_4:NEW.YORK-JOHN.F.KENNEDY.INTL.AP_NY_USA ANN HTG 99.6% CONDNS DB:Des Heat Load [W],PERIMETER_ZN_4:NEW.YORK-JOHN.F.KENNEDY.INTL.AP_NY_USA ANN CLG .4% CONDNS DB=>MWB:Des Sens Cool Load [W],PERIMETER_ZN_4:NEW.YORK-JOHN.F.KENNEDY.INTL.AP_NY_USA ANN HTG 99.6% CONDNS DB:Des Heat Mass Flow [kg/s],PERIMETER_ZN_4:NEW.YORK-JOHN.F.KENNEDY.INTL.AP_NY_USA ANN CLG .4% CONDNS DB=>MWB:Des Cool Mass Flow [kg/s]
00:10:00,8.734571E+02,2.486359E+03,4.534530E-02,2.196919E-01,3.024492E+03,2.035873E+03,1.569971E-01,1.798976E-01,1.886568E+03,1.235561E+03,9.792804E-02,1.091793E-01,3.008535E+03,2.008374E+03,1.561688E-01,1.774677E-01,1.901378E+03,1.330344E+03,9.869676E-02,1.175543E-01
00:20:00,8.734596E+02,2.481346E+03,4.534543E-02,2.192490E-01,3.024499E+03,2.024393E+03,1.569975E-01,1.788832E-01,1.886573E+03,1.227967E+03,9.792830E-02,1.085083E-01,3.008543E+03,1.996996E+03,1.561692E-01,1.764624E-01,1.901383E+03,1.319168E+03,9.869702E-02,1.165668E-01
00:30:00,8.734620E+02,2.476487E+03,4.534555E-02,2.188197E-01,3.024506E+03,2.013245E+03,1.569978E-01,1.778982E-01,1.886578E+03,1.220593E+03,9.792855E-02,1.078568E-01,3.008550E+03,1.985976E+03,1.561695E-01,1.754886E-01,1.901388E+03,1.308429E+03,9.869727E-02,1.156179E-01
00:40:00,8.734643E+02,2.471772E+03,4.534567E-02,2.184031E-01,3.024513E+03,2.002413E+03,1.569982E-01,1.769411E-01,1.886583E+03,1.213430E+03,9.792879E-02,1.072238E-01,3.008557E+03,1.975293E+03,1.561699E-01,1.745447E-01,1.901392E+03,1.298097E+03,9.869751E-02,1.147050E-01
00:50:00,8.734665E+02,2.467190E+03,4.534579E-02,2.179982E-01,3.024520E+03,1.991884E+03,1.569985E-01,1.760107E-01,1.886587E+03,1.206469E+03,9.792901E-02,1.066087E-01,3.008563E+03,1.964934E+03,1.561702E-01,1.736294E-01,1.901397E+03,1.288147E+03,9.869773E-02,1.138258E-01
01:00:00,8.734686E+02,2.462732E+03,4.534590E-02,2.176043E-01,3.024526E+03,1.981644E+03,1.569988E-01,1.751060E-01,1.886591E+03,1.199701E+03,9.792923E-02,1.060108E-01,3.008569E+03,1.954882E+03,1.561705E-01,1.727412E-01,1.901401E+03,1.278555E+03,9.869795E-02,1.129782E-01
01:10:00,8.734706E+02,2.458392E+03,4.534600E-02,2.172208E-01,3.024532E+03,1.971749E+03,1.569992E-01,1.742316E-01,1.886595E+03,1.193160E+03,9.792944E-02,1.054327E-01,3.008575E+03,1.945188E+03,1.561708E-01,1.718847E-01,1.901405E+03,1.269341E+03,9.869816E-02,1.121641E-01
01:20:00,8.734725E+02,2.454162E+03,4.534610E-02,2.168472E-01,3.024538E+03,1.962190E+03,1.569994E-01,1.733870E-01,1.886599E+03,1.186837E+03,9.792964E-02,1.048741E-01,3.008581E+03,1.935841E+03,1.561711E-01,1.710588E-01,1.901408E+03,1.260489E+03,9.869835E-02,1.113819E-01
01:30:00,8.734744E+02,2.450039E+03,4.534619E-02,2.164829E-01,3.024543E+03,1.952959E+03,1.569997E-01,1.725713E-01,1.886603E+03,1.180730E+03,9.792983E-02,1.043345E-01,3.008586E+03,1.926832E+03,1.561714E-01,1.702627E-01,1.901412E+03,1.251982E+03,9.869855E-02,1.106303E-01
01:40:00,8.734761E+02,2.446018E+03,4.534629E-02,2.161276E-01,3.024548E+03,1.944051E+03,1.570000E-01,1.717842E-01,1.886606E+03,1.174834E+03,9.793001E-02,1.038135E-01,3.008591E+03,1.918154E+03,1.561717E-01,1.694960E-01,1.901416E+03,1.243808E+03,9.869873E-02,1.099080E-01
01:50:00,8.734778E+02,2.442095E+03,4.534637E-02,2.157810E-01,3.024554E+03,1.935462E+03,1.570003E-01,1.710253E-01,1.886610E+03,1.169146E+03,9.793019E-02,1.033109E-01,3.008597E+03,1.909802E+03,1.561720E-01,1.687579E-01,1.901419E+03,1.235953E+03,9.869891E-02,1.092140E-01
02:00:00,8.734795E+02,2.438269E+03,4.534646E-02,2.154429E-01,3.024559E+03,1.927187E+03,1.570005E-01,1.702941E-01,1.886613E+03,1.163663E+03,9.793036E-02,1.028264E-01,3.008601E+03,1.901769E+03,1.561722E-01,1.680481E-01,1.901422E+03,1.228409E+03,9.869908E-02,1.085474E-01
02:10:00,8.734811E+02,2.434535E+03,4.534654E-02,2.151130E-01,3.024563E+03,1.919156E+03,1.570008E-01,1.695845E-01,1.886616E+03,1.158341E+03,9.793053E-02,1.023562E-01,3.008606E+03,1.893986E+03,1.561725E-01,1.673605E-01,1.901426E+03,1.221124E+03,9.869925E-02,1.079037E-01
02:20:00,8.734826E+02,2.430892E+03,4.534662E-02,2.147912E-01,3.024568E+03,1.911366E+03,1.570010E-01,1.688962E-01,1.886619E+03,1.153179E+03,9.793069E-02,1.019001E-01,3.008611E+03,1.886448E+03,1.561727E-01,1.666945E-01,1.901429E+03,1.214088E+03,9.869941E-02,1.072820E-01
02:30:00,8.734841E+02,2.427338E+03,4.534670E-02,2.144771E-01,3.024572E+03,1.903811E+03,1.570013E-01,1.682287E-01,1.886622E+03,1.148174E+03,9.793084E-02,1.014578E-01,3.008615E+03,1.879151E+03,1.561729E-01,1.660497E-01,1.901432E+03,1.207294E+03,9.869956E-02,1.066817E-01
02:40:00,8.734855E+02,2.423870E+03,4.534677E-02,2.141707E-01,3.024577E+03,1.896488E+03,1.570015E-01,1.675816E-01,1.886625E+03,1.143323E+03,9.793099E-02,1.010292E-01,3.008620E+03,1.872088E+03,1.561732E-01,1.654256E-01,1.901435E+03,1.200733E+03,9.869971E-02,1.061019E-01
02:50:00,8.734869E+02,2.420485E+03,4.534685E-02,2.138717E-01,3.024581E+03,1.889393E+03,1.570017E-01,1.669547E-01,1.886628E+03,1.138622E+03,9.793114E-02,1.006138E-01,3.008624E+03,1.865255E+03,1.561734E-01,1.648218E-01,1.901437E+03,1.194397E+03,9.869986E-02,1.055421E-01
03:00:00,8.734883E+02,2.417183E+03,4.534692E-02,2.135799E-01,3.024585E+03,1.882521E+03,1.570019E-01,1.663475E-01,1.886631E+03,1.134069E+03,9.793128E-02,1.002115E-01,3.008628E+03,1.858646E+03,1.561736E-01,1.642379E-01,1.901440E+03,1.188278E+03,9.870000E-02,1.050014E-01
03:10:00,8.734896E+02,2.413960E+03,4.534699E-02,2.132951E-01,3.024589E+03,1.875804E+03,1.570021E-01,1.657540E-01,1.886634E+03,1.129622E+03,9.793142E-02,9.981857E-02,3.008632E+03,1.852196E+03,1.561738E-01,1.636680E-01,1.901443E+03,1.182331E+03,9.870014E-02,1.044759E-01
03:20:00,8.734909E+02,2.410814E+03,4.534705E-02,2.130172E-01,3.024593E+03,1.869237E+03,1.570023E-01,1.651737E-01,1.886636E+03,1.125279E+03,9.793155E-02,9.943478E-02,3.008636E+03,1.845899E+03,1.561740E-01,1.631115E-01,1.901445E+03,1.176547E+03,9.870027E-02,1.039649E-01
03:30:00,8.734922E+02,2.407743E+03,4.534712E-02,2.127458E-01,3.024597E+03,1.862814E+03,1.570025E-01,1.646062E-01,1.886639E+03,1.121034E+03,9.793168E-02,9.905978E-02,3.008639E+03,1.839747E+03,1.561742E-01,1.625680E-01,1.901448E+03,1.170920E+03,9.870040E-02,1.034676E-01
03:40:00,8.734934E+02,2.404743E+03,4.534718E-02,2.124808E-01,3.024600E+03,1.856529E+03,1.570027E-01,1.640508E-01,1.886641E+03,1.116886E+03,9.793181E-02,9.869321E-02,3.008643E+03,1.833736E+03,1.561744E-01,1.620369E-01,1.901450E+03,1.165441E+03,9.870053E-02,1.029836E-01
03:50:00,8.734946E+02,2.401811E+03,4.534724E-02,2.122218E-01,3.024604E+03,1.850376E+03,1.570029E-01,1.635072E-01,1.886643E+03,1.112829E+03,9.793193E-02,9.833474E-02,3.008646E+03,1.827859E+03,1.561746E-01,1.615175E-01,1.901453E+03,1.160105E+03,9.870065E-02,1.025120E-01
04:00:00,8.734957E+02,2.398945E+03,4.534730E-02,2.119685E-01,3.024607E+03,1.844349E+03,1.570031E-01,1.629747E-01,1.886646E+03,1.108860E+03,9.793205E-02,9.798404E-02,3.008650E+03,1.822109E+03,1.561747E-01,1.610095E-01,1.901455E+03,1.154904E+03,9.870077E-02,1.020525E-01
04:10:00,8.734969E+02,2.396143E+03,4.534736E-02,2.117210E-01,3.024611E+03,1.838504E+03,1.570032E-01,1.624582E-01,1.886648E+03,1.105008E+03,9.793217E-02,9.764368E-02,3.008653E+03,1.816534E+03,1.561749E-01,1.605168E-01,1.901457E+03,1.149871E+03,9.870089E-02,1.016078E-01
04:20:00,8.734980E+02,2.393403E+03,4.534742E-02,2.114788E-01,3.024614E+03,1.832834E+03,1.570034E-01,1.619571E-01,1.886650E+03,1.101272E+03,9.793228E-02,9.731353E-02,3.008656E+03,1.811131E+03,1.561751E-01,1.600394E-01,1.901459E+03,1.144998E+03,9.870100E-02,1.011772E-01
04:30:00,8.734991E+02,2.390721E+03,4.534748E-02,2.112419E-01,3.024617E+03,1.827337E+03,1.570036E-01,1.614715E-01,1.886652E+03,1.097650E+03,9.793239E-02,9.699355E-02,3.008660E+03,1.805899E+03,1.561752E-01,1.595772E-01,1.901462E+03,1.140282E+03,9.870111E-02,1.007605E-01
04:40:00,8.735001E+02,2.388097E+03,4.534753E-02,2.110101E-01,3.024620E+03,1.822013E+03,1.570037E-01,1.610011E-01,1.886654E+03,1.094142E+03,9.793250E-02,9.668360E-02,3.008663E+03,1.800838E+03,1.561754E-01,1.591300E-01,1.901464E+03,1.135720E+03,9.870122E-02,1.003573E-01
04:50:00,8.735012E+02,2.385553E+03,4.534759E-02,2.107852E-01,3.024623E+03,1.817929E+03,1.570039E-01,1.606402E-01,1.886656E+03,1.091700E+03,9.793260E-02,9.646778E-02,3.008666E+03,1.797169E+03,1.561756E-01,1.588058E-01,1.901466E+03,1.131891E+03,9.870132E-02,1.000191E-01
05:00:00,8.735022E+02,2.383157E+03,4.534764E-02,2.105736E-01,3.024626E+03,1.815583E+03,1.570041E-01,1.604329E-01,1.886658E+03,1.094163E+03,9.793270E-02,9.668546E-02,3.008669E+03,1.797901E+03,1.561757E-01,1.588705E-01,1.901468E+03,1.129063E+03,9.870142E-02,9.976922E-02
05:10:00,8.735032E+02,2.381129E+03,4.534769E-02,2.103944E-01,3.024629E+03,1.815824E+03,1.570042E-01,1.604542E-01,1.886660E+03,1.109530E+03,9.793280E-02,9.804349E-02,3.008671E+03,1.808069E+03,1.561759E-01,1.597692E-01,1.901469E+03,1.127710E+03,9.870152E-02,9.964968E-02
05:20:00,8.735041E+02,2.379815E+03,4.534774E-02,2.102783E-01,3.024632E+03,1.819453E+03,1.570044E-01,1.607750E-01,1.886662E+03,1.140129E+03,9.793290E-02,1.007477E-01,3.008674E+03,1.827839E+03,1.561760E-01,1.615163E-01,1.901471E+03,1.128278E+03,9.870162E-02,9.969990E-02
05:30:00,8.735051E+02,2.379565E+03,4.534779E-02,2.102562E-01,3.024635E+03,1.824180E+03,1.570045E-01,1.611928E-01,1.886664E+03,1.185864E+03,9.793299E-02,1.047895E-01,3.008677E+03,1.855888E+03,1.561761E-01,1.639951E-01,1.901473E+03,1.130974E+03,9.870171E-02,9.993816E-02
05:40:00,8.735060E+02,2.380509E+03,4.534784E-02,2.103388E-01,3.024637E+03,1.832183E+03,1.570046E-01,1.618991E-01,1.886666E+03,1.246241E+03,9.793309E-02,1.101246E-01,3.008680E+03,1.889352E+03,1.561763E-01,1.669515E-01,1.901475E+03,1.135892E+03,9.870180E-02,1.003723E-01
05:50:00,8.735069E+02,2.383039E+03,4.534788E-02,2.105606E-01,3.024640E+03,1.843134E+03,1.570048E-01,1.628649E-01,1.886667E+03,1.321176E+03,9.793317E-02,1.167451E-01,3.008682E+03,1.928312E+03,1.561764E-01,1.703923E-01,1.901477E+03,1.141171E+03,9.870189E-02,1.008376E-01
06:00:00,8.735078E+02,2.387305E+03,4.534793E-02,2.109358E-01,3.024643E+03,1.857751E+03,1.570049E-01,1.641546E-01,1.886669E+03,1.413927E+03,9.793326E-02,1.249399E-01,3.008685E+03,1.969010E+03,1.561765E-01,1.739865E-01,1.901478E+03,1.148061E+03,9.870198E-02,1.014453E-01
06:10:00,8.735086E+02,2.393173E+03,4.534797E-02,2.114520E-01,3.024645E+03,1.872544E+03,1.570050E-01,1.654591E-01,1.886671E+03,1.514078E+03,9.793335E-02,1.337877E-01,3.008687E+03,2.005182E+03,1.561767E-01,1.771800E-01,1.901480E+03,1.156050E+03,9.870206E-02,1.021496E-01
06:20:00,8.735095E+02,2.400500E+03,4.534802E-02,2.120968E-01,3.024647E+03,1.888919E+03,1.570051E-01,1.669031E-01,1.886672E+03,1.619180E+03,9.793343E-02,1.430725E-01,3.008689E+03,2.034102E+03,1.561768E-01,1.797323E-01,1.901481E+03,1.164969E+03,9.870214E-02,1.029359E-01
06:30:00,8.735103E+02,2.408891E+03,4.534806E-02,2.128353E-01,3.024650E+03,1.909730E+03,1.570053E-01,1.687387E-01,1.886674E+03,1.729238E+03,9.793351E-02,1.527942E-01,3.008692E+03,2.055927E+03,1.561769E-01,1.816570E-01,1.901483E+03,1.174689E+03,9.870222E-02,1.037927E-01
06:40:00,8.735111E+02,2.418285E+03,4.534810E-02,2.136634E-01,3.024652E+03,1.933182E+03,1.570054E-01,1.708087E-01,1.886675E+03,1.844567E+03,9.793359E-02,1.629825E-01,3.008694E+03,2.072769E+03,1.561770E-01,1.831426E-01,1.901485E+03,1.185280E+03,9.870230E-02,1.047271E-01
06:50:00,8.735119E+02,2.428053E+03,4.534814E-02,2.145253E-01,3.024654E+03,1.955522E+03,1.570055E-01,1.727813E-01,1.886677E+03,1.963744E+03,9.793366E-02,1.735114E-01,3.008696E+03,2.082880E+03,1.561771E-01,1.840345E-01,1.901486E+03,1.198023E+03,9.870238E-02,1.058523E-01
07:00:00,8.735127E+02,2.437887E+03,4.534818E-02,2.153930E-01,3.024656E+03,1.977924E+03,1.570056E-01,1.747592E-01,1.886678E+03,2.079117E+03,9.793374E-02,1.837037E-01,3.008698E+03,2.087237E+03,1.561772E-01,1.844177E-01,1.901487E+03,1.211528E+03,9.870245E-02,1.070446E-01
07:10:00,8.735134E+02,2.447543E+03,4.534822E-02,2.162452E-01,2.920106E+03,2.000595E+03,1.515786E-01,1.767611E-01,1.816978E+03,2.190124E+03,9.431575E-02,1.935103E-01,2.904148E+03,2.087448E+03,1.507502E-01,1.844350E-01,1.831787E+03,1.223859E+03,9.508446E-02,1.081334E-01
07:20:00,8.735142E+02,2.456869E+03,4.534826E-02,2.170687E-01,2.815421E+03,2.024789E+03,1.461450E-01,1.788982E-01,1.747185E+03,2.297063E+03,9.069327E-02,2.029578E-01,2.799462E+03,2.090558E+03,1.453166E-01,1.847089E-01,1.761995E+03,1.237033E+03,9.146203E-02,1.092970E-01
07:30:00,8.735146E+02,2.465976E+03,4.534828E-02,2.178729E-01,2.710760E+03,2.049974E+03,1.407128E-01,1.811228E-01,1.677411E+03,2.398711E+03,8.707185E-02,2.119379E-01,2.694801E+03,2.097996E+03,1.398844E-01,1.853655E-01,1.692221E+03,1.251026E+03,8.784061E-02,1.105330E-01
07:40:00,8.735144E+02,2.475030E+03,4.534827E-02,2.186722E-01,2.606045E+03,2.075899E+03,1.352780E-01,1.834125E-01,1.607601E+03,2.494343E+03,8.344870E-02,2.203856E-01,2.590087E+03,2.110743E+03,1.344496E-01,1.864908E-01,1.622411E+03,1.264165E+03,8.421746E-02,1.116933E-01
07:50:00,8.735133E+02,2.484432E+03,4.534821E-02,2.195025E-01,2.501293E+03,2.106868E+03,1.298414E-01,1.861479E-01,1.537767E+03,2.585956E+03,7.982442E-02,2.284782E-01,2.485336E+03,2.130582E+03,1.290131E-01,1.882429E-01,1.552577E+03,1.278327E+03,8.059318E-02,1.129441E-01
08:00:00,8.735109E+02,2.494492E+03,4.534809E-02,2.203913E-01,2.396510E+03,2.139118E+03,1.244033E-01,1.889970E-01,1.467913E+03,2.670992E+03,7.619918E-02,2.359903E-01,2.380554E+03,2.156367E+03,1.235751E-01,1.905207E-01,1.482722E+03,1.293142E+03,7.696792E-02,1.142527E-01
08:10:00,8.735072E+02,2.505473E+03,4.534790E-02,2.213617E-01,2.396251E+03,2.175140E+03,1.243911E-01,1.921796E-01,1.467742E+03,2.750816E+03,7.619116E-02,2.430424E-01,2.380296E+03,2.187630E+03,1.235629E-01,1.932828E-01,1.482551E+03,1.310592E+03,7.695988E-02,1.157944E-01
08:20:00,8.735020E+02,2.517394E+03,4.534763E-02,2.224148E-01,2.396103E+03,2.211397E+03,1.243843E-01,1.953825E-01,1.467648E+03,2.823644E+03,7.618687E-02,2.494758E-01,2.380151E+03,2.219840E+03,1.235562E-01,1.961282E-01,1.482456E+03,1.328414E+03,7.695553E-02,1.173688E-01
08:30:00,8.734953E+02,2.530329E+03,4.534728E-02,2.235577E-01,2.395910E+03,2.247844E+03,1.243751E-01,1.986026E-01,1.467523E+03,2.889242E+03,7.618086E-02,2.552710E-01,2.379959E+03,2.252764E+03,1.235470E-01,1.990370E-01,1.482329E+03,1.346630E+03,7.694949E-02,1.189781E-01
08:40:00,8.734876E+02,2.544006E+03,4.534688E-02,2.247663E-01,2.395751E+03,2.284204E+03,1.243675E-01,2.018150E-01,1.467420E+03,2.946883E+03,7.617598E-02,2.603633E-01,2.379802E+03,2.286049E+03,1.235395E-01,2.019778E-01,1.482226E+03,1.366715E+03,7.694459E-02,1.207526E-01
08:50:00,8.734791E+02,2.558309E+03,4.534644E-02,2.260299E-01,2.395613E+03,2.319324E+03,1.243609E-01,2.049177E-01,1.467330E+03,2.993549E+03,7.617170E-02,2.644860E-01,2.379664E+03,2.318346E+03,1.235330E-01,2.048312E-01,1.482136E+03,1.386615E+03,7.694029E-02,1.225107E-01
09:00:00,8.734700E+02,2.573018E+03,4.534597E-02,2.273293E-01,2.395492E+03,2.355140E+03,1.243551E-01,2.080817E-01,1.467252E+03,3.028256E+03,7.616791E-02,2.675519E-01,2.379543E+03,2.350501E+03,1.235271E-01,2.076717E-01,1.482057E+03,1.406703E+03,7.693649E-02,1.242853E-01
09:10:00,8.734606E+02,2.588063E+03,4.534548E-02,2.286585E-01,2.395385E+03,2.391625E+03,1.243499E-01,2.113051E-01,1.467182E+03,3.048939E+03,7.616453E-02,2.693788E-01,2.379436E+03,2.382446E+03,1.235220E-01,2.104939E-01,1.481987E+03,1.426903E+03,7.693311E-02,1.260699E-01
09:20:00,8.734511E+02,2.603305E+03,4.534499E-02,2.300053E-01,2.395290E+03,2.428927E+03,1.243453E-01,2.146009E-01,1.467121E+03,3.054941E+03,7.616153E-02,2.699093E-01,2.379342E+03,2.413958E+03,1.235174E-01,2.132782E-01,1.481926E+03,1.447142E+03,7.693010E-02,1.278581E-01
09:30:00,8.734416E+02,2.618568E+03,4.534450E-02,2.313540E-01,2.395206E+03,2.467195E+03,1.243412E-01,2.179819E-01,1.467066E+03,3.045968E+03,7.615887E-02,2.691163E-01,2.379258E+03,2.444988E+03,1.235133E-01,2.160198E-01,1.481871E+03,1.467342E+03,7.692744E-02,1.296428E-01
09:40:00,8.734323E+02,2.633844E+03,4.534401E-02,2.327038E-01,2.395132E+03,2.507736E+03,1.243375E-01,2.215639E-01,1.467018E+03,3.021961E+03,7.615650E-02,2.669953E-01,2.379184E+03,2.475485E+03,1.235096E-01,2.187143E-01,1.481823E+03,1.487419E+03,7.692507E-02,1.314167E-01
09:50:00,8.734232E+02,2.649017E+03,4.534354E-02,2.340447E-01,2.395067E+03,2.552368E+03,1.243343E-01,2.255075E-01,1.466975E+03,2.982966E+03,7.615439E-02,2.635502E-01,2.379119E+03,2.505320E+03,1.235064E-01,2.213505E-01,1.481780E+03,1.507555E+03,7.692296E-02,1.331959E-01
10:00:00,8.734144E+02,2.664038E+03,4.534308E-02,2.353721E-01,2.395008E+03,2.600974E+03,1.243314E-01,2.298022E-01,1.466938E+03,2.931736E+03,7.615252E-02,2.590242E-01,2.379060E+03,2.534440E+03,1.235035E-01,2.239236E-01,1.481743E+03,1.527534E+03,7.692109E-02,1.349612E-01
10:10:00,8.734060E+02,2.678870E+03,4.534265E-02,2.366829E-01,2.394957E+03,2.653580E+03,1.243289E-01,2.344505E-01,1.466904E+03,2.870772E+03,7.615085E-02,2.536382E-01,2.379009E+03,2.562752E+03,1.235010E-01,2.264253E-01,1.481709E+03,1.547274E+03,7.691942E-02,1.367055E-01
10:20:00,8.733980E+02,2.693455E+03,4.534223E-02,2.379720E-01,2.394911E+03,2.710125E+03,1.243266E-01,2.394469E-01,1.466874E+03,2.801438E+03,7.614936E-02,2.475127E-01,2.378963E+03,2.590338E+03,1.234987E-01,2.288630E-01,1.481679E+03,1.564996E+03,7.691794E-02,1.382716E-01
10:30:00,8.733903E+02,2.707719E+03,4.534183E-02,2.392323E-01,2.394871E+03,2.770362E+03,1.243246E-01,2.447691E-01,1.466848E+03,2.725030E+03,7.614803E-02,2.407620E-01,2.378922E+03,2.617027E+03,1.234966E-01,2.312212E-01,1.481653E+03,1.581754E+03,7.691661E-02,1.397522E-01
10:40:00,8.733831E+02,2.721736E+03,4.534145E-02,2.404711E-01,2.394834E+03,2.833059E+03,1.243228E-01,2.503090E-01,1.466824E+03,2.643106E+03,7.614684E-02,2.335240E-01,2.378886E+03,2.642950E+03,1.234948E-01,2.335119E-01,1.481629E+03,1.597898E+03,7.691542E-02,1.411788E-01
10:50:00,8.733762E+02,2.735407E+03,4.534110E-02,2.416795E-01,2.394802E+03,2.895937E+03,1.243211E-01,2.558651E-01,1.466803E+03,2.557346E+03,7.614577E-02,2.259473E-01,2.378853E+03,2.668038E+03,1.234932E-01,2.357290E-01,1.481608E+03,1.613342E+03,7.691436E-02,1.425436E-01
11:00:00,8.733698E+02,2.748713E+03,4.534076E-02,2.428556E-01,2.394773E+03,2.958197E+03,1.243197E-01,2.613665E-01,1.466784E+03,2.471261E+03,7.614481E-02,2.183418E-01,2.378824E+03,2.692291E+03,1.234917E-01,2.378723E-01,1.481589E+03,1.628114E+03,7.691340E-02,1.438490E-01
11:10:00,8.733637E+02,2.761608E+03,4.534045E-02,2.439951E-01,2.394747E+03,3.019039E+03,1.243184E-01,2.667422E-01,1.466767E+03,2.393961E+03,7.614394E-02,2.115123E-01,2.378798E+03,2.715534E+03,1.234904E-01,2.399260E-01,1.481572E+03,1.642110E+03,7.691254E-02,1.450857E-01
11:20:00,8.733580E+02,2.774248E+03,4.534015E-02,2.451123E-01,2.394723E+03,3.078026E+03,1.243172E-01,2.719544E-01,1.466751E+03,2.327634E+03,7.614316E-02,2.056525E-01,2.378775E+03,2.737924E+03,1.234892E-01,2.419047E-01,1.481557E+03,1.657121E+03,7.691176E-02,1.464122E-01
11:30:00,8.733526E+02,2.786623E+03,4.533987E-02,2.462069E-01,2.394702E+03,3.134634E+03,1.243161E-01,2.769574E-01,1.466737E+03,2.273269E+03,7.614245E-02,2.008502E-01,2.378753E+03,2.759470E+03,1.234881E-01,2.438096E-01,1.481543E+03,1.671970E+03,7.691105E-02,1.477250E-01
11:40:00,8.733476E+02,2.798649E+03,4.533961E-02,2.472705E-01,2.394683E+03,3.188361E+03,1.243151E-01,2.817055E-01,1.466725E+03,2.231348E+03,7.614180E-02,1.971472E-01,2.378734E+03,2.780118E+03,1.234872E-01,2.456350E-01,1.481530E+03,1.686330E+03,7.691041E-02,1.489944E-01
11:50:00,8.733428E+02,2.810428E+03,4.533937E-02,2.483121E-01,2.394665E+03,3.238802E+03,1.243142E-01,2.861632E-01,1.466713E+03,2.202021E+03,7.614121E-02,1.945569E-01,2.378716E+03,2.799981E+03,1.234863E-01,2.473908E-01,1.481519E+03,1.700208E+03,7.690982E-02,1.502211E-01
12:00:00,8.733384E+02,2.821959E+03,4.533914E-02,2.493317E-01,2.394649E+03,3.285565E+03,1.243134E-01,2.902958E-01,1.466702E+03,2.183600E+03,7.614067E-02,1.929301E-01,2.378700E+03,2.819094E+03,1.234854E-01,2.490805E-01,1.481508E+03,1.713574E+03,7.690929E-02,1.514025E-01
12:10:00,8.733342E+02,2.833218E+03,4.533892E-02,2.503274E-01,2.394635E+03,3.328441E+03,1.243127E-01,2.940851E-01,1.466693E+03,2.168135E+03,7.614018E-02,1.915645E-01,2.378686E+03,2.837623E+03,1.234847E-01,2.507185E-01,1.481499E+03,1.726493E+03,7.690879E-02,1.525446E-01
12:20:00,8.733303E+02,2.844326E+03,4.533871E-02,2.513092E-01,2.394621E+03,3.367237E+03,1.243120E-01,2.975134E-01,1.466684E+03,2.154614E+03,7.613972E-02,1.903703E-01,2.378672E+03,2.855693E+03,1.234840E-01,2.523155E-01,1.481490E+03,1.738809E+03,7.690834E-02,1.536330E-01
12:30:00,8.733266E+02,2.854858E+03,4.533852E-02,2.522417E-01,2.394609E+03,3.401388E+03,1.243113E-01,3.005327E-01,1.466676E+03,2.142581E+03,7.613929E-02,1.893085E-01,2.378660E+03,2.873002E+03,1.234834E-01,2.538467E-01,1.481482E+03,1.750491E+03,7.690791E-02,1.546663E-01
12:40:00,8.733231E+02,2.865059E+03,4.533834E-02,2.531450E-01,2.394597E+03,3.430781E+03,1.243107E-01,3.031320E-01,1.466668E+03,2.131937E+03,7.613890E-02,1.883694E-01,2.378648E+03,2.889737E+03,1.234828E-01,2.553274E-01,1.481474E+03,1.761683E+03,7.690752E-02,1.556564E-01
12:50:00,8.733198E+02,2.874758E+03,4.533817E-02,2.540040E-01,2.394586E+03,3.455195E+03,1.243102E-01,3.052914E-01,1.466661E+03,2.122471E+03,7.613853E-02,1.875344E-01,2.378637E+03,2.905777E+03,1.234822E-01,2.567467E-01,1.481467E+03,1.772322E+03,7.690716E-02,1.565977E-01
13:00:00,8.733166E+02,2.883925E+03,4.533801E-02,2.548160E-01,2.394576E+03,3.474493E+03,1.243097E-01,3.069988E-01,1.466654E+03,2.113814E+03,7.613819E-02,1.867709E-01,2.378627E+03,2.921083E+03,1.234817E-01,2.581011E-01,1.481460E+03,1.782394E+03,7.690682E-02,1.574888E-01
13:10:00,8.733137E+02,2.892522E+03,4.533785E-02,2.555777E-01,2.394567E+03,3.488539E+03,1.243092E-01,3.082421E-01,1.466648E+03,2.105957E+03,7.613787E-02,1.860781E-01,2.378618E+03,2.935546E+03,1.234812E-01,2.593811E-01,1.481454E+03,1.796548E+03,7.690649E-02,1.587407E-01
13:20:00,8.733109E+02,2.900320E+03,4.533771E-02,2.562687E-01,2.394558E+03,3.497168E+03,1.243087E-01,3.090068E-01,1.466642E+03,2.098673E+03,7.613757E-02,1.854359E-01,2.378609E+03,2.948952E+03,1.234808E-01,2.605677E-01,1.481448E+03,1.820596E+03,7.690619E-02,1.608668E-01
13:30:00,8.733082E+02,2.907797E+03,4.533757E-02,2.569295E-01,2.394550E+03,3.500739E+03,1.243083E-01,3.093224E-01,1.466637E+03,2.092007E+03,7.613728E-02,1.848471E-01,2.378601E+03,2.961651E+03,1.234803E-01,2.616900E-01,1.481443E+03,1.856779E+03,7.690591E-02,1.640642E-01
13:40:00,8.733057E+02,2.914701E+03,4.533744E-02,2.575395E-01,2.394542E+03,3.499172E+03,1.243079E-01,3.091838E-01,1.466631E+03,2.085712E+03,7.613701E-02,1.842910E-01,2.378593E+03,2.973408E+03,1.234799E-01,2.627287E-01,1.481437E+03,1.906562E+03,7.690564E-02,1.684632E-01
13:50:00,8.733032E+02,2.921183E+03,4.533731E-02,2.581122E-01,2.394534E+03,3.492718E+03,1.243075E-01,3.086133E-01,1.466626E+03,2.081495E+03,7.613675E-02,1.839183E-01,2.378585E+03,2.984283E+03,1.234795E-01,2.636896E-01,1.481432E+03,1.971325E+03,7.690538E-02,1.741859E-01
14:00:00,8.733009E+02,2.927278E+03,4.533719E-02,2.586507E-01,2.394527E+03,3.481618E+03,1.243071E-01,3.076323E-01,1.466622E+03,2.078017E+03,7.613651E-02,1.836111E-01,2.378578E+03,2.994262E+03,1.234792E-01,2.645713E-01,1.481428E+03,2.052098E+03,7.690514E-02,1.813234E-01
14:10:00,8.732987E+02,2.933029E+03,4.533708E-02,2.591588E-01,2.394520E+03,3.466063E+03,1.243068E-01,3.062577E-01,1.466617E+03,2.074784E+03,7.613627E-02,1.833254E-01,2.378571E+03,3.003233E+03,1.234788E-01,2.653639E-01,1.481423E+03,2.144866E+03,7.690490E-02,1.895207E-01
14:20:00,8.732966E+02,2.938426E+03,4.533697E-02,2.596356E-01,2.394514E+03,3.446325E+03,1.243064E-01,3.045135E-01,1.466613E+03,2.071648E+03,7.613605E-02,1.830485E-01,2.378565E+03,3.011156E+03,1.234785E-01,2.660639E-01,1.481419E+03,2.244378E+03,7.690468E-02,1.983139E-01
14:30:00,8.732946E+02,2.943284E+03,4.533686E-02,2.600639E-01,2.394508E+03,3.423531E+03,1.243061E-01,3.024983E-01,1.466609E+03,2.068393E+03,7.613584E-02,1.827602E-01,2.378559E+03,3.017830E+03,1.234782E-01,2.666525E-01,1.481415E+03,2.348571E+03,7.690447E-02,2.075197E-01
14:40:00,8.732926E+02,2.947758E+03,4.533676E-02,2.604571E-01,2.394502E+03,3.400424E+03,1.243058E-01,3.004543E-01,1.466605E+03,2.064988E+03,7.613563E-02,1.824581E-01,2.378553E+03,3.023371E+03,1.234779E-01,2.671400E-01,1.481411E+03,2.455927E+03,7.690426E-02,2.170037E-01
14:50:00,8.732907E+02,2.951821E+03,4.533666E-02,2.608140E-01,2.394496E+03,3.377733E+03,1.243055E-01,2.984471E-01,1.466601E+03,2.059526E+03,7.613543E-02,1.819741E-01,2.378547E+03,3.027725E+03,1.234776E-01,2.675226E-01,1.481407E+03,2.564884E+03,7.690407E-02,2.266290E-01
15:00:00,8.732889E+02,2.955412E+03,4.533657E-02,2.611291E-01,2.394491E+03,3.355917E+03,1.243052E-01,2.965173E-01,1.466597E+03,2.053102E+03,7.613524E-02,1.814052E-01,2.378542E+03,3.030811E+03,1.234773E-01,2.677930E-01,1.481403E+03,2.673922E+03,7.690388E-02,2.362611E-01
15:10:00,8.732872E+02,2.958499E+03,4.533648E-02,2.613998E-01,2.394485E+03,3.335339E+03,1.243050E-01,2.946968E-01,1.466594E+03,2.045905E+03,7.613506E-02,1.807679E-01,2.378537E+03,3.032530E+03,1.234770E-01,2.679427E-01,1.481400E+03,2.781277E+03,7.690369E-02,2.457444E-01
15:20:00,8.732855E+02,2.961054E+03,4.533639E-02,2.616234E-01,2.394480E+03,3.316728E+03,1.243047E-01,2.930502E-01,1.466590E+03,2.038127E+03,7.613488E-02,1.800793E-01,2.378531E+03,3.032808E+03,1.234767E-01,2.679651E-01,1.481397E+03,2.882184E+03,7.690352E-02,2.546579E-01
15:30:00,8.732838E+02,2.963114E+03,4.533630E-02,2.618038E-01,2.394475E+03,3.299888E+03,1.243044E-01,2.915605E-01,1.466587E+03,2.029624E+03,7.613471E-02,1.793269E-01,2.378527E+03,3.031617E+03,1.234765E-01,2.678581E-01,1.481393E+03,2.974761E+03,7.690335E-02,2.628356E-01
15:40:00,8.732822E+02,2.964557E+03,4.533622E-02,2.619303E-01,2.394470E+03,3.282745E+03,1.243042E-01,2.900448E-01,1.466584E+03,2.020287E+03,7.613455E-02,1.785012E-01,2.378522E+03,3.028782E+03,1.234762E-01,2.676066E-01,1.481390E+03,3.057630E+03,7.690318E-02,2.701561E-01
15:50:00,8.732807E+02,2.965296E+03,4.533614E-02,2.619947E-01,2.394466E+03,3.265410E+03,1.243039E-01,2.885122E-01,1.466581E+03,2.010060E+03,7.613439E-02,1.775971E-01,2.378517E+03,3.024173E+03,1.234760E-01,2.671983E-01,1.481387E+03,3.129650E+03,7.690302E-02,2.765181E-01
16:00:00,8.732792E+02,2.965299E+03,4.533606E-02,2.619940E-01,2.394461E+03,3.247574E+03,1.243037E-01,2.869353E-01,1.466578E+03,1.998912E+03,7.613423E-02,1.766114E-01,2.378513E+03,3.017698E+03,1.234758E-01,2.666252E-01,1.481384E+03,3.189937E+03,7.690287E-02,2.818436E-01
16:10:00,8.732777E+02,2.964514E+03,4.533599E-02,2.619237E-01,2.394457E+03,3.229400E+03,1.243035E-01,2.853286E-01,1.466575E+03,1.986921E+03,7.613409E-02,1.755514E-01,2.378508E+03,3.009446E+03,1.234756E-01,2.658952E-01,1.481381E+03,3.238230E+03,7.690272E-02,2.861093E-01
16:20:00,8.732763E+02,2.962898E+03,4.533591E-02,2.617800E-01,2.394453E+03,3.210352E+03,1.243033E-01,2.836445E-01,1.466572E+03,1.973823E+03,7.613394E-02,1.743935E-01,2.378504E+03,2.999387E+03,1.234753E-01,2.650054E-01,1.481378E+03,3.277550E+03,7.690258E-02,2.895821E-01
16:30:00,8.732750E+02,2.960492E+03,4.533584E-02,2.615671E-01,2.394449E+03,3.188634E+03,1.243031E-01,2.817253E-01,1.466569E+03,1.958937E+03,7.613380E-02,1.730780E-01,2.378500E+03,2.986097E+03,1.234751E-01,2.638308E-01,1.481376E+03,3.305952E+03,7.690243E-02,2.920910E-01
16:40:00,8.732736E+02,2.957140E+03,4.533577E-02,2.612709E-01,2.394445E+03,3.165113E+03,1.243029E-01,2.796472E-01,1.466567E+03,1.944591E+03,7.613366E-02,1.718105E-01,2.378496E+03,2.970561E+03,1.234749E-01,2.624581E-01,1.481373E+03,3.325119E+03,7.690230E-02,2.937843E-01
16:50:00,8.732723E+02,2.952808E+03,4.533570E-02,2.608877E-01,2.394441E+03,3.139478E+03,1.243027E-01,2.773818E-01,1.466564E+03,1.929637E+03,7.613353E-02,1.704890E-01,2.378493E+03,2.952996E+03,1.234747E-01,2.609057E-01,1.481370E+03,3.335158E+03,7.690217E-02,2.946708E-01
17:00:00,8.732710E+02,2.947595E+03,4.533564E-02,2.604267E-01,2.394437E+03,3.111963E+03,1.243025E-01,2.749502E-01,1.466562E+03,1.913822E+03,7.613340E-02,1.690913E-01,2.378489E+03,2.934232E+03,1.234745E-01,2.592474E-01,1.481368E+03,3.335234E+03,7.690204E-02,2.946768E-01
17:10:00,8.732698E+02,2.941641E+03,4.533557E-02,2.599001E-01,2.394433E+03,3.082445E+03,1.243023E-01,2.723416E-01,1.466559E+03,1.897108E+03,7.613327E-02,1.676143E-01,2.378485E+03,2.917486E+03,1.234743E-01,2.577673E-01,1.481366E+03,3.324635E+03,7.690191E-02,2.937397E-01
17:20:00,8.732686E+02,2.935194E+03,4.533551E-02,2.593299E-01,2.394430E+03,3.054276E+03,1.243021E-01,2.698523E-01,1.466557E+03,1.879480E+03,7.613315E-02,1.660564E-01,2.378482E+03,2.904900E+03,1.234742E-01,2.566547E-01,1.481363E+03,3.303343E+03,7.690179E-02,2.918579E-01
17:30:00,8.732674E+02,2.928517E+03,4.533545E-02,2.587395E-01,2.394426E+03,3.026477E+03,1.243019E-01,2.673956E-01,1.466555E+03,1.861800E+03,7.613303E-02,1.644940E-01,2.378478E+03,2.898662E+03,1.234740E-01,2.561030E-01,1.481361E+03,3.273778E+03,7.690167E-02,2.892451E-01
17:40:00,8.732663E+02,2.921806E+03,4.533539E-02,2.581461E-01,2.394423E+03,2.997341E+03,1.243017E-01,2.648208E-01,1.466552E+03,1.841721E+03,7.613292E-02,1.627196E-01,2.378475E+03,2.897794E+03,1.234738E-01,2.560259E-01,1.481359E+03,3.234076E+03,7.690156E-02,2.857367E-01
17:50:00,8.732651E+02,2.915159E+03,4.533533E-02,2.575586E-01,2.394420E+03,2.966578E+03,1.243016E-01,2.621027E-01,1.466550E+03,1.820407E+03,7.613281E-02,1.608364E-01,2.378472E+03,2.901653E+03,1.234736E-01,2.563667E-01,1.481357E+03,3.183874E+03,7.690144E-02,2.813010E-01
18:00:00,8.732640E+02,2.908443E+03,4.533528E-02,2.569653E-01,2.394417E+03,2.937068E+03,1.243014E-01,2.594954E-01,1.466548E+03,1.798393E+03,7.613270E-02,1.588914E-01,2.378469E+03,2.907157E+03,1.234735E-01,2.568530E-01,1.481354E+03,3.123848E+03,7.690133E-02,2.759976E-01
18:10:00,8.732630E+02,2.901424E+03,4.533522E-02,2.563452E-01,2.498966E+03,2.905951E+03,1.297288E-01,2.567462E-01,1.536247E+03,1.775176E+03,7.975099E-02,1.568401E-01,2.483018E+03,2.909584E+03,1.289009E-01,2.570675E-01,1.551054E+03,3.049591E+03,8.051962E-02,2.694368E-01
18:20:00,8.732619E+02,2.893690E+03,4.533517E-02,2.556618E-01,2.603563E+03,2.870386E+03,1.351586E-01,2.536039E-01,1.605980E+03,1.752913E+03,8.337087E-02,1.548732E-01,2.587615E+03,2.905139E+03,1.343307E-01,2.566747E-01,1.620786E+03,2.966717E+03,8.413949E-02,2.621146E-01
18:30:00,8.732610E+02,2.884810E+03,4.533512E-02,2.548773E-01,2.708197E+03,2.832530E+03,1.405900E-01,2.502592E-01,1.675737E+03,1.730504E+03,8.699181E-02,1.528933E-01,2.692248E+03,2.891186E+03,1.397621E-01,2.554419E-01,1.690543E+03,2.874542E+03,8.776044E-02,2.539708E-01
18:40:00,8.732604E+02,2.874458E+03,4.533509E-02,2.539626E-01,2.812894E+03,2.795907E+03,1.460243E-01,2.470235E-01,1.745536E+03,1.707718E+03,9.061466E-02,1.508801E-01,2.796944E+03,2.869466E+03,1.451963E-01,2.535229E-01,1.760342E+03,2.775235E+03,9.138330E-02,2.451967E-01
18:50:00,8.732605E+02,2.862467E+03,4.533509E-02,2.529032E-01,2.917640E+03,2.758401E+03,1.514609E-01,2.437098E-01,1.815366E+03,1.684396E+03,9.423895E-02,1.488196E-01,2.901689E+03,2.836799E+03,1.506328E-01,2.506367E-01,1.830173E+03,2.666289E+03,9.500761E-02,2.355712E-01
19:00:00,8.732615E+02,2.848729E+03,4.533514E-02,2.516894E-01,3.022426E+03,2.717029E+03,1.568992E-01,2.400545E-01,1.885223E+03,1.660446E+03,9.786439E-02,1.467035E-01,3.006474E+03,2.792521E+03,1.560711E-01,2.467245E-01,1.900030E+03,2.548827E+03,9.863307E-02,2.251931E-01
19:10:00,8.732639E+02,2.833209E+03,4.533527E-02,2.503182E-01,3.022693E+03,2.686212E+03,1.569114E-01,2.373318E-01,1.885399E+03,1.643993E+03,9.787240E-02,1.452499E-01,3.006739E+03,2.749490E+03,1.560832E-01,2.429226E-01,1.900207E+03,2.438366E+03,9.864110E-02,2.154337E-01
19:20:00,8.732680E+02,2.816058E+03,4.533548E-02,2.488029E-01,3.022939E+03,2.654189E+03,1.569226E-01,2.345028E-01,1.885559E+03,1.625320E+03,9.787964E-02,1.436003E-01,3.006983E+03,2.701652E+03,1.560943E-01,2.386962E-01,1.900369E+03,2.329101E+03,9.864838E-02,2.057802E-01
19:30:00,8.732737E+02,2.797610E+03,4.533578E-02,2.471730E-01,3.023171E+03,2.623197E+03,1.569333E-01,2.317649E-01,1.885711E+03,1.606599E+03,9.788653E-02,1.419465E-01,3.007214E+03,2.654322E+03,1.561049E-01,2.345148E-01,1.900521E+03,2.227079E+03,9.865529E-02,1.967667E-01
19:40:00,8.732810E+02,2.778372E+03,4.533616E-02,2.454735E-01,3.023361E+03,2.591213E+03,1.569420E-01,2.289398E-01,1.885833E+03,1.588491E+03,9.789213E-02,1.403471E-01,3.007403E+03,2.606648E+03,1.561136E-01,2.303034E-01,1.900644E+03,2.133028E+03,9.866090E-02,1.884577E-01
19:50:00,8.732896E+02,2.758742E+03,4.533660E-02,2.437396E-01,3.023518E+03,2.561037E+03,1.569493E-01,2.262746E-01,1.885935E+03,1.571404E+03,9.789683E-02,1.388381E-01,3.007560E+03,2.562819E+03,1.561209E-01,2.264320E-01,1.900745E+03,2.051982E+03,9.866560E-02,1.812981E-01
20:00:00,8.732991E+02,2.739224E+03,4.533710E-02,2.420157E-01,3.023651E+03,2.533321E+03,1.569555E-01,2.238270E-01,1.886020E+03,1.555469E+03,9.790083E-02,1.374309E-01,3.007692E+03,2.526388E+03,1.561271E-01,2.232143E-01,1.900830E+03,1.985216E+03,9.866960E-02,1.754001E-01
20:10:00,8.733092E+02,2.720346E+03,4.533762E-02,2.403485E-01,3.023763E+03,2.497427E+03,1.569608E-01,2.206572E-01,1.886092E+03,1.533595E+03,9.790426E-02,1.354992E-01,3.007804E+03,2.486929E+03,1.561324E-01,2.197295E-01,1.900903E+03,1.924669E+03,9.867303E-02,1.700518E-01
20:20:00,8.733194E+02,2.702368E+03,4.533815E-02,2.387615E-01,3.023858E+03,2.465066E+03,1.569654E-01,2.177998E-01,1.886154E+03,1.513594E+03,9.790723E-02,1.337333E-01,3.007900E+03,2.452581E+03,1.561370E-01,2.166966E-01,1.900964E+03,1.872447E+03,9.867599E-02,1.654393E-01
20:30:00,8.733296E+02,2.685452E+03,4.533868E-02,2.372682E-01,3.023940E+03,2.434740E+03,1.569694E-01,2.151223E-01,1.886207E+03,1.494666E+03,9.790979E-02,1.320621E-01,3.007982E+03,2.420481E+03,1.561410E-01,2.138623E-01,1.901017E+03,1.825089E+03,9.867855E-02,1.612564E-01
20:40:00,8.733397E+02,2.669570E+03,4.533920E-02,2.358660E-01,3.024010E+03,2.406101E+03,1.569728E-01,2.125934E-01,1.886252E+03,1.476652E+03,9.791201E-02,1.304714E-01,3.008052E+03,2.390189E+03,1.561444E-01,2.111873E-01,1.901062E+03,1.781741E+03,9.868077E-02,1.574275E-01
20:50:00,8.733493E+02,2.654959E+03,4.533970E-02,2.345759E-01,3.024071E+03,2.379366E+03,1.569758E-01,2.102324E-01,1.886291E+03,1.459716E+03,9.791395E-02,1.289758E-01,3.008113E+03,2.361914E+03,1.561474E-01,2.086903E-01,1.901101E+03,1.742155E+03,9.868270E-02,1.539307E-01
21:00:00,8.733586E+02,2.641099E+03,4.534019E-02,2.333538E-01,3.024123E+03,2.353948E+03,1.569783E-01,2.079897E-01,1.886325E+03,1.443523E+03,9.791563E-02,1.275470E-01,3.008165E+03,2.335072E+03,1.561500E-01,2.063219E-01,1.901135E+03,1.705681E+03,9.868438E-02,1.507102E-01
21:10:00,8.733674E+02,2.628154E+03,4.534064E-02,2.322123E-01,3.024168E+03,2.329806E+03,1.569806E-01,2.058595E-01,1.886354E+03,1.428063E+03,9.791710E-02,1.261828E-01,3.008211E+03,2.309633E+03,1.561523E-01,2.040770E-01,1.901164E+03,1.672005E+03,9.868585E-02,1.477366E-01
21:20:00,8.733757E+02,2.616030E+03,4.534107E-02,2.311429E-01,3.024208E+03,2.306834E+03,1.569826E-01,2.038321E-01,1.886380E+03,1.413286E+03,9.791840E-02,1.248786E-01,3.008250E+03,2.285489E+03,1.561542E-01,2.019460E-01,1.901190E+03,1.640844E+03,9.868714E-02,1.449849E-01
21:30:00,8.733836E+02,2.604676E+03,4.534148E-02,2.301417E-01,3.024242E+03,2.284963E+03,1.569843E-01,2.019019E-01,1.886403E+03,1.399163E+03,9.791954E-02,1.236321E-01,3.008285E+03,2.262570E+03,1.561560E-01,1.999232E-01,1.901212E+03,1.611953E+03,9.868828E-02,1.424337E-01
21:40:00,8.733909E+02,2.594025E+03,4.534186E-02,2.292024E-01,3.024273E+03,2.264087E+03,1.569858E-01,2.000596E-01,1.886423E+03,1.385635E+03,9.792055E-02,1.224382E-01,3.008316E+03,2.240767E+03,1.561575E-01,1.979990E-01,1.901232E+03,1.585088E+03,9.868929E-02,1.400614E-01
21:50:00,8.733978E+02,2.583788E+03,4.534222E-02,2.282998E-01,3.024299E+03,2.243872E+03,1.569872E-01,1.982757E-01,1.886440E+03,1.372507E+03,9.792145E-02,1.212796E-01,3.008343E+03,2.219742E+03,1.561589E-01,1.961434E-01,1.901250E+03,1.559891E+03,9.869018E-02,1.378365E-01
22:00:00,8.734042E+02,2.574349E+03,4.534255E-02,2.274660E-01,3.024323E+03,2.224704E+03,1.569884E-01,1.965823E-01,1.886456E+03,1.360016E+03,9.792225E-02,1.201761E-01,3.008367E+03,2.199872E+03,1.561601E-01,1.943880E-01,1.901266E+03,1.536441E+03,9.869098E-02,1.357647E-01
22:10:00,8.734101E+02,2.565362E+03,4.534286E-02,2.266719E-01,3.024345E+03,2.206357E+03,1.569895E-01,1.949613E-01,1.886470E+03,1.348032E+03,9.792297E-02,1.191172E-01,3.008388E+03,2.180920E+03,1.561612E-01,1.927136E-01,1.901280E+03,1.514499E+03,9.869170E-02,1.338260E-01
22:20:00,8.734157E+02,2.556886E+03,4.534315E-02,2.259231E-01,3.024364E+03,2.188876E+03,1.569905E-01,1.934167E-01,1.886483E+03,1.336582E+03,9.792362E-02,1.181055E-01,3.008407E+03,2.162924E+03,1.561622E-01,1.911235E-01,1.901292E+03,1.493976E+03,9.869235E-02,1.320126E-01
22:30:00,8.734208E+02,2.548864E+03,4.534342E-02,2.252144E-01,3.024381E+03,2.172185E+03,1.569913E-01,1.919420E-01,1.886494E+03,1.325625E+03,9.792421E-02,1.171373E-01,3.008424E+03,2.145802E+03,1.561631E-01,1.896107E-01,1.901304E+03,1.474733E+03,9.869293E-02,1.303124E-01
22:40:00,8.734257E+02,2.541255E+03,4.534367E-02,2.245421E-01,3.024396E+03,2.156235E+03,1.569921E-01,1.905327E-01,1.886505E+03,1.315131E+03,9.792474E-02,1.162101E-01,3.008440E+03,2.129497E+03,1.561639E-01,1.881699E-01,1.901314E+03,1.456655E+03,9.869347E-02,1.287150E-01
22:50:00,8.734301E+02,2.534022E+03,4.534390E-02,2.239030E-01,3.024411E+03,2.140980E+03,1.569929E-01,1.891847E-01,1.886514E+03,1.305073E+03,9.792523E-02,1.153214E-01,3.008454E+03,2.113953E+03,1.561646E-01,1.867966E-01,1.901323E+03,1.439640E+03,9.869395E-02,1.272116E-01
23:00:00,8.734343E+02,2.527134E+03,4.534412E-02,2.232944E-01,3.024424E+03,2.126378E+03,1.569935E-01,1.878946E-01,1.886523E+03,1.295428E+03,9.792568E-02,1.144692E-01,3.008467E+03,2.099124E+03,1.561653E-01,1.854863E-01,1.901332E+03,1.423597E+03,9.869440E-02,1.257940E-01
23:10:00,8.734382E+02,2.520560E+03,4.534432E-02,2.227136E-01,3.024436E+03,2.112256E+03,1.569942E-01,1.866468E-01,1.886531E+03,1.286092E+03,9.792609E-02,1.136443E-01,3.008479E+03,2.084833E+03,1.561659E-01,1.842236E-01,1.901340E+03,1.408360E+03,9.869481E-02,1.244478E-01
23:20:00,8.734419E+02,2.514274E+03,4.534451E-02,2.221583E-01,3.024447E+03,2.098580E+03,1.569947E-01,1.854383E-01,1.886538E+03,1.277047E+03,9.792647E-02,1.128450E-01,3.008490E+03,2.071041E+03,1.561664E-01,1.830049E-01,1.901348E+03,1.393859E+03,9.869519E-02,1.231665E-01
23:30:00,8.734453E+02,2.508251E+03,4.534469E-02,2.216261E-01,3.024457E+03,2.085316E+03,1.569953E-01,1.842663E-01,1.886545E+03,1.268271E+03,9.792683E-02,1.120696E-01,3.008500E+03,2.057708E+03,1.561670E-01,1.818269E-01,1.901354E+03,1.380028E+03,9.869555E-02,1.219444E-01
23:40:00,8.734485E+02,2.502468E+03,4.534485E-02,2.211152E-01,3.024466E+03,2.072434E+03,1.569958E-01,1.831281E-01,1.886551E+03,1.259747E+03,9.792716E-02,1.113164E-01,3.008510E+03,2.044799E+03,1.561675E-01,1.806863E-01,1.901361E+03,1.366807E+03,9.869588E-02,1.207762E-01
23:50:00,8.734515E+02,2.496905E+03,4.534501E-02,2.206236E-01,3.024475E+03,2.059905E+03,1.569962E-01,1.820211E-01,1.886557E+03,1.251457E+03,9.792747E-02,1.105839E-01,3.008519E+03,2.032282E+03,1.561679E-01,1.795803E-01,1.901367E+03,1.354144E+03,9.869619E-02,1.196573E-01
24:00:00,8.734544E+02,2.491541E+03,4.534516E-02,2.201497E-01,3.024484E+03,2.047704E+03,1.569967E-01,1.809430E-01,1.886563E+03,1.243387E+03,9.792776E-02,1.098708E-01,3.008527E+03,2.020128E+03,1.561684E-01,1.785063E-01,1.901372E+03,1.341990E+03,9.869648E-02,1.185834E-01
Peak,8.735146E+02,2.965299E+03,4.534828E-02,2.619940E-01,3.024656E+03,3.500739E+03,1.570056E-01,3.093224E-01,1.886678E+03,3.054941E+03,9.793374E-02,2.699093E-01,3.008698E+03,3.032808E+03,1.561772E-01,2.679651E-01,1.901487E+03,3.335234E+03,9.870245E-02,2.946768E-01

Peak Vol Flow (m3/s),,,3.767736E-02,2.176762E-01,,,1.304472E-01,2.569987E-01,,,8.136768E-02,2.242526E-01,,,1.297590E-01,2.226373E-01,,,8.200637E-02,2.448305E-01
