Time,PSZ-AC:1:DesPer 1:Des Heat Mass Flow [kg/s],PSZ-AC:1:DesPer 1:Des Heat Cap [W],PSZ-AC:1:DesPer 1:Des Cool Mass Flow [kg/s],PSZ-AC:1:DesPer 1:Des Sens Cool Cap [W],PSZ-AC:1:DesPer 1:Des Tot Cool Cap [W],PSZ-AC:1:DesPer 2:Des Heat Mass Flow [kg/s],PSZ-AC:1:DesPer 2:Des Heat Cap [W],PSZ-AC:1:DesPer 2:Des Cool Mass Flow [kg/s],PSZ-AC:1:DesPer 2:Des Sens Cool Cap [W],PSZ-AC:1:DesPer 2:Des Tot Cool Cap [W],PSZ-AC:2:DesPer 1:Des Heat Mass Flow [kg/s],PSZ-AC:2:DesPer 1:Des Heat Cap [W],PSZ-AC:2:DesPer 1:Des Cool Mass Flow [kg/s],PSZ-AC:2:DesPer 1:Des Sens Cool Cap [W],PSZ-AC:2:DesPer 1:Des Tot Cool Cap [W],PSZ-AC:2:DesPer 2:Des Heat Mass Flow [kg/s],PSZ-AC:2:DesPer 2:Des Heat Cap [W],PSZ-AC:2:DesPer 2:Des Cool Mass Flow [kg/s],PSZ-AC:2:DesPer 2:Des Sens Cool Cap [W],PSZ-AC:2:DesPer 2:Des Tot Cool Cap [W],PSZ-AC:3:DesPer 1:Des Heat Mass Flow [kg/s],PSZ-AC:3:DesPer 1:Des Heat Cap [W],PSZ-AC:3:DesPer 1:Des Cool Mass Flow [kg/s],PSZ-AC:3:DesPer 1:Des Sens Cool Cap [W],PSZ-AC:3:DesPer 1:Des Tot Cool Cap [W],PSZ-AC:3:DesPer 2:Des Heat Mass Flow [kg/s],PSZ-AC:3:DesPer 2:Des Heat Cap [W],PSZ-AC:3:DesPer 2:Des Cool Mass Flow [kg/s],PSZ-AC:3:DesPer 2:Des Sens Cool Cap [W],PSZ-AC:3:DesPer 2:Des Tot Cool Cap [W],PSZ-AC:4:DesPer 1:Des Heat Mass Flow [kg/s],PSZ-AC:4:DesPer 1:Des Heat Cap [W],PSZ-AC:4:DesPer 1:Des Cool Mass Flow [kg/s],PSZ-AC:4:DesPer 1:Des Sens Cool Cap [W],PSZ-AC:4:DesPer 1:Des Tot Cool Cap [W],PSZ-AC:4:DesPer 2:Des Heat Mass Flow [kg/s],PSZ-AC:4:DesPer 2:Des Heat Cap [W],PSZ-AC:4:DesPer 2:Des Cool Mass Flow [kg/s],PSZ-AC:4:DesPer 2:Des Sens Cool Cap [W],PSZ-AC:4:DesPer 2:Des Tot Cool Cap [W],PSZ-AC:5:DesPer 1:Des Heat Mass Flow [kg/s],PSZ-AC:5:DesPer 1:Des Heat Cap [W],PSZ-AC:5:DesPer 1:Des Cool Mass Flow [kg/s],PSZ-AC:5:DesPer 1:Des Sens Cool Cap [W],PSZ-AC:5:DesPer 1:Des Tot Cool Cap [W],PSZ-AC:5:DesPer 2:Des Heat Mass Flow [kg/s],PSZ-AC:5:DesPer 2:Des Heat Cap [W],PSZ-AC:5:DesPer 2:Des Cool Mass Flow [kg/s],PSZ-AC:5:DesPer 2:Des Sens Cool Cap [W],PSZ-AC:5:DesPer 2:Des Tot Cool Cap [W]
00:10:00,7.777393E-02,3.962296E+03,7.777393E-02,0.000000E+00,0.000000E+00,7.777393E-02,1.097408E+03,2.636303E-01,3.099222E+03,4.635428E+03,1.883965E-01,5.460948E+03,5.895768E-02,0.000000E+00,0.000000E+00,5.895768E-02,8.319060E+02,2.158772E-01,2.527907E+03,3.866042E+03,1.175136E-01,3.348763E+03,3.497445E-02,0.000000E+00,0.000000E+00,3.497445E-02,4.934974E+02,1.310152E-01,1.532497E+03,2.340632E+03,1.874025E-01,5.442079E+03,5.895768E-02,0.000000E+00,0.000000E+00,5.895768E-02,8.319060E+02,2.129613E-01,2.495418E+03,3.829978E+03,1.184361E-01,3.366276E+03,3.497445E-02,0.000000E+00,0.000000E+00,3.497445E-02,4.934974E+02,1.410652E-01,1.644477E+03,2.462985E+03
00:20:00,7.777393E-02,3.962296E+03,7.777393E-02,0.000000E+00,0.000000E+00,7.777393E-02,1.103191E+03,2.630988E-01,3.087516E+03,4.623271E+03,1.883970E-01,5.460957E+03,5.895768E-02,0.000000E+00,0.000000E+00,5.895768E-02,8.362901E+02,2.146599E-01,2.509960E+03,3.846721E+03,1.175140E-01,3.348769E+03,3.497445E-02,0.000000E+00,0.000000E+00,3.497445E-02,4.960980E+02,1.302100E-01,1.520924E+03,2.328132E+03,1.874030E-01,5.442087E+03,5.895768E-02,0.000000E+00,0.000000E+00,5.895768E-02,8.362901E+02,2.117549E-01,2.477593E+03,3.810776E+03,1.184364E-01,3.366282E+03,3.497445E-02,0.000000E+00,0.000000E+00,3.497445E-02,4.960980E+02,1.398802E-01,1.628672E+03,2.445988E+03
00:30:00,7.777393E-02,3.962296E+03,7.777393E-02,0.000000E+00,0.000000E+00,7.777393E-02,1.108974E+03,2.625836E-01,3.075992E+03,4.611304E+03,1.883974E-01,5.460965E+03,5.895768E-02,0.000000E+00,0.000000E+00,5.895768E-02,8.406742E+02,2.134778E-01,2.492405E+03,3.827811E+03,1.175143E-01,3.348775E+03,3.497445E-02,0.000000E+00,0.000000E+00,3.497445E-02,4.986987E+02,1.294281E-01,1.509612E+03,2.315907E+03,1.874034E-01,5.442096E+03,5.895768E-02,0.000000E+00,0.000000E+00,5.895768E-02,8.406742E+02,2.105863E-01,2.460188E+03,3.792019E+03,1.184367E-01,3.366287E+03,3.497445E-02,0.000000E+00,0.000000E+00,3.497445E-02,4.986987E+02,1.387415E-01,1.613384E+03,2.429532E+03
00:40:00,7.777393E-02,3.962296E+03,7.777393E-02,0.000000E+00,0.000000E+00,7.777393E-02,1.114757E+03,2.620837E-01,3.064638E+03,4.599509E+03,1.883978E-01,5.460973E+03,5.895768E-02,0.000000E+00,0.000000E+00,5.895768E-02,8.450582E+02,2.123293E-01,2.475224E+03,3.809295E+03,1.175145E-01,3.348780E+03,3.497445E-02,0.000000E+00,0.000000E+00,3.497445E-02,5.012994E+02,1.286686E-01,1.498549E+03,2.303945E+03,1.874039E-01,5.442104E+03,5.895768E-02,0.000000E+00,0.000000E+00,5.895768E-02,8.450582E+02,2.094537E-01,2.443184E+03,3.773684E+03,1.184370E-01,3.366293E+03,3.497445E-02,0.000000E+00,0.000000E+00,3.497445E-02,5.012994E+02,1.376460E-01,1.598577E+03,2.413583E+03
00:50:00,7.777393E-02,3.962296E+03,7.777393E-02,0.000000E+00,0.000000E+00,7.777393E-02,1.120541E+03,2.615979E-01,3.053441E+03,4.587877E+03,1.883982E-01,5.460981E+03,5.895768E-02,0.000000E+00,0.000000E+00,5.895768E-02,8.494423E+02,2.112128E-01,2.458400E+03,3.791160E+03,1.175148E-01,3.348786E+03,3.497445E-02,0.000000E+00,0.000000E+00,3.497445E-02,5.039001E+02,1.279305E-01,1.487724E+03,2.292237E+03,1.874043E-01,5.442111E+03,5.895768E-02,0.000000E+00,0.000000E+00,5.895768E-02,8.494423E+02,2.083553E-01,2.426561E+03,3.755756E+03,1.184373E-01,3.366298E+03,3.497445E-02,0.000000E+00,0.000000E+00,3.497445E-02,5.039001E+02,1.365909E-01,1.584221E+03,2.398111E+03
01:00:00,7.777393E-02,3.962296E+03,7.777393E-02,0.000000E+00,0.000000E+00,7.777393E-02,1.126324E+03,2.611252E-01,3.042391E+03,4.576397E+03,1.883986E-01,5.460988E+03,5.895768E-02,0.000000E+00,0.000000E+00,5.895768E-02,8.538263E+02,2.101272E-01,2.441919E+03,3.773396E+03,1.175151E-01,3.348791E+03,3.497445E-02,0.000000E+00,0.000000E+00,3.497445E-02,5.065008E+02,1.272129E-01,1.477128E+03,2.280778E+03,1.874047E-01,5.442119E+03,5.895768E-02,0.000000E+00,0.000000E+00,5.895768E-02,8.538263E+02,2.072895E-01,2.410302E+03,3.738223E+03,1.184375E-01,3.366303E+03,3.497445E-02,0.000000E+00,0.000000E+00,3.497445E-02,5.065008E+02,1.355739E-01,1.570288E+03,2.383092E+03
01:10:00,7.777393E-02,3.962296E+03,7.777393E-02,0.000000E+00,0.000000E+00,7.777393E-02,1.130179E+03,2.606650E-01,3.033408E+03,4.567026E+03,1.883990E-01,5.460995E+03,5.895768E-02,0.000000E+00,0.000000E+00,5.895768E-02,8.567491E+02,2.090780E-01,2.427306E+03,3.757580E+03,1.175153E-01,3.348795E+03,3.497445E-02,0.000000E+00,0.000000E+00,3.497445E-02,5.082346E+02,1.265193E-01,1.467666E+03,2.270502E+03,1.874050E-01,5.442126E+03,5.895768E-02,0.000000E+00,0.000000E+00,5.895768E-02,8.567491E+02,2.062616E-01,2.395926E+03,3.722655E+03,1.184378E-01,3.366308E+03,3.497445E-02,0.000000E+00,0.000000E+00,3.497445E-02,5.082346E+02,1.345970E-01,1.557669E+03,2.369446E+03
01:20:00,7.777393E-02,3.962296E+03,7.777393E-02,0.000000E+00,0.000000E+00,7.777393E-02,1.134035E+03,2.602166E-01,3.024556E+03,4.557791E+03,1.883993E-01,5.461002E+03,5.895768E-02,0.000000E+00,0.000000E+00,5.895768E-02,8.596718E+02,2.080643E-01,2.413089E+03,3.742191E+03,1.175156E-01,3.348800E+03,3.497445E-02,0.000000E+00,0.000000E+00,3.497445E-02,5.099684E+02,1.258489E-01,1.458463E+03,2.260505E+03,1.874054E-01,5.442132E+03,5.895768E-02,0.000000E+00,0.000000E+00,5.895768E-02,8.596718E+02,2.052705E-01,2.381960E+03,3.707528E+03,1.184380E-01,3.366312E+03,3.497445E-02,0.000000E+00,0.000000E+00,3.497445E-02,5.099684E+02,1.336583E-01,1.545477E+03,2.356253E+03
01:30:00,7.777393E-02,3.962296E+03,7.777393E-02,0.000000E+00,0.000000E+00,7.777393E-02,1.137890E+03,2.597794E-01,3.015829E+03,4.548687E+03,1.883997E-01,5.461008E+03,5.895768E-02,0.000000E+00,0.000000E+00,5.895768E-02,8.625945E+02,2.070856E-01,2.399261E+03,3.727213E+03,1.175158E-01,3.348804E+03,3.497445E-02,0.000000E+00,0.000000E+00,3.497445E-02,5.117021E+02,1.252014E-01,1.449514E+03,2.250777E+03,1.874057E-01,5.442139E+03,5.895768E-02,0.000000E+00,0.000000E+00,5.895768E-02,8.625945E+02,2.043153E-01,2.368394E+03,3.692827E+03,1.184383E-01,3.366316E+03,3.497445E-02,0.000000E+00,0.000000E+00,3.497445E-02,5.117021E+02,1.327563E-01,1.533693E+03,2.343490E+03
01:40:00,7.777393E-02,3.962296E+03,7.777393E-02,0.000000E+00,0.000000E+00,7.777393E-02,1.141746E+03,2.593531E-01,3.007223E+03,4.539708E+03,1.884000E-01,5.461015E+03,5.895768E-02,0.000000E+00,0.000000E+00,5.895768E-02,8.655172E+02,2.061411E-01,2.385814E+03,3.712644E+03,1.175160E-01,3.348808E+03,3.497445E-02,0.000000E+00,0.000000E+00,3.497445E-02,5.134359E+02,1.245762E-01,1.440814E+03,2.241317E+03,1.874060E-01,5.442145E+03,5.895768E-02,0.000000E+00,0.000000E+00,5.895768E-02,8.655172E+02,2.033952E-01,2.355219E+03,3.678546E+03,1.184385E-01,3.366321E+03,3.497445E-02,0.000000E+00,0.000000E+00,3.497445E-02,5.134359E+02,1.318896E-01,1.522301E+03,2.331145E+03
01:50:00,7.777393E-02,3.962296E+03,7.777393E-02,0.000000E+00,0.000000E+00,7.777393E-02,1.145601E+03,2.589372E-01,2.998733E+03,4.530851E+03,1.884003E-01,5.461021E+03,5.895768E-02,0.000000E+00,0.000000E+00,5.895768E-02,8.684399E+02,2.052303E-01,2.372744E+03,3.698487E+03,1.175162E-01,3.348812E+03,3.497445E-02,0.000000E+00,0.000000E+00,3.497445E-02,5.151697E+02,1.239731E-01,1.432360E+03,2.232125E+03,1.874064E-01,5.442151E+03,5.895768E-02,0.000000E+00,0.000000E+00,5.895768E-02,8.684399E+02,2.025095E-01,2.342429E+03,3.664685E+03,1.184387E-01,3.366325E+03,3.497445E-02,0.000000E+00,0.000000E+00,3.497445E-02,5.151697E+02,1.310568E-01,1.511288E+03,2.319207E+03
02:00:00,7.777393E-02,3.962296E+03,7.777393E-02,0.000000E+00,0.000000E+00,7.777393E-02,1.149457E+03,2.585315E-01,2.990357E+03,4.522113E+03,1.884006E-01,5.461027E+03,5.895768E-02,0.000000E+00,0.000000E+00,5.895768E-02,8.713626E+02,2.043530E-01,2.360045E+03,3.684744E+03,1.175164E-01,3.348816E+03,3.497445E-02,0.000000E+00,0.000000E+00,3.497445E-02,5.169035E+02,1.233917E-01,1.424148E+03,2.223202E+03,1.874067E-01,5.442157E+03,5.895768E-02,0.000000E+00,0.000000E+00,5.895768E-02,8.713626E+02,2.016578E-01,2.330015E+03,3.651246E+03,1.184389E-01,3.366329E+03,3.497445E-02,0.000000E+00,0.000000E+00,3.497445E-02,5.169035E+02,1.302569E-01,1.500642E+03,2.307670E+03
02:10:00,7.777393E-02,3.962296E+03,7.777393E-02,0.000000E+00,0.000000E+00,7.777393E-02,1.152348E+03,2.581356E-01,2.983055E+03,4.514472E+03,1.884009E-01,5.461032E+03,5.895768E-02,0.000000E+00,0.000000E+00,5.895768E-02,8.735546E+02,2.035014E-01,2.348366E+03,3.672061E+03,1.175166E-01,3.348820E+03,3.497445E-02,0.000000E+00,0.000000E+00,3.497445E-02,5.182039E+02,1.228274E-01,1.416561E+03,2.214931E+03,1.874070E-01,5.442163E+03,5.895768E-02,0.000000E+00,0.000000E+00,5.895768E-02,8.735546E+02,2.008326E-01,2.318629E+03,3.638874E+03,1.184391E-01,3.366332E+03,3.497445E-02,0.000000E+00,0.000000E+00,3.497445E-02,5.182039E+02,1.294844E-01,1.490734E+03,2.296905E+03
02:20:00,7.777393E-02,3.962296E+03,7.777393E-02,0.000000E+00,0.000000E+00,7.777393E-02,1.155240E+03,2.577494E-01,2.975859E+03,4.506945E+03,1.884012E-01,5.461038E+03,5.895768E-02,0.000000E+00,0.000000E+00,5.895768E-02,8.757467E+02,2.026754E-01,2.336970E+03,3.659679E+03,1.175168E-01,3.348824E+03,3.497445E-02,0.000000E+00,0.000000E+00,3.497445E-02,5.195042E+02,1.222801E-01,1.409163E+03,2.206861E+03,1.874072E-01,5.442168E+03,5.895768E-02,0.000000E+00,0.000000E+00,5.895768E-02,8.757467E+02,2.000334E-01,2.307532E+03,3.626812E+03,1.184393E-01,3.366336E+03,3.497445E-02,0.000000E+00,0.000000E+00,3.497445E-02,5.195042E+02,1.287384E-01,1.481122E+03,2.286452E+03
02:30:00,7.777393E-02,3.962296E+03,7.777393E-02,0.000000E+00,0.000000E+00,7.777393E-02,1.158132E+03,2.573725E-01,2.968768E+03,4.499528E+03,1.884015E-01,5.461043E+03,5.895768E-02,0.000000E+00,0.000000E+00,5.895768E-02,8.779387E+02,2.018744E-01,2.325852E+03,3.647593E+03,1.175170E-01,3.348827E+03,3.497445E-02,0.000000E+00,0.000000E+00,3.497445E-02,5.208045E+02,1.217494E-01,1.401949E+03,2.198987E+03,1.874075E-01,5.442173E+03,5.895768E-02,0.000000E+00,0.000000E+00,5.895768E-02,8.779387E+02,1.992596E-01,2.296718E+03,3.615051E+03,1.184395E-01,3.366340E+03,3.497445E-02,0.000000E+00,0.000000E+00,3.497445E-02,5.208045E+02,1.280180E-01,1.471795E+03,2.276302E+03
02:40:00,7.777393E-02,3.962296E+03,7.777393E-02,0.000000E+00,0.000000E+00,7.777393E-02,1.161023E+03,2.570048E-01,2.961779E+03,4.492218E+03,1.884018E-01,5.461048E+03,5.895768E-02,0.000000E+00,0.000000E+00,5.895768E-02,8.801307E+02,2.010979E-01,2.315009E+03,3.635799E+03,1.175172E-01,3.348831E+03,3.497445E-02,0.000000E+00,0.000000E+00,3.497445E-02,5.221049E+02,1.212350E-01,1.394917E+03,2.191307E+03,1.874078E-01,5.442178E+03,5.895768E-02,0.000000E+00,0.000000E+00,5.895768E-02,8.801307E+02,1.985107E-01,2.286182E+03,3.603586E+03,1.184397E-01,3.366343E+03,3.497445E-02,0.000000E+00,0.000000E+00,3.497445E-02,5.221049E+02,1.273223E-01,1.462743E+03,2.266444E+03
02:50:00,7.777393E-02,3.962296E+03,7.777393E-02,0.000000E+00,0.000000E+00,7.777393E-02,1.163915E+03,2.566460E-01,2.954889E+03,4.485013E+03,1.884020E-01,5.461053E+03,5.895768E-02,0.000000E+00,0.000000E+00,5.895768E-02,8.823228E+02,2.003456E-01,2.304435E+03,3.624297E+03,1.175174E-01,3.348834E+03,3.497445E-02,0.000000E+00,0.000000E+00,3.497445E-02,5.234052E+02,1.207365E-01,1.388063E+03,2.183821E+03,1.874081E-01,5.442183E+03,5.895768E-02,0.000000E+00,0.000000E+00,5.895768E-02,8.823228E+02,1.977862E-01,2.275917E+03,3.592416E+03,1.184398E-01,3.366346E+03,3.497445E-02,0.000000E+00,0.000000E+00,3.497445E-02,5.234052E+02,1.266505E-01,1.453957E+03,2.256873E+03
03:00:00,7.777393E-02,3.962296E+03,7.777393E-02,0.000000E+00,0.000000E+00,7.777393E-02,1.166806E+03,2.562959E-01,2.948096E+03,4.477910E+03,1.884023E-01,5.461058E+03,5.895768E-02,0.000000E+00,0.000000E+00,5.895768E-02,8.845148E+02,1.996170E-01,2.294124E+03,3.613086E+03,1.175175E-01,3.348837E+03,3.497445E-02,0.000000E+00,0.000000E+00,3.497445E-02,5.247056E+02,1.202538E-01,1.381383E+03,2.176527E+03,1.874083E-01,5.442188E+03,5.895768E-02,0.000000E+00,0.000000E+00,5.895768E-02,8.845148E+02,1.970855E-01,2.265917E+03,3.581539E+03,1.184400E-01,3.366350E+03,3.497445E-02,0.000000E+00,0.000000E+00,3.497445E-02,5.247056E+02,1.260017E-01,1.445428E+03,2.247582E+03
03:10:00,7.777393E-02,3.962296E+03,7.777393E-02,0.000000E+00,0.000000E+00,7.777393E-02,1.169698E+03,2.559542E-01,2.941397E+03,4.470906E+03,1.884025E-01,5.461063E+03,5.895768E-02,0.000000E+00,0.000000E+00,5.895768E-02,8.867068E+02,1.989048E-01,2.283997E+03,3.602066E+03,1.175177E-01,3.348840E+03,3.497445E-02,0.000000E+00,0.000000E+00,3.497445E-02,5.260059E+02,1.197823E-01,1.374829E+03,2.169366E+03,1.874086E-01,5.442193E+03,5.895768E-02,0.000000E+00,0.000000E+00,5.895768E-02,8.867068E+02,1.964016E-01,2.256105E+03,3.570858E+03,1.184402E-01,3.366353E+03,3.497445E-02,0.000000E+00,0.000000E+00,3.497445E-02,5.260059E+02,1.253711E-01,1.437101E+03,2.238504E+03
03:20:00,7.777393E-02,3.962296E+03,7.777393E-02,0.000000E+00,0.000000E+00,7.777393E-02,1.172590E+03,2.556206E-01,2.934789E+03,4.463999E+03,1.884028E-01,5.461067E+03,5.895768E-02,0.000000E+00,0.000000E+00,5.895768E-02,8.888989E+02,1.982085E-01,2.274046E+03,3.591231E+03,1.175179E-01,3.348843E+03,3.497445E-02,0.000000E+00,0.000000E+00,3.497445E-02,5.273062E+02,1.193217E-01,1.368398E+03,2.162334E+03,1.874088E-01,5.442197E+03,5.895768E-02,0.000000E+00,0.000000E+00,5.895768E-02,8.888989E+02,1.957338E-01,2.246473E+03,3.560367E+03,1.184403E-01,3.366356E+03,3.497445E-02,0.000000E+00,0.000000E+00,3.497445E-02,5.273062E+02,1.247578E-01,1.428968E+03,2.229631E+03
03:30:00,7.777393E-02,3.962296E+03,7.777393E-02,0.000000E+00,0.000000E+00,7.777393E-02,1.175481E+03,2.552950E-01,2.928269E+03,4.457185E+03,1.884030E-01,5.461072E+03,5.895768E-02,0.000000E+00,0.000000E+00,5.895768E-02,8.910909E+02,1.975274E-01,2.264265E+03,3.580578E+03,1.175180E-01,3.348846E+03,3.497445E-02,0.000000E+00,0.000000E+00,3.497445E-02,5.286066E+02,1.188717E-01,1.362083E+03,2.155427E+03,1.874090E-01,5.442202E+03,5.895768E-02,0.000000E+00,0.000000E+00,5.895768E-02,8.910909E+02,1.950816E-01,2.237014E+03,3.550061E+03,1.184405E-01,3.366359E+03,3.497445E-02,0.000000E+00,0.000000E+00,3.497445E-02,5.286066E+02,1.241611E-01,1.421019E+03,2.220954E+03
03:40:00,7.777393E-02,3.962296E+03,7.777393E-02,0.000000E+00,0.000000E+00,7.777393E-02,1.178373E+03,2.549769E-01,2.921833E+03,4.450460E+03,1.884033E-01,5.461076E+03,5.895768E-02,0.000000E+00,0.000000E+00,5.895768E-02,8.932829E+02,1.968610E-01,2.254648E+03,3.570097E+03,1.175182E-01,3.348849E+03,3.497445E-02,0.000000E+00,0.000000E+00,3.497445E-02,5.299069E+02,1.184318E-01,1.355882E+03,2.148640E+03,1.874092E-01,5.442206E+03,5.895768E-02,0.000000E+00,0.000000E+00,5.895768E-02,8.932829E+02,1.944442E-01,2.227720E+03,3.539930E+03,1.184406E-01,3.366362E+03,3.497445E-02,0.000000E+00,0.000000E+00,3.497445E-02,5.299069E+02,1.235803E-01,1.413246E+03,2.212466E+03
03:50:00,7.777393E-02,3.962296E+03,7.777393E-02,0.000000E+00,0.000000E+00,7.777393E-02,1.181264E+03,2.546661E-01,2.915478E+03,4.443820E+03,1.884035E-01,5.461080E+03,5.895768E-02,0.000000E+00,0.000000E+00,5.895768E-02,8.954750E+02,1.962086E-01,2.245187E+03,3.559783E+03,1.175183E-01,3.348852E+03,3.497445E-02,0.000000E+00,0.000000E+00,3.497445E-02,5.312073E+02,1.180017E-01,1.349788E+03,2.141969E+03,1.874095E-01,5.442210E+03,5.895768E-02,0.000000E+00,0.000000E+00,5.895768E-02,8.954750E+02,1.938210E-01,2.218584E+03,3.529969E+03,1.184408E-01,3.366364E+03,3.497445E-02,0.000000E+00,0.000000E+00,3.497445E-02,5.312073E+02,1.230144E-01,1.405642E+03,2.204156E+03
04:00:00,7.777393E-02,3.962296E+03,7.777393E-02,0.000000E+00,0.000000E+00,7.777393E-02,1.184156E+03,2.543622E-01,2.909200E+03,4.437262E+03,1.884037E-01,5.461084E+03,5.895768E-02,0.000000E+00,0.000000E+00,5.895768E-02,8.976670E+02,1.955696E-01,2.235875E+03,3.549628E+03,1.175185E-01,3.348855E+03,3.497445E-02,0.000000E+00,0.000000E+00,3.497445E-02,5.325076E+02,1.175808E-01,1.343799E+03,2.135410E+03,1.874097E-01,5.442214E+03,5.895768E-02,0.000000E+00,0.000000E+00,5.895768E-02,8.976670E+02,1.932114E-01,2.209599E+03,3.520169E+03,1.184409E-01,3.366367E+03,3.497445E-02,0.000000E+00,0.000000E+00,3.497445E-02,5.325076E+02,1.224630E-01,1.398197E+03,2.196018E+03
04:10:00,7.777393E-02,3.962296E+03,7.777393E-02,0.000000E+00,0.000000E+00,7.777393E-02,1.186084E+03,2.540652E-01,2.903962E+03,4.431766E+03,1.884039E-01,5.461088E+03,5.895768E-02,0.000000E+00,0.000000E+00,5.895768E-02,8.991284E+02,1.949498E-01,2.227508E+03,3.540465E+03,1.175186E-01,3.348857E+03,3.497445E-02,0.000000E+00,0.000000E+00,3.497445E-02,5.333745E+02,1.171724E-01,1.338381E+03,2.129451E+03,1.874099E-01,5.442218E+03,5.895768E-02,0.000000E+00,0.000000E+00,5.895768E-02,8.991284E+02,1.926202E-01,2.201551E+03,3.511349E+03,1.184411E-01,3.366370E+03,3.497445E-02,0.000000E+00,0.000000E+00,3.497445E-02,5.333745E+02,1.219293E-01,1.391384E+03,2.188545E+03
04:20:00,7.777393E-02,3.962296E+03,7.777393E-02,0.000000E+00,0.000000E+00,7.777393E-02,1.188012E+03,2.537746E-01,2.898796E+03,4.426348E+03,1.884041E-01,5.461092E+03,5.895768E-02,0.000000E+00,0.000000E+00,5.895768E-02,9.005897E+02,1.943486E-01,2.219347E+03,3.531529E+03,1.175187E-01,3.348860E+03,3.497445E-02,0.000000E+00,0.000000E+00,3.497445E-02,5.342414E+02,1.167762E-01,1.333100E+03,2.123644E+03,1.874101E-01,5.442222E+03,5.895768E-02,0.000000E+00,0.000000E+00,5.895768E-02,9.005897E+02,1.920473E-01,2.193706E+03,3.502757E+03,1.184412E-01,3.366372E+03,3.497445E-02,0.000000E+00,0.000000E+00,3.497445E-02,5.342414E+02,1.214126E-01,1.384760E+03,2.181279E+03
04:30:00,7.777393E-02,3.962296E+03,7.777393E-02,0.000000E+00,0.000000E+00,7.777393E-02,1.189939E+03,2.534903E-01,2.893701E+03,4.421003E+03,1.884043E-01,5.461096E+03,5.895768E-02,0.000000E+00,0.000000E+00,5.895768E-02,9.020511E+02,1.937658E-01,2.211392E+03,3.522817E+03,1.175189E-01,3.348863E+03,3.497445E-02,0.000000E+00,0.000000E+00,3.497445E-02,5.351083E+02,1.163923E-01,1.327955E+03,2.117983E+03,1.874103E-01,5.442226E+03,5.895768E-02,0.000000E+00,0.000000E+00,5.895768E-02,9.020511E+02,1.914927E-01,2.186065E+03,3.494384E+03,1.184413E-01,3.366375E+03,3.497445E-02,0.000000E+00,0.000000E+00,3.497445E-02,5.351083E+02,1.209126E-01,1.378321E+03,2.174211E+03
04:40:00,7.777393E-02,3.962296E+03,7.777393E-02,0.000000E+00,0.000000E+00,7.777393E-02,1.191867E+03,2.532121E-01,2.888673E+03,4.415731E+03,1.884045E-01,5.461100E+03,5.895768E-02,0.000000E+00,0.000000E+00,5.895768E-02,9.035124E+02,1.932013E-01,2.203641E+03,3.514328E+03,1.175190E-01,3.348865E+03,3.497445E-02,0.000000E+00,0.000000E+00,3.497445E-02,5.359752E+02,1.160203E-01,1.322944E+03,2.112471E+03,1.874105E-01,5.442229E+03,5.895768E-02,0.000000E+00,0.000000E+00,5.895768E-02,9.035124E+02,1.909560E-01,2.178623E+03,3.486232E+03,1.184415E-01,3.366377E+03,3.497445E-02,0.000000E+00,0.000000E+00,3.497445E-02,5.359752E+02,1.204288E-01,1.372064E+03,2.167341E+03
04:50:00,7.777393E-02,3.962296E+03,7.777393E-02,0.000000E+00,0.000000E+00,7.777393E-02,1.193795E+03,2.529423E-01,2.883739E+03,4.410561E+03,1.884047E-01,5.461103E+03,5.895768E-02,0.000000E+00,0.000000E+00,5.895768E-02,9.049738E+02,1.927682E-01,2.197355E+03,3.507715E+03,1.175191E-01,3.348867E+03,3.497445E-02,0.000000E+00,0.000000E+00,3.497445E-02,5.368421E+02,1.157613E-01,1.319191E+03,2.108587E+03,1.874107E-01,5.442233E+03,5.895768E-02,0.000000E+00,0.000000E+00,5.895768E-02,9.049738E+02,1.905670E-01,2.172828E+03,3.480199E+03,1.184416E-01,3.366380E+03,3.497445E-02,0.000000E+00,0.000000E+00,3.497445E-02,5.368421E+02,1.200229E-01,1.366674E+03,2.161568E+03
05:00:00,7.777393E-02,3.962296E+03,7.777393E-02,0.000000E+00,0.000000E+00,7.777393E-02,1.195723E+03,2.526883E-01,2.878981E+03,4.405593E+03,1.884049E-01,5.461107E+03,5.895768E-02,0.000000E+00,0.000000E+00,5.895768E-02,9.064351E+02,1.925195E-01,2.193121E+03,3.503581E+03,1.175192E-01,3.348870E+03,3.497445E-02,0.000000E+00,0.000000E+00,3.497445E-02,5.377090E+02,1.160225E-01,1.321234E+03,2.112150E+03,1.874108E-01,5.442236E+03,5.895768E-02,0.000000E+00,0.000000E+00,5.895768E-02,9.064351E+02,1.906446E-01,2.172231E+03,3.480751E+03,1.184417E-01,3.366382E+03,3.497445E-02,0.000000E+00,0.000000E+00,3.497445E-02,5.377090E+02,1.197231E-01,1.362466E+03,2.157206E+03
05:10:00,7.777393E-02,3.962296E+03,7.777393E-02,0.000000E+00,0.000000E+00,7.777393E-02,1.193795E+03,2.524733E-01,2.878513E+03,4.405060E+03,1.884050E-01,5.461110E+03,5.895768E-02,0.000000E+00,0.000000E+00,5.895768E-02,9.049738E+02,1.925451E-01,2.194868E+03,3.506070E+03,1.175194E-01,3.348872E+03,3.497445E-02,0.000000E+00,0.000000E+00,3.497445E-02,5.368421E+02,1.176522E-01,1.340257E+03,2.136642E+03,1.874110E-01,5.442240E+03,5.895768E-02,0.000000E+00,0.000000E+00,5.895768E-02,9.049738E+02,1.917230E-01,2.185707E+03,3.498108E+03,1.184418E-01,3.366384E+03,3.497445E-02,0.000000E+00,0.000000E+00,3.497445E-02,5.368421E+02,1.195796E-01,1.361735E+03,2.156674E+03
05:20:00,7.777393E-02,3.962296E+03,7.777393E-02,0.000000E+00,0.000000E+00,7.777393E-02,1.191867E+03,2.523340E-01,2.878888E+03,4.405499E+03,1.884052E-01,5.461114E+03,5.895768E-02,0.000000E+00,0.000000E+00,5.895768E-02,9.035124E+02,1.929300E-01,2.200617E+03,3.513272E+03,1.175195E-01,3.348874E+03,3.497445E-02,0.000000E+00,0.000000E+00,3.497445E-02,5.359752E+02,1.208972E-01,1.377277E+03,2.182135E+03,1.874112E-01,5.442243E+03,5.895768E-02,0.000000E+00,0.000000E+00,5.895768E-02,9.035124E+02,1.938196E-01,2.210526E+03,3.528481E+03,1.184419E-01,3.366386E+03,3.497445E-02,0.000000E+00,0.000000E+00,3.497445E-02,5.359752E+02,1.196399E-01,1.363273E+03,2.158798E+03
05:30:00,7.777393E-02,3.962296E+03,7.777393E-02,0.000000E+00,0.000000E+00,7.777393E-02,1.189939E+03,2.523075E-01,2.880521E+03,4.407362E+03,1.884054E-01,5.461117E+03,5.895768E-02,0.000000E+00,0.000000E+00,5.895768E-02,9.020511E+02,1.934314E-01,2.207664E+03,3.521505E+03,1.175196E-01,3.348876E+03,3.497445E-02,0.000000E+00,0.000000E+00,3.497445E-02,5.351083E+02,1.257475E-01,1.432179E+03,2.247177E+03,1.874114E-01,5.442246E+03,5.895768E-02,0.000000E+00,0.000000E+00,5.895768E-02,9.020511E+02,1.967941E-01,2.245126E+03,3.569435E+03,1.184421E-01,3.366389E+03,3.497445E-02,0.000000E+00,0.000000E+00,3.497445E-02,5.351083E+02,1.199258E-01,1.367325E+03,2.163818E+03
05:40:00,7.777393E-02,3.962296E+03,7.777393E-02,0.000000E+00,0.000000E+00,7.777393E-02,1.188012E+03,2.524066E-01,2.883561E+03,4.410749E+03,1.884056E-01,5.461120E+03,5.895768E-02,0.000000E+00,0.000000E+00,5.895768E-02,9.005897E+02,1.942790E-01,2.218576E+03,3.534423E+03,1.175197E-01,3.348878E+03,3.497445E-02,0.000000E+00,0.000000E+00,3.497445E-02,5.342414E+02,1.321496E-01,1.504377E+03,2.329592E+03,1.874115E-01,5.442249E+03,5.895768E-02,0.000000E+00,0.000000E+00,5.895768E-02,9.005897E+02,2.003418E-01,2.286120E+03,3.616553E+03,1.184422E-01,3.366391E+03,3.497445E-02,0.000000E+00,0.000000E+00,3.497445E-02,5.342414E+02,1.204467E-01,1.374000E+03,2.171750E+03
05:50:00,7.777393E-02,3.962296E+03,7.777393E-02,0.000000E+00,0.000000E+00,7.777393E-02,1.186084E+03,2.526727E-01,2.888469E+03,4.416166E+03,1.884057E-01,5.461123E+03,5.895768E-02,0.000000E+00,0.000000E+00,5.895768E-02,8.991284E+02,1.954379E-01,2.232968E+03,3.551666E+03,1.175198E-01,3.348880E+03,3.497445E-02,0.000000E+00,0.000000E+00,3.497445E-02,5.333745E+02,1.400941E-01,1.593769E+03,2.433383E+03,1.874117E-01,5.442252E+03,5.895768E-02,0.000000E+00,0.000000E+00,5.895768E-02,8.991284E+02,2.044707E-01,2.333603E+03,3.672949E+03,1.184423E-01,3.366393E+03,3.497445E-02,0.000000E+00,0.000000E+00,3.497445E-02,5.333745E+02,1.210051E-01,1.381100E+03,2.180014E+03
06:00:00,7.777393E-02,3.962296E+03,7.777393E-02,0.000000E+00,0.000000E+00,7.777393E-02,1.184156E+03,2.531229E-01,2.895430E+03,4.423889E+03,1.884059E-01,5.461126E+03,5.895768E-02,0.000000E+00,0.000000E+00,5.895768E-02,8.976670E+02,1.969855E-01,2.251690E+03,3.573566E+03,1.175199E-01,3.348882E+03,3.497445E-02,0.000000E+00,0.000000E+00,3.497445E-02,5.325076E+02,1.499278E-01,1.704211E+03,2.555976E+03,1.874118E-01,5.442255E+03,5.895768E-02,0.000000E+00,0.000000E+00,5.895768E-02,8.976670E+02,2.087838E-01,2.383138E+03,3.729223E+03,1.184424E-01,3.366395E+03,3.497445E-02,0.000000E+00,0.000000E+00,3.497445E-02,5.325076E+02,1.217343E-01,1.390102E+03,2.190500E+03
06:10:00,7.777393E-02,3.962296E+03,7.777393E-02,0.000000E+00,0.000000E+00,7.777393E-02,1.177409E+03,2.537424E-01,2.909100E+03,4.438703E+03,1.884060E-01,5.461129E+03,5.895768E-02,0.000000E+00,0.000000E+00,5.895768E-02,8.925523E+02,1.985509E-01,2.274271E+03,3.599403E+03,1.175200E-01,3.348884E+03,3.497445E-02,0.000000E+00,0.000000E+00,3.497445E-02,5.294735E+02,1.605453E-01,1.825561E+03,2.691694E+03,1.874120E-01,5.442258E+03,5.895768E-02,0.000000E+00,0.000000E+00,5.895768E-02,8.925523E+02,2.126161E-01,2.430978E+03,3.783900E+03,1.184425E-01,3.366397E+03,3.497445E-02,0.000000E+00,0.000000E+00,3.497445E-02,5.294735E+02,1.225795E-01,1.402569E+03,2.204915E+03
06:20:00,7.777393E-02,3.962296E+03,7.777393E-02,0.000000E+00,0.000000E+00,7.777393E-02,1.170662E+03,2.545161E-01,2.924493E+03,4.455321E+03,1.884062E-01,5.461132E+03,5.895768E-02,0.000000E+00,0.000000E+00,5.895768E-02,8.874375E+02,2.002838E-01,2.298721E+03,3.627003E+03,1.175201E-01,3.348886E+03,3.497445E-02,0.000000E+00,0.000000E+00,3.497445E-02,5.264394E+02,1.716869E-01,1.952760E+03,2.828174E+03,1.874121E-01,5.442261E+03,5.895768E-02,0.000000E+00,0.000000E+00,5.895768E-02,8.874375E+02,2.156788E-01,2.470249E+03,3.827015E+03,1.184426E-01,3.366398E+03,3.497445E-02,0.000000E+00,0.000000E+00,3.497445E-02,5.264394E+02,1.235231E-01,1.416133E+03,2.220258E+03
06:30:00,7.777393E-02,3.962296E+03,7.777393E-02,0.000000E+00,0.000000E+00,7.777393E-02,1.163915E+03,2.554023E-01,2.941142E+03,4.473457E+03,1.884063E-01,5.461134E+03,5.895768E-02,0.000000E+00,0.000000E+00,5.895768E-02,8.823228E+02,2.024864E-01,2.328410E+03,3.661413E+03,1.175202E-01,3.348888E+03,3.497445E-02,0.000000E+00,0.000000E+00,3.497445E-02,5.234052E+02,1.833530E-01,2.085814E+03,2.972678E+03,1.874123E-01,5.442264E+03,5.895768E-02,0.000000E+00,0.000000E+00,5.895768E-02,8.823228E+02,2.179884E-01,2.501136E+03,3.860964E+03,1.184427E-01,3.366400E+03,3.497445E-02,0.000000E+00,0.000000E+00,3.497445E-02,5.234052E+02,1.245512E-01,1.430643E+03,2.236852E+03
06:40:00,7.777393E-02,3.962296E+03,7.777393E-02,0.000000E+00,0.000000E+00,7.777393E-02,1.157168E+03,2.563961E-01,2.958980E+03,4.493178E+03,1.884065E-01,5.461137E+03,5.895768E-02,0.000000E+00,0.000000E+00,5.895768E-02,8.772080E+02,2.049705E-01,2.361224E+03,3.700430E+03,1.175203E-01,3.348890E+03,3.497445E-02,0.000000E+00,0.000000E+00,3.497445E-02,5.203711E+02,1.955790E-01,2.225100E+03,3.129565E+03,1.874124E-01,5.442266E+03,5.895768E-02,0.000000E+00,0.000000E+00,5.895768E-02,8.772080E+02,2.197711E-01,2.526140E+03,3.889545E+03,1.184428E-01,3.366402E+03,3.497445E-02,0.000000E+00,0.000000E+00,3.497445E-02,5.203711E+02,1.256726E-01,1.446185E+03,2.255097E+03
06:50:00,7.777393E-02,3.962296E+03,7.777393E-02,0.000000E+00,0.000000E+00,7.777393E-02,1.150421E+03,2.574304E-01,2.977263E+03,4.513159E+03,1.884066E-01,5.461140E+03,5.895768E-02,0.000000E+00,0.000000E+00,5.895768E-02,8.720933E+02,2.073376E-01,2.392727E+03,3.736730E+03,1.175204E-01,3.348891E+03,3.497445E-02,0.000000E+00,0.000000E+00,3.497445E-02,5.173370E+02,2.082137E-01,2.368932E+03,3.284427E+03,1.874126E-01,5.442269E+03,5.895768E-02,0.000000E+00,0.000000E+00,5.895768E-02,8.720933E+02,2.208413E-01,2.543195E+03,3.907535E+03,1.184429E-01,3.366404E+03,3.497445E-02,0.000000E+00,0.000000E+00,3.497445E-02,5.173370E+02,1.270227E-01,1.464271E+03,2.276018E+03
07:00:00,7.777393E-02,3.962296E+03,7.777393E-02,0.000000E+00,0.000000E+00,7.777393E-02,1.143673E+03,2.584716E-01,2.995624E+03,4.532602E+03,1.884067E-01,5.461142E+03,5.895768E-02,0.000000E+00,0.000000E+00,5.895768E-02,8.669785E+02,2.097111E-01,2.424304E+03,3.770828E+03,1.175205E-01,3.348893E+03,3.497445E-02,0.000000E+00,0.000000E+00,3.497445E-02,5.143028E+02,2.204445E-01,2.508270E+03,3.419836E+03,1.874127E-01,5.442271E+03,5.895768E-02,0.000000E+00,0.000000E+00,5.895768E-02,8.669785E+02,2.213012E-01,2.553451E+03,3.915717E+03,1.184429E-01,3.366405E+03,3.497445E-02,0.000000E+00,0.000000E+00,3.497445E-02,5.143028E+02,1.284535E-01,1.483257E+03,2.296686E+03
07:10:00,7.777393E-02,3.962296E+03,7.777393E-02,0.000000E+00,0.000000E+00,7.777393E-02,1.127288E+03,2.594942E-01,3.023414E+03,4.562034E+03,1.818943E-01,5.337510E+03,5.895768E-02,0.000000E+00,0.000000E+00,5.895768E-02,8.545570E+02,2.121134E-01,2.463505E+03,3.804958E+03,1.131789E-01,3.266471E+03,3.497445E-02,0.000000E+00,0.000000E+00,3.497445E-02,5.069342E+02,2.322124E-01,2.646785E+03,3.548914E+03,1.809002E-01,5.318639E+03,5.895768E-02,0.000000E+00,0.000000E+00,5.895768E-02,8.545570E+02,2.213220E-01,2.566118E+03,3.916661E+03,1.141014E-01,3.283984E+03,3.497445E-02,0.000000E+00,0.000000E+00,3.497445E-02,5.069342E+02,1.297601E-01,1.505192E+03,2.314447E+03
07:20:00,7.777393E-02,3.962296E+03,7.777393E-02,0.000000E+00,0.000000E+00,7.777393E-02,1.110902E+03,2.604824E-01,3.050817E+03,4.591247E+03,1.753740E-01,5.213719E+03,5.895768E-02,0.000000E+00,0.000000E+00,5.895768E-02,8.421355E+02,2.146778E-01,2.504509E+03,3.840069E+03,1.088319E-01,3.183942E+03,3.497445E-02,0.000000E+00,0.000000E+00,3.497445E-02,4.995656E+02,2.435494E-01,2.780494E+03,3.674778E+03,1.743799E-01,5.194848E+03,5.895768E-02,0.000000E+00,0.000000E+00,5.895768E-02,8.421355E+02,2.216507E-01,2.582210E+03,3.920539E+03,1.097544E-01,3.201455E+03,3.497445E-02,0.000000E+00,0.000000E+00,3.497445E-02,4.995656E+02,1.311564E-01,1.528124E+03,2.332564E+03
07:30:00,7.777393E-02,3.962296E+03,7.777393E-02,0.000000E+00,0.000000E+00,7.777393E-02,1.094516E+03,2.614475E-01,3.077960E+03,4.619925E+03,1.688553E-01,5.089960E+03,5.895768E-02,0.000000E+00,0.000000E+00,5.895768E-02,8.297140E+02,2.173473E-01,2.546682E+03,3.874586E+03,1.044862E-01,3.101435E+03,3.497445E-02,0.000000E+00,0.000000E+00,3.497445E-02,4.921970E+02,2.543255E-01,2.907951E+03,3.789193E+03,1.678613E-01,5.071088E+03,5.895768E-02,0.000000E+00,0.000000E+00,5.895768E-02,8.297140E+02,2.224386E-01,2.603417E+03,3.929475E+03,1.054087E-01,3.118948E+03,3.497445E-02,0.000000E+00,0.000000E+00,3.497445E-02,4.921970E+02,1.326396E-01,1.552023E+03,2.350718E+03
07:40:00,7.777393E-02,3.962296E+03,7.777393E-02,0.000000E+00,0.000000E+00,7.777393E-02,1.078130E+03,2.624067E-01,3.105040E+03,4.647744E+03,1.623335E-01,4.966139E+03,5.895768E-02,0.000000E+00,0.000000E+00,5.895768E-02,8.172925E+02,2.200950E-01,2.589730E+03,3.899733E+03,1.001384E-01,3.018887E+03,3.497445E-02,0.000000E+00,0.000000E+00,3.497445E-02,4.848284E+02,2.644627E-01,3.028301E+03,3.879604E+03,1.613395E-01,4.947268E+03,5.895768E-02,0.000000E+00,0.000000E+00,5.895768E-02,8.172925E+02,2.237890E-01,2.630896E+03,3.937190E+03,1.010610E-01,3.036400E+03,3.497445E-02,0.000000E+00,0.000000E+00,3.497445E-02,4.848284E+02,1.340320E-01,1.574913E+03,2.361203E+03
07:50:00,7.777393E-02,3.962296E+03,7.777393E-02,0.000000E+00,0.000000E+00,7.777393E-02,1.061744E+03,2.634030E-01,3.132532E+03,4.675894E+03,1.558097E-01,4.842277E+03,5.895768E-02,0.000000E+00,0.000000E+00,5.895768E-02,8.048710E+02,2.233775E-01,2.638737E+03,3.933130E+03,9.578931E-02,2.936314E+03,3.497445E-02,0.000000E+00,0.000000E+00,3.497445E-02,4.774598E+02,2.741739E-01,3.143902E+03,3.972856E+03,1.548157E-01,4.823407E+03,5.895768E-02,0.000000E+00,0.000000E+00,5.895768E-02,8.048710E+02,2.258914E-01,2.666753E+03,3.956548E+03,9.671181E-02,2.953826E+03,3.497445E-02,0.000000E+00,0.000000E+00,3.497445E-02,4.774598E+02,1.355329E-01,1.599011E+03,2.374324E+03
08:00:00,7.777393E-02,3.962296E+03,7.777393E-02,0.000000E+00,0.000000E+00,7.777393E-02,1.045358E+03,2.644696E-01,3.160804E+03,4.705890E+03,1.492840E-01,4.718381E+03,5.895768E-02,0.000000E+00,0.000000E+00,5.895768E-02,7.924494E+02,2.267964E-01,2.689259E+03,3.982331E+03,9.143902E-02,2.853718E+03,3.497445E-02,0.000000E+00,0.000000E+00,3.497445E-02,4.700912E+02,2.831884E-01,3.251734E+03,4.079324E+03,1.482901E-01,4.699513E+03,5.895768E-02,0.000000E+00,0.000000E+00,5.895768E-02,7.924494E+02,2.286248E-01,2.709637E+03,3.997265E+03,9.236151E-02,2.871230E+03,3.497445E-02,0.000000E+00,0.000000E+00,3.497445E-02,4.700912E+02,1.371032E-01,1.623881E+03,2.397151E+03
08:10:00,7.777393E-02,3.962296E+03,7.777393E-02,0.000000E+00,0.000000E+00,7.777393E-02,1.027045E+03,2.656340E-01,3.192091E+03,4.738292E+03,1.492693E-01,4.718086E+03,5.895768E-02,0.000000E+00,0.000000E+00,5.895768E-02,7.785666E+02,2.306155E-01,2.745700E+03,4.031702E+03,9.142939E-02,2.853524E+03,3.497445E-02,0.000000E+00,0.000000E+00,3.497445E-02,4.618557E+02,2.916508E-01,3.354277E+03,4.174162E+03,1.482755E-01,4.699219E+03,5.895768E-02,0.000000E+00,0.000000E+00,5.895768E-02,7.785666E+02,2.319394E-01,2.760455E+03,4.041433E+03,9.235186E-02,2.871035E+03,3.497445E-02,0.000000E+00,0.000000E+00,3.497445E-02,4.618557E+02,1.389533E-01,1.652734E+03,2.420807E+03
08:20:00,7.777393E-02,3.962296E+03,7.777393E-02,0.000000E+00,0.000000E+00,7.777393E-02,1.008731E+03,2.668978E-01,3.224488E+03,4.772473E+03,1.492612E-01,4.717919E+03,5.895768E-02,0.000000E+00,0.000000E+00,5.895768E-02,7.646837E+02,2.344590E-01,2.802416E+03,4.087133E+03,9.142425E-02,2.853418E+03,3.497445E-02,0.000000E+00,0.000000E+00,3.497445E-02,4.536202E+02,2.993710E-01,3.448554E+03,4.267229E+03,1.482675E-01,4.699055E+03,5.895768E-02,0.000000E+00,0.000000E+00,5.895768E-02,7.646837E+02,2.353538E-01,2.812391E+03,4.092108E+03,9.234664E-02,2.870928E+03,3.497445E-02,0.000000E+00,0.000000E+00,3.497445E-02,4.536202E+02,1.408425E-01,1.682024E+03,2.448461E+03
08:30:00,7.777393E-02,3.962296E+03,7.777393E-02,0.000000E+00,0.000000E+00,7.777393E-02,9.904178E+02,2.682693E-01,3.258084E+03,4.808369E+03,1.492501E-01,4.717697E+03,5.895768E-02,0.000000E+00,0.000000E+00,5.895768E-02,7.508008E+02,2.383231E-01,2.859360E+03,4.146349E+03,9.141704E-02,2.853274E+03,3.497445E-02,0.000000E+00,0.000000E+00,3.497445E-02,4.453847E+02,3.063252E-01,3.534289E+03,4.354964E+03,1.482564E-01,4.698835E+03,5.895768E-02,0.000000E+00,0.000000E+00,5.895768E-02,7.508008E+02,2.388444E-01,2.865171E+03,4.146942E+03,9.233939E-02,2.870783E+03,3.497445E-02,0.000000E+00,0.000000E+00,3.497445E-02,4.453847E+02,1.427737E-01,1.711780E+03,2.478778E+03
08:40:00,7.777393E-02,3.962296E+03,7.777393E-02,0.000000E+00,0.000000E+00,7.777393E-02,9.721042E+02,2.697195E-01,3.292557E+03,4.844953E+03,1.492410E-01,4.717516E+03,5.895768E-02,0.000000E+00,0.000000E+00,5.895768E-02,7.369179E+02,2.421780E-01,2.916199E+03,4.203810E+03,9.141118E-02,2.853156E+03,3.497445E-02,0.000000E+00,0.000000E+00,3.497445E-02,4.371492E+02,3.124359E-01,3.610623E+03,4.431657E+03,1.482475E-01,4.698655E+03,5.895768E-02,0.000000E+00,0.000000E+00,5.895768E-02,7.369179E+02,2.423733E-01,2.918378E+03,4.200855E+03,9.233351E-02,2.870665E+03,3.497445E-02,0.000000E+00,0.000000E+00,3.497445E-02,4.371492E+02,1.449031E-01,1.743745E+03,2.510855E+03
08:50:00,7.777393E-02,3.962296E+03,7.777393E-02,0.000000E+00,0.000000E+00,7.777393E-02,9.537906E+02,2.712359E-01,3.327768E+03,4.881243E+03,1.492331E-01,4.717358E+03,5.895768E-02,0.000000E+00,0.000000E+00,5.895768E-02,7.230351E+02,2.459013E-01,2.971573E+03,4.253572E+03,9.140604E-02,2.853054E+03,3.497445E-02,0.000000E+00,0.000000E+00,3.497445E-02,4.289137E+02,3.173832E-01,3.673991E+03,4.491596E+03,1.482396E-01,4.698498E+03,5.895768E-02,0.000000E+00,0.000000E+00,5.895768E-02,7.230351E+02,2.457974E-01,2.970418E+03,4.248107E+03,9.232835E-02,2.870561E+03,3.497445E-02,0.000000E+00,0.000000E+00,3.497445E-02,4.289137E+02,1.470129E-01,1.775491E+03,2.539265E+03
09:00:00,7.777393E-02,3.962296E+03,7.777393E-02,0.000000E+00,0.000000E+00,7.777393E-02,9.354771E+02,2.727952E-01,3.363460E+03,4.917886E+03,1.492261E-01,4.717219E+03,5.895768E-02,0.000000E+00,0.000000E+00,5.895768E-02,7.091522E+02,2.496980E-01,3.027769E+03,4.304544E+03,9.140149E-02,2.852963E+03,3.497445E-02,0.000000E+00,0.000000E+00,3.497445E-02,4.206782E+02,3.210622E-01,3.723231E+03,4.538672E+03,1.482326E-01,4.698359E+03,5.895768E-02,0.000000E+00,0.000000E+00,5.895768E-02,7.091522E+02,2.492061E-01,3.022289E+03,4.295431E+03,9.232378E-02,2.870471E+03,3.497445E-02,0.000000E+00,0.000000E+00,3.497445E-02,4.206782E+02,1.491424E-01,1.807459E+03,2.568151E+03
09:10:00,7.777393E-02,3.962296E+03,7.777393E-02,0.000000E+00,0.000000E+00,7.777393E-02,9.190912E+02,2.743901E-01,3.397620E+03,4.954425E+03,1.492199E-01,4.717095E+03,5.895768E-02,0.000000E+00,0.000000E+00,5.895768E-02,6.967307E+02,2.535661E-01,3.083296E+03,4.362514E+03,9.139744E-02,2.852883E+03,3.497445E-02,0.000000E+00,0.000000E+00,3.497445E-02,4.133096E+02,3.232546E-01,3.755034E+03,4.571475E+03,1.482264E-01,4.698236E+03,5.895768E-02,0.000000E+00,0.000000E+00,5.895768E-02,6.967307E+02,2.525927E-01,3.072451E+03,4.347757E+03,9.231973E-02,2.870390E+03,3.497445E-02,0.000000E+00,0.000000E+00,3.497445E-02,4.133096E+02,1.512838E-01,1.838691E+03,2.600701E+03
09:20:00,7.777393E-02,3.962296E+03,7.777393E-02,0.000000E+00,0.000000E+00,7.777393E-02,9.027054E+02,2.760064E-01,3.432014E+03,4.990089E+03,1.492143E-01,4.716986E+03,5.895768E-02,0.000000E+00,0.000000E+00,5.895768E-02,6.843092E+02,2.575211E-01,3.139788E+03,4.417266E+03,9.139384E-02,2.852812E+03,3.497445E-02,0.000000E+00,0.000000E+00,3.497445E-02,4.059410E+02,3.238911E-01,3.769495E+03,4.585948E+03,1.482208E-01,4.698127E+03,5.895768E-02,0.000000E+00,0.000000E+00,5.895768E-02,6.843092E+02,2.559338E-01,3.122102E+03,4.395836E+03,9.231612E-02,2.870319E+03,3.497445E-02,0.000000E+00,0.000000E+00,3.497445E-02,4.059410E+02,1.534297E-01,1.869971E+03,2.630926E+03
09:30:00,7.777393E-02,3.962296E+03,7.777393E-02,0.000000E+00,0.000000E+00,7.777393E-02,8.863196E+02,2.776248E-01,3.466433E+03,5.025431E+03,1.492094E-01,4.716889E+03,5.895768E-02,0.000000E+00,0.000000E+00,5.895768E-02,6.718876E+02,2.615783E-01,3.197421E+03,4.472559E+03,9.139064E-02,2.852749E+03,3.497445E-02,0.000000E+00,0.000000E+00,3.497445E-02,3.985724E+02,3.229395E-01,3.766261E+03,4.582612E+03,1.482159E-01,4.698030E+03,5.895768E-02,0.000000E+00,0.000000E+00,5.895768E-02,6.718876E+02,2.592237E-01,3.171184E+03,4.442748E+03,9.231292E-02,2.870256E+03,3.497445E-02,0.000000E+00,0.000000E+00,3.497445E-02,3.985724E+02,1.555713E-01,1.901205E+03,2.660738E+03
09:40:00,7.777393E-02,3.962296E+03,7.777393E-02,0.000000E+00,0.000000E+00,7.777393E-02,8.699338E+02,2.792446E-01,3.500867E+03,5.060895E+03,1.492051E-01,4.716803E+03,5.895768E-02,0.000000E+00,0.000000E+00,5.895768E-02,6.594661E+02,2.658767E-01,3.257740E+03,4.531991E+03,9.138780E-02,2.852693E+03,3.497445E-02,0.000000E+00,0.000000E+00,3.497445E-02,3.912038E+02,3.203943E-01,3.745267E+03,4.561469E+03,1.482116E-01,4.697944E+03,5.895768E-02,0.000000E+00,0.000000E+00,5.895768E-02,6.594661E+02,2.624572E-01,3.219636E+03,4.490045E+03,9.231008E-02,2.870200E+03,3.497445E-02,0.000000E+00,0.000000E+00,3.497445E-02,3.912038E+02,1.577001E-01,1.932295E+03,2.691074E+03
09:50:00,7.777393E-02,3.962296E+03,7.777393E-02,0.000000E+00,0.000000E+00,7.777393E-02,8.535479E+02,2.808536E-01,3.535181E+03,5.096303E+03,1.492012E-01,4.716727E+03,5.895768E-02,0.000000E+00,0.000000E+00,5.895768E-02,6.470446E+02,2.706090E-01,3.322892E+03,4.597489E+03,9.138527E-02,2.852643E+03,3.497445E-02,0.000000E+00,0.000000E+00,3.497445E-02,3.838352E+02,3.162603E-01,3.706566E+03,4.522145E+03,1.482077E-01,4.697869E+03,5.895768E-02,0.000000E+00,0.000000E+00,5.895768E-02,6.470446E+02,2.656206E-01,3.267307E+03,4.537292E+03,9.230755E-02,2.870151E+03,3.497445E-02,0.000000E+00,0.000000E+00,3.497445E-02,3.838352E+02,1.598351E-01,1.963452E+03,2.722017E+03
10:00:00,7.777393E-02,3.962296E+03,7.777393E-02,0.000000E+00,0.000000E+00,7.777393E-02,8.371621E+02,2.824465E-01,3.569313E+03,5.131571E+03,1.491977E-01,4.716660E+03,5.895768E-02,0.000000E+00,0.000000E+00,5.895768E-02,6.346231E+02,2.757627E-01,3.392740E+03,4.668386E+03,9.138302E-02,2.852600E+03,3.497445E-02,0.000000E+00,0.000000E+00,3.497445E-02,3.764666E+02,3.108291E-01,3.653410E+03,4.467929E+03,1.482042E-01,4.697801E+03,5.895768E-02,0.000000E+00,0.000000E+00,5.895768E-02,6.346231E+02,2.687083E-01,3.314133E+03,4.584218E+03,9.230531E-02,2.870107E+03,3.497445E-02,0.000000E+00,0.000000E+00,3.497445E-02,3.764666E+02,1.619534E-01,1.994425E+03,2.753132E+03
10:10:00,7.777393E-02,3.962296E+03,7.777393E-02,0.000000E+00,0.000000E+00,7.777393E-02,8.227040E+02,2.840195E-01,3.601296E+03,5.165908E+03,1.491947E-01,4.716600E+03,5.895768E-02,0.000000E+00,0.000000E+00,5.895768E-02,6.236629E+02,2.813406E-01,3.465852E+03,4.747616E+03,9.138102E-02,2.852560E+03,3.497445E-02,0.000000E+00,0.000000E+00,3.497445E-02,3.699649E+02,3.043658E-01,3.587886E+03,4.398523E+03,1.482012E-01,4.697741E+03,5.895768E-02,0.000000E+00,0.000000E+00,5.895768E-02,6.236629E+02,2.717104E-01,3.358543E+03,4.631853E+03,9.230331E-02,2.870068E+03,3.497445E-02,0.000000E+00,0.000000E+00,3.497445E-02,3.699649E+02,1.640466E-01,2.024250E+03,2.785228E+03
10:20:00,7.777393E-02,3.962296E+03,7.777393E-02,0.000000E+00,0.000000E+00,7.777393E-02,8.082459E+02,2.855664E-01,3.632987E+03,5.198954E+03,1.491919E-01,4.716547E+03,5.895768E-02,0.000000E+00,0.000000E+00,5.895768E-02,6.127028E+02,2.873363E-01,3.543619E+03,4.828179E+03,9.137923E-02,2.852526E+03,3.497445E-02,0.000000E+00,0.000000E+00,3.497445E-02,3.634632E+02,2.970153E-01,3.512474E+03,4.321312E+03,1.481984E-01,4.697688E+03,5.895768E-02,0.000000E+00,0.000000E+00,5.895768E-02,6.127028E+02,2.746356E-01,3.402095E+03,4.676491E+03,9.230152E-02,2.870033E+03,3.497445E-02,0.000000E+00,0.000000E+00,3.497445E-02,3.634632E+02,1.659259E-01,2.051690E+03,2.813229E+03
10:30:00,7.777393E-02,3.962296E+03,7.777393E-02,0.000000E+00,0.000000E+00,7.777393E-02,7.937878E+02,2.870788E-01,3.664297E+03,5.231912E+03,1.491895E-01,4.716500E+03,5.895768E-02,0.000000E+00,0.000000E+00,5.895768E-02,6.017426E+02,2.937229E-01,3.625745E+03,4.914880E+03,9.137763E-02,2.852495E+03,3.497445E-02,0.000000E+00,0.000000E+00,3.497445E-02,3.569614E+02,2.889144E-01,3.428704E+03,4.234216E+03,1.481960E-01,4.697640E+03,5.895768E-02,0.000000E+00,0.000000E+00,5.895768E-02,6.017426E+02,2.774654E-01,3.444588E+03,4.720779E+03,9.229993E-02,2.870002E+03,3.497445E-02,0.000000E+00,0.000000E+00,3.497445E-02,3.569614E+02,1.677026E-01,2.077990E+03,2.840640E+03
10:40:00,7.777393E-02,3.962296E+03,7.777393E-02,0.000000E+00,0.000000E+00,7.777393E-02,7.793298E+02,2.885653E-01,3.695317E+03,5.265169E+03,1.491873E-01,4.716458E+03,5.895768E-02,0.000000E+00,0.000000E+00,5.895768E-02,5.907824E+02,3.003708E-01,3.710780E+03,5.007270E+03,9.137620E-02,2.852467E+03,3.497445E-02,0.000000E+00,0.000000E+00,3.497445E-02,3.504597E+02,2.802288E-01,3.338418E+03,4.138284E+03,1.481938E-01,4.697598E+03,5.895768E-02,0.000000E+00,0.000000E+00,5.895768E-02,5.907824E+02,2.802142E-01,3.486175E+03,4.765442E+03,9.229851E-02,2.869975E+03,3.497445E-02,0.000000E+00,0.000000E+00,3.497445E-02,3.504597E+02,1.694145E-01,2.103566E+03,2.868132E+03
10:50:00,7.777393E-02,3.962296E+03,7.777393E-02,0.000000E+00,0.000000E+00,7.777393E-02,7.648717E+02,2.900154E-01,3.725929E+03,5.296638E+03,1.491854E-01,4.716420E+03,5.895768E-02,0.000000E+00,0.000000E+00,5.895768E-02,5.798223E+02,3.070381E-01,3.796028E+03,5.094037E+03,9.137492E-02,2.852442E+03,3.497445E-02,0.000000E+00,0.000000E+00,3.497445E-02,3.439580E+02,2.711367E-01,3.243599E+03,4.041880E+03,1.481918E-01,4.697560E+03,5.895768E-02,0.000000E+00,0.000000E+00,5.895768E-02,5.798223E+02,2.828748E-01,3.526777E+03,4.806340E+03,9.229723E-02,2.869950E+03,3.497445E-02,0.000000E+00,0.000000E+00,3.497445E-02,3.439580E+02,1.710523E-01,2.128314E+03,2.893004E+03
11:00:00,7.777393E-02,3.962296E+03,7.777393E-02,0.000000E+00,0.000000E+00,7.777393E-02,7.504136E+02,2.914267E-01,3.756109E+03,5.327228E+03,1.491836E-01,4.716386E+03,5.895768E-02,0.000000E+00,0.000000E+00,5.895768E-02,5.688621E+02,3.136398E-01,3.880547E+03,5.178391E+03,9.137377E-02,2.852420E+03,3.497445E-02,0.000000E+00,0.000000E+00,3.497445E-02,3.374563E+02,2.620102E-01,3.148397E+03,3.945579E+03,1.481901E-01,4.697526E+03,5.895768E-02,0.000000E+00,0.000000E+00,5.895768E-02,5.688621E+02,2.854467E-01,3.566392E+03,4.845550E+03,9.229608E-02,2.869928E+03,3.497445E-02,0.000000E+00,0.000000E+00,3.497445E-02,3.374563E+02,1.726188E-01,2.152269E+03,2.916579E+03
11:10:00,7.777393E-02,3.962296E+03,7.777393E-02,0.000000E+00,0.000000E+00,7.777393E-02,7.407749E+02,2.927941E-01,3.780983E+03,5.352544E+03,1.491820E-01,4.716355E+03,5.895768E-02,0.000000E+00,0.000000E+00,5.895768E-02,5.615553E+02,3.200906E-01,3.959735E+03,5.258117E+03,9.137273E-02,2.852400E+03,3.497445E-02,0.000000E+00,0.000000E+00,3.497445E-02,3.331218E+02,2.538148E-01,3.061406E+03,3.856730E+03,1.481885E-01,4.697495E+03,5.895768E-02,0.000000E+00,0.000000E+00,5.895768E-02,5.615553E+02,2.879112E-01,3.601160E+03,4.880289E+03,9.229505E-02,2.869908E+03,3.497445E-02,0.000000E+00,0.000000E+00,3.497445E-02,3.331218E+02,1.741028E-01,2.173139E+03,2.937235E+03
11:20:00,7.777393E-02,3.962296E+03,7.777393E-02,0.000000E+00,0.000000E+00,7.777393E-02,7.311362E+02,2.941347E-01,3.805557E+03,5.378914E+03,1.491806E-01,4.716328E+03,5.895768E-02,0.000000E+00,0.000000E+00,5.895768E-02,5.542485E+02,3.263453E-01,4.036734E+03,5.341104E+03,9.137179E-02,2.852382E+03,3.497445E-02,0.000000E+00,0.000000E+00,3.497445E-02,3.287874E+02,2.467830E-01,2.987379E+03,3.776706E+03,1.481871E-01,4.697468E+03,5.895768E-02,0.000000E+00,0.000000E+00,5.895768E-02,5.542485E+02,2.902856E-01,3.634920E+03,4.916529E+03,9.229411E-02,2.869890E+03,3.497445E-02,0.000000E+00,0.000000E+00,3.497445E-02,3.287874E+02,1.756947E-01,2.195210E+03,2.960979E+03
11:30:00,7.777393E-02,3.962296E+03,7.777393E-02,0.000000E+00,0.000000E+00,7.777393E-02,7.214974E+02,2.954483E-01,3.829820E+03,5.404374E+03,1.491793E-01,4.716303E+03,5.895768E-02,0.000000E+00,0.000000E+00,5.895768E-02,5.469418E+02,3.323488E-01,4.110923E+03,5.418502E+03,9.137094E-02,2.852365E+03,3.497445E-02,0.000000E+00,0.000000E+00,3.497445E-02,3.244529E+02,2.410202E-01,2.927486E+03,3.713026E+03,1.481858E-01,4.697443E+03,5.895768E-02,0.000000E+00,0.000000E+00,5.895768E-02,5.469418E+02,2.925716E-01,3.667686E+03,4.950690E+03,9.229326E-02,2.869873E+03,3.497445E-02,0.000000E+00,0.000000E+00,3.497445E-02,3.244529E+02,1.772699E-01,2.217089E+03,2.983856E+03
11:40:00,7.777393E-02,3.962296E+03,7.777393E-02,0.000000E+00,0.000000E+00,7.777393E-02,7.118587E+02,2.967246E-01,3.853671E+03,5.428516E+03,1.491781E-01,4.716280E+03,5.895768E-02,0.000000E+00,0.000000E+00,5.895768E-02,5.396350E+02,3.380466E-01,4.181707E+03,5.488813E+03,9.137016E-02,2.852351E+03,3.497445E-02,0.000000E+00,0.000000E+00,3.497445E-02,3.201184E+02,2.365767E-01,2.882295E+03,3.666915E+03,1.481846E-01,4.697420E+03,5.895768E-02,0.000000E+00,0.000000E+00,5.895768E-02,5.396350E+02,2.947620E-01,3.699390E+03,4.982249E+03,9.229249E-02,2.869859E+03,3.497445E-02,0.000000E+00,0.000000E+00,3.497445E-02,3.201184E+02,1.787933E-01,2.238391E+03,3.005147E+03
11:50:00,7.777393E-02,3.962296E+03,7.777393E-02,0.000000E+00,0.000000E+00,7.777393E-02,7.022200E+02,2.979745E-01,3.877229E+03,5.452488E+03,1.491771E-01,4.716260E+03,5.895768E-02,0.000000E+00,0.000000E+00,5.895768E-02,5.323282E+02,3.433958E-01,4.248610E+03,5.555884E+03,9.136946E-02,2.852337E+03,3.497445E-02,0.000000E+00,0.000000E+00,3.497445E-02,3.157840E+02,2.334683E-01,2.851984E+03,3.636100E+03,1.481835E-01,4.697400E+03,5.895768E-02,0.000000E+00,0.000000E+00,5.895768E-02,5.323282E+02,2.968690E-01,3.730166E+03,5.013189E+03,9.229179E-02,2.869845E+03,3.497445E-02,0.000000E+00,0.000000E+00,3.497445E-02,3.157840E+02,1.802653E-01,2.259122E+03,3.026062E+03
12:00:00,7.777393E-02,3.962296E+03,7.777393E-02,0.000000E+00,0.000000E+00,7.777393E-02,6.925813E+02,2.991981E-01,3.900494E+03,5.476262E+03,1.491761E-01,4.716241E+03,5.895768E-02,0.000000E+00,0.000000E+00,5.895768E-02,5.250214E+02,3.483550E-01,4.311167E+03,5.619012E+03,9.136881E-02,2.852325E+03,3.497445E-02,0.000000E+00,0.000000E+00,3.497445E-02,3.114495E+02,2.315161E-01,2.834555E+03,3.618861E+03,1.481825E-01,4.697381E+03,5.895768E-02,0.000000E+00,0.000000E+00,5.895768E-02,5.250214E+02,2.988966E-01,3.760056E+03,5.043455E+03,9.229114E-02,2.869833E+03,3.497445E-02,0.000000E+00,0.000000E+00,3.497445E-02,3.114495E+02,1.816830E-01,2.279249E+03,3.046498E+03
12:10:00,7.777393E-02,3.962296E+03,7.777393E-02,0.000000E+00,0.000000E+00,7.777393E-02,6.848703E+02,3.003929E-01,3.921510E+03,5.497818E+03,1.491752E-01,4.716224E+03,5.895768E-02,0.000000E+00,0.000000E+00,5.895768E-02,5.191760E+02,3.529021E-01,4.367670E+03,5.676280E+03,9.136821E-02,2.852313E+03,3.497445E-02,0.000000E+00,0.000000E+00,3.497445E-02,3.079819E+02,2.298774E-01,2.819754E+03,3.604054E+03,1.481816E-01,4.697363E+03,5.895768E-02,0.000000E+00,0.000000E+00,5.895768E-02,5.191760E+02,3.008622E-01,3.787795E+03,5.071696E+03,9.229055E-02,2.869821E+03,3.497445E-02,0.000000E+00,0.000000E+00,3.497445E-02,3.079819E+02,1.830535E-01,2.297982E+03,3.065611E+03
12:20:00,7.777393E-02,3.962296E+03,7.777393E-02,0.000000E+00,0.000000E+00,7.777393E-02,6.771593E+02,3.015711E-01,3.942345E+03,5.519494E+03,1.491744E-01,4.716208E+03,5.895768E-02,0.000000E+00,0.000000E+00,5.895768E-02,5.133306E+02,3.570160E-01,4.419351E+03,5.729449E+03,9.136766E-02,2.852303E+03,3.497445E-02,0.000000E+00,0.000000E+00,3.497445E-02,3.045143E+02,2.284444E-01,2.807249E+03,3.591215E+03,1.481808E-01,4.697348E+03,5.895768E-02,0.000000E+00,0.000000E+00,5.895768E-02,5.133306E+02,3.027786E-01,3.814989E+03,5.099869E+03,9.229000E-02,2.869811E+03,3.497445E-02,0.000000E+00,0.000000E+00,3.497445E-02,3.045143E+02,1.843596E-01,2.316001E+03,3.084273E+03
12:30:00,7.777393E-02,3.962296E+03,7.777393E-02,0.000000E+00,0.000000E+00,7.777393E-02,6.694483E+02,3.026901E-01,3.962507E+03,5.540639E+03,1.491736E-01,4.716193E+03,5.895768E-02,0.000000E+00,0.000000E+00,5.895768E-02,5.074852E+02,3.606392E-01,4.465548E+03,5.777520E+03,9.136715E-02,2.852293E+03,3.497445E-02,0.000000E+00,0.000000E+00,3.497445E-02,3.010467E+02,2.271702E-01,2.796502E+03,3.579908E+03,1.481800E-01,4.697333E+03,5.895768E-02,0.000000E+00,0.000000E+00,5.895768E-02,5.074852E+02,3.046160E-01,3.841289E+03,5.127434E+03,9.228950E-02,2.869801E+03,3.497445E-02,0.000000E+00,0.000000E+00,3.497445E-02,3.010467E+02,1.855995E-01,2.333272E+03,3.102392E+03
12:40:00,7.777393E-02,3.962296E+03,7.777393E-02,0.000000E+00,0.000000E+00,7.777393E-02,6.617374E+02,3.037740E-01,3.982276E+03,5.560964E+03,1.491729E-01,4.716180E+03,5.895768E-02,0.000000E+00,0.000000E+00,5.895768E-02,5.016398E+02,3.637584E-01,4.506125E+03,5.818608E+03,9.136668E-02,2.852284E+03,3.497445E-02,0.000000E+00,0.000000E+00,3.497445E-02,2.975792E+02,2.260432E-01,2.787397E+03,3.570653E+03,1.481793E-01,4.697319E+03,5.895768E-02,0.000000E+00,0.000000E+00,5.895768E-02,5.016398E+02,3.063929E-01,3.866912E+03,5.153697E+03,9.228903E-02,2.869792E+03,3.497445E-02,0.000000E+00,0.000000E+00,3.497445E-02,2.975792E+02,1.867877E-01,2.349966E+03,3.119511E+03
12:50:00,7.777393E-02,3.962296E+03,7.777393E-02,0.000000E+00,0.000000E+00,7.777393E-02,6.540264E+02,3.048048E-01,4.001453E+03,5.580686E+03,1.491722E-01,4.716167E+03,5.895768E-02,0.000000E+00,0.000000E+00,5.895768E-02,4.957943E+02,3.663497E-01,4.540819E+03,5.853717E+03,9.136624E-02,2.852276E+03,3.497445E-02,0.000000E+00,0.000000E+00,3.497445E-02,2.941116E+02,2.250413E-01,2.779684E+03,3.562786E+03,1.481786E-01,4.697307E+03,5.895768E-02,0.000000E+00,0.000000E+00,5.895768E-02,4.957943E+02,3.080961E-01,3.891714E+03,5.179151E+03,9.228859E-02,2.869784E+03,3.497445E-02,0.000000E+00,0.000000E+00,3.497445E-02,2.941116E+02,1.879172E-01,2.366006E+03,3.135976E+03
13:00:00,7.777393E-02,3.962296E+03,7.777393E-02,0.000000E+00,0.000000E+00,7.777393E-02,6.463154E+02,3.057792E-01,4.020001E+03,5.599759E+03,1.491716E-01,4.716155E+03,5.895768E-02,0.000000E+00,0.000000E+00,5.895768E-02,4.899489E+02,3.683985E-01,4.569469E+03,5.882650E+03,9.136583E-02,2.852268E+03,3.497445E-02,0.000000E+00,0.000000E+00,3.497445E-02,2.906440E+02,2.241251E-01,2.772927E+03,3.555849E+03,1.481780E-01,4.697295E+03,5.895768E-02,0.000000E+00,0.000000E+00,5.895768E-02,4.899489E+02,3.097213E-01,3.915647E+03,5.203729E+03,9.228818E-02,2.869776E+03,3.497445E-02,0.000000E+00,0.000000E+00,3.497445E-02,2.906440E+02,1.889866E-01,2.381376E+03,3.151751E+03
13:10:00,7.777393E-02,3.962296E+03,7.777393E-02,0.000000E+00,0.000000E+00,7.777393E-02,6.414960E+02,3.066932E-01,4.034984E+03,5.615186E+03,1.491710E-01,4.716144E+03,5.895768E-02,0.000000E+00,0.000000E+00,5.895768E-02,4.862955E+02,3.698906E-01,4.589722E+03,5.902985E+03,9.136544E-02,2.852260E+03,3.497445E-02,0.000000E+00,0.000000E+00,3.497445E-02,2.884768E+02,2.232937E-01,2.765814E+03,3.548529E+03,1.481774E-01,4.697284E+03,5.895768E-02,0.000000E+00,0.000000E+00,5.895768E-02,4.862955E+02,3.112574E-01,3.936393E+03,5.225047E+03,9.228779E-02,2.869769E+03,3.497445E-02,0.000000E+00,0.000000E+00,3.497445E-02,2.884768E+02,1.904888E-01,2.400269E+03,3.171827E+03
13:20:00,7.777393E-02,3.962296E+03,7.777393E-02,0.000000E+00,0.000000E+00,7.777393E-02,6.366767E+02,3.075224E-01,4.049023E+03,5.629598E+03,1.491705E-01,4.716133E+03,5.895768E-02,0.000000E+00,0.000000E+00,5.895768E-02,4.826421E+02,3.708081E-01,4.603573E+03,5.916742E+03,9.136508E-02,2.852253E+03,3.497445E-02,0.000000E+00,0.000000E+00,3.497445E-02,2.863095E+02,2.225231E-01,2.759379E+03,3.541882E+03,1.481769E-01,4.697273E+03,5.895768E-02,0.000000E+00,0.000000E+00,5.895768E-02,4.826421E+02,3.126813E-01,3.955889E+03,5.245064E+03,9.228743E-02,2.869762E+03,3.497445E-02,0.000000E+00,0.000000E+00,3.497445E-02,2.863095E+02,1.930402E-01,2.430850E+03,3.204770E+03
13:30:00,7.777393E-02,3.962296E+03,7.777393E-02,0.000000E+00,0.000000E+00,7.777393E-02,6.318573E+02,3.083154E-01,4.062677E+03,5.643643E+03,1.491700E-01,4.716124E+03,5.895768E-02,0.000000E+00,0.000000E+00,5.895768E-02,4.789888E+02,3.711869E-01,4.611446E+03,5.924375E+03,9.136473E-02,2.852247E+03,3.497445E-02,0.000000E+00,0.000000E+00,3.497445E-02,2.841423E+02,2.218165E-01,2.753671E+03,3.535984E+03,1.481764E-01,4.697263E+03,5.895768E-02,0.000000E+00,0.000000E+00,5.895768E-02,4.789888E+02,3.140280E-01,3.974547E+03,5.264249E+03,9.228709E-02,2.869755E+03,3.497445E-02,0.000000E+00,0.000000E+00,3.497445E-02,2.841423E+02,1.968770E-01,2.475766E+03,3.252535E+03
13:40:00,7.777393E-02,3.962296E+03,7.777393E-02,0.000000E+00,0.000000E+00,7.777393E-02,6.270380E+02,3.090474E-01,4.075652E+03,5.656971E+03,1.491695E-01,4.716114E+03,5.895768E-02,0.000000E+00,0.000000E+00,5.895768E-02,4.753354E+02,3.710205E-01,4.613248E+03,5.925757E+03,9.136441E-02,2.852241E+03,3.497445E-02,0.000000E+00,0.000000E+00,3.497445E-02,2.819751E+02,2.211492E-01,2.748402E+03,3.530528E+03,1.481759E-01,4.697254E+03,5.895768E-02,0.000000E+00,0.000000E+00,5.895768E-02,4.753354E+02,3.152745E-01,3.992090E+03,5.282278E+03,9.228676E-02,2.869749E+03,3.497445E-02,0.000000E+00,0.000000E+00,3.497445E-02,2.819751E+02,2.021558E-01,2.536750E+03,3.316546E+03
13:50:00,7.777393E-02,3.962296E+03,7.777393E-02,0.000000E+00,0.000000E+00,7.777393E-02,6.222186E+02,3.097346E-01,4.088129E+03,5.669787E+03,1.491690E-01,4.716105E+03,5.895768E-02,0.000000E+00,0.000000E+00,5.895768E-02,4.716820E+02,3.703359E-01,4.609276E+03,5.921190E+03,9.136410E-02,2.852235E+03,3.497445E-02,0.000000E+00,0.000000E+00,3.497445E-02,2.798078E+02,2.207020E-01,2.745586E+03,3.527805E+03,1.481754E-01,4.697245E+03,5.895768E-02,0.000000E+00,0.000000E+00,5.895768E-02,4.716820E+02,3.164275E-01,4.008591E+03,5.299226E+03,9.228646E-02,2.869743E+03,3.497445E-02,0.000000E+00,0.000000E+00,3.497445E-02,2.798078E+02,2.090231E-01,2.615433E+03,3.398596E+03
14:00:00,7.777393E-02,3.962296E+03,7.777393E-02,0.000000E+00,0.000000E+00,7.777393E-02,6.173992E+02,3.103809E-01,4.100150E+03,5.682132E+03,1.491686E-01,4.716097E+03,5.895768E-02,0.000000E+00,0.000000E+00,5.895768E-02,4.680286E+02,3.691587E-01,4.599815E+03,5.910955E+03,9.136381E-02,2.852229E+03,3.497445E-02,0.000000E+00,0.000000E+00,3.497445E-02,2.776406E+02,2.203333E-01,2.743644E+03,3.525792E+03,1.481750E-01,4.697237E+03,5.895768E-02,0.000000E+00,0.000000E+00,5.895768E-02,4.680286E+02,3.174855E-01,4.024034E+03,5.315065E+03,9.228616E-02,2.869738E+03,3.497445E-02,0.000000E+00,0.000000E+00,3.497445E-02,2.776406E+02,2.175880E-01,2.713029E+03,3.500199E+03
14:10:00,7.777393E-02,3.962296E+03,7.777393E-02,0.000000E+00,0.000000E+00,7.777393E-02,6.173992E+02,3.109906E-01,4.106944E+03,5.689148E+03,1.491681E-01,4.716089E+03,5.895768E-02,0.000000E+00,0.000000E+00,5.895768E-02,4.680286E+02,3.675092E-01,4.581437E+03,5.891547E+03,9.136353E-02,2.852224E+03,3.497445E-02,0.000000E+00,0.000000E+00,3.497445E-02,2.776406E+02,2.199905E-01,2.739825E+03,3.521725E+03,1.481746E-01,4.697229E+03,5.895768E-02,0.000000E+00,0.000000E+00,5.895768E-02,4.680286E+02,3.184367E-01,4.034633E+03,5.325923E+03,9.228588E-02,2.869732E+03,3.497445E-02,0.000000E+00,0.000000E+00,3.497445E-02,2.776406E+02,2.274248E-01,2.822630E+03,3.613949E+03
14:20:00,7.777393E-02,3.962296E+03,7.777393E-02,0.000000E+00,0.000000E+00,7.777393E-02,6.173992E+02,3.115627E-01,4.113320E+03,5.695731E+03,1.491677E-01,4.716081E+03,5.895768E-02,0.000000E+00,0.000000E+00,5.895768E-02,4.680286E+02,3.654162E-01,4.558118E+03,5.867041E+03,9.136326E-02,2.852219E+03,3.497445E-02,0.000000E+00,0.000000E+00,3.497445E-02,2.776406E+02,2.196582E-01,2.736121E+03,3.517803E+03,1.481742E-01,4.697221E+03,5.895768E-02,0.000000E+00,0.000000E+00,5.895768E-02,4.680286E+02,3.192767E-01,4.043993E+03,5.335503E+03,9.228562E-02,2.869727E+03,3.497445E-02,0.000000E+00,0.000000E+00,3.497445E-02,2.776406E+02,2.379766E-01,2.940198E+03,3.735306E+03
14:30:00,7.777393E-02,3.962296E+03,7.777393E-02,0.000000E+00,0.000000E+00,7.777393E-02,6.173992E+02,3.120766E-01,4.119056E+03,5.701618E+03,1.491673E-01,4.716074E+03,5.895768E-02,0.000000E+00,0.000000E+00,5.895768E-02,4.680286E+02,3.629980E-01,4.531186E+03,5.839131E+03,9.136300E-02,2.852214E+03,3.497445E-02,0.000000E+00,0.000000E+00,3.497445E-02,2.776406E+02,2.193123E-01,2.732274E+03,3.513879E+03,1.481738E-01,4.697214E+03,5.895768E-02,0.000000E+00,0.000000E+00,5.895768E-02,4.680286E+02,3.199831E-01,4.051876E+03,5.343548E+03,9.228536E-02,2.869723E+03,3.497445E-02,0.000000E+00,0.000000E+00,3.497445E-02,2.776406E+02,2.490236E-01,3.063294E+03,3.861144E+03
14:40:00,7.777393E-02,3.962296E+03,7.777393E-02,0.000000E+00,0.000000E+00,7.777393E-02,6.173992E+02,3.125485E-01,4.124334E+03,5.707273E+03,1.491670E-01,4.716067E+03,5.895768E-02,0.000000E+00,0.000000E+00,5.895768E-02,4.680286E+02,3.605451E-01,4.503881E+03,5.810466E+03,9.136276E-02,2.852209E+03,3.497445E-02,0.000000E+00,0.000000E+00,3.497445E-02,2.776406E+02,2.189497E-01,2.728248E+03,3.509798E+03,1.481734E-01,4.697207E+03,5.895768E-02,0.000000E+00,0.000000E+00,5.895768E-02,4.680286E+02,3.205680E-01,4.058416E+03,5.350480E+03,9.228512E-02,2.869718E+03,3.497445E-02,0.000000E+00,0.000000E+00,3.497445E-02,2.776406E+02,2.604044E-01,3.190123E+03,3.993117E+03
14:50:00,7.777393E-02,3.962296E+03,7.777393E-02,0.000000E+00,0.000000E+00,7.777393E-02,6.173992E+02,3.129768E-01,4.129128E+03,5.712106E+03,1.491666E-01,4.716060E+03,5.895768E-02,0.000000E+00,0.000000E+00,5.895768E-02,4.680286E+02,3.581365E-01,4.477068E+03,5.783009E+03,9.136252E-02,2.852205E+03,3.497445E-02,0.000000E+00,0.000000E+00,3.497445E-02,2.776406E+02,2.183689E-01,2.721792E+03,3.503191E+03,1.481731E-01,4.697200E+03,5.895768E-02,0.000000E+00,0.000000E+00,5.895768E-02,4.680286E+02,3.210271E-01,4.063556E+03,5.355578E+03,9.228488E-02,2.869713E+03,3.497445E-02,0.000000E+00,0.000000E+00,3.497445E-02,2.776406E+02,2.719548E-01,3.318845E+03,4.122399E+03
15:00:00,7.777393E-02,3.962296E+03,7.777393E-02,0.000000E+00,0.000000E+00,7.777393E-02,6.173992E+02,3.133550E-01,4.133363E+03,5.716377E+03,1.491663E-01,4.716054E+03,5.895768E-02,0.000000E+00,0.000000E+00,5.895768E-02,4.680286E+02,3.558207E-01,4.451289E+03,5.756272E+03,9.136229E-02,2.852200E+03,3.497445E-02,0.000000E+00,0.000000E+00,3.497445E-02,2.776406E+02,2.176862E-01,2.714200E+03,3.495336E+03,1.481727E-01,4.697194E+03,5.895768E-02,0.000000E+00,0.000000E+00,5.895768E-02,4.680286E+02,3.213516E-01,4.067195E+03,5.359148E+03,9.228465E-02,2.869709E+03,3.497445E-02,0.000000E+00,0.000000E+00,3.497445E-02,2.776406E+02,2.835133E-01,3.447663E+03,4.252686E+03
15:10:00,7.777393E-02,3.962296E+03,7.777393E-02,0.000000E+00,0.000000E+00,7.777393E-02,6.231825E+02,3.136798E-01,4.131221E+03,5.714143E+03,1.491659E-01,4.716047E+03,5.895768E-02,0.000000E+00,0.000000E+00,5.895768E-02,4.724127E+02,3.536362E-01,4.422587E+03,5.726482E+03,9.136207E-02,2.852196E+03,3.497445E-02,0.000000E+00,0.000000E+00,3.497445E-02,2.802413E+02,2.169215E-01,2.703093E+03,3.483855E+03,1.481724E-01,4.697188E+03,5.895768E-02,0.000000E+00,0.000000E+00,5.895768E-02,4.724127E+02,3.215313E-01,4.064837E+03,5.356589E+03,9.228443E-02,2.869705E+03,3.497445E-02,0.000000E+00,0.000000E+00,3.497445E-02,2.802413E+02,2.948933E-01,3.571893E+03,4.378847E+03
15:20:00,7.777393E-02,3.962296E+03,7.777393E-02,0.000000E+00,0.000000E+00,7.777393E-02,6.289657E+02,3.139481E-01,4.128449E+03,5.711257E+03,1.491656E-01,4.716041E+03,5.895768E-02,0.000000E+00,0.000000E+00,5.895768E-02,4.767967E+02,3.516603E-01,4.396210E+03,5.699258E+03,9.136186E-02,2.852192E+03,3.497445E-02,0.000000E+00,0.000000E+00,3.497445E-02,2.828420E+02,2.160951E-01,2.691300E+03,3.471682E+03,1.481721E-01,4.697182E+03,5.895768E-02,0.000000E+00,0.000000E+00,5.895768E-02,4.767967E+02,3.215581E-01,4.060776E+03,5.352300E+03,9.228422E-02,2.869701E+03,3.497445E-02,0.000000E+00,0.000000E+00,3.497445E-02,2.828420E+02,3.055894E-01,3.688507E+03,4.497417E+03
15:30:00,7.777393E-02,3.962296E+03,7.777393E-02,0.000000E+00,0.000000E+00,7.777393E-02,6.347489E+02,3.141646E-01,4.125095E+03,5.707882E+03,1.491653E-01,4.716036E+03,5.895768E-02,0.000000E+00,0.000000E+00,5.895768E-02,4.811808E+02,3.498726E-01,4.371927E+03,5.673941E+03,9.136166E-02,2.852188E+03,3.497445E-02,0.000000E+00,0.000000E+00,3.497445E-02,2.854426E+02,2.151923E-01,2.678652E+03,3.458441E+03,1.481718E-01,4.697176E+03,5.895768E-02,0.000000E+00,0.000000E+00,5.895768E-02,4.811808E+02,3.214297E-01,4.054981E+03,5.346273E+03,9.228402E-02,2.869697E+03,3.497445E-02,0.000000E+00,0.000000E+00,3.497445E-02,2.854426E+02,3.154027E-01,3.795279E+03,4.607981E+03
15:40:00,7.777393E-02,3.962296E+03,7.777393E-02,0.000000E+00,0.000000E+00,7.777393E-02,6.405322E+02,3.143164E-01,4.121013E+03,5.703700E+03,1.491650E-01,4.716030E+03,5.895768E-02,0.000000E+00,0.000000E+00,5.895768E-02,4.855649E+02,3.480538E-01,4.347287E+03,5.648480E+03,9.136146E-02,2.852185E+03,3.497445E-02,0.000000E+00,0.000000E+00,3.497445E-02,2.880433E+02,2.142015E-01,2.665018E+03,3.444323E+03,1.481715E-01,4.697170E+03,5.895768E-02,0.000000E+00,0.000000E+00,5.895768E-02,4.855649E+02,3.211279E-01,4.047245E+03,5.338256E+03,9.228382E-02,2.869693E+03,3.497445E-02,0.000000E+00,0.000000E+00,3.497445E-02,2.880433E+02,3.241873E-01,3.890581E+03,4.705880E+03
15:50:00,7.777393E-02,3.962296E+03,7.777393E-02,0.000000E+00,0.000000E+00,7.777393E-02,6.463154E+02,3.143936E-01,4.116100E+03,5.698552E+03,1.491647E-01,4.716024E+03,5.895768E-02,0.000000E+00,0.000000E+00,5.895768E-02,4.899489E+02,3.462146E-01,4.322420E+03,5.623119E+03,9.136127E-02,2.852181E+03,3.497445E-02,0.000000E+00,0.000000E+00,3.497445E-02,2.906440E+02,2.131165E-01,2.650334E+03,3.429286E+03,1.481712E-01,4.697165E+03,5.895768E-02,0.000000E+00,0.000000E+00,5.895768E-02,4.899489E+02,3.206380E-01,4.037413E+03,5.328053E+03,9.228363E-02,2.869690E+03,3.497445E-02,0.000000E+00,0.000000E+00,3.497445E-02,2.906440E+02,3.318217E-01,3.973066E+03,4.789523E+03
16:00:00,7.777393E-02,3.962296E+03,7.777393E-02,0.000000E+00,0.000000E+00,7.777393E-02,6.520986E+02,3.143928E-01,4.110317E+03,5.692496E+03,1.491645E-01,4.716019E+03,5.895768E-02,0.000000E+00,0.000000E+00,5.895768E-02,4.943330E+02,3.443224E-01,4.296962E+03,5.596945E+03,9.136108E-02,2.852177E+03,3.497445E-02,0.000000E+00,0.000000E+00,3.497445E-02,2.932447E+02,2.119337E-01,2.634561E+03,3.413055E+03,1.481709E-01,4.697160E+03,5.895768E-02,0.000000E+00,0.000000E+00,5.895768E-02,4.943330E+02,3.199502E-01,4.025376E+03,5.315528E+03,9.228344E-02,2.869686E+03,3.497445E-02,0.000000E+00,0.000000E+00,3.497445E-02,2.932447E+02,3.382123E-01,4.041690E+03,4.859577E+03
16:10:00,7.777393E-02,3.962296E+03,7.777393E-02,0.000000E+00,0.000000E+00,7.777393E-02,6.598096E+02,3.143084E-01,4.101674E+03,5.683498E+03,1.491642E-01,4.716014E+03,5.895768E-02,0.000000E+00,0.000000E+00,5.895768E-02,5.001784E+02,3.423943E-01,4.269643E+03,5.568821E+03,9.136090E-02,2.852174E+03,3.497445E-02,0.000000E+00,0.000000E+00,3.497445E-02,2.967123E+02,2.106617E-01,2.616926E+03,3.394880E+03,1.481707E-01,4.697155E+03,5.895768E-02,0.000000E+00,0.000000E+00,5.895768E-02,5.001784E+02,3.190742E-01,4.009780E+03,5.299327E+03,9.228326E-02,2.869683E+03,3.497445E-02,0.000000E+00,0.000000E+00,3.497445E-02,2.967123E+02,3.433311E-01,4.095277E+03,4.914422E+03
16:20:00,7.777393E-02,3.962296E+03,7.777393E-02,0.000000E+00,0.000000E+00,7.777393E-02,6.675206E+02,3.141360E-01,4.092052E+03,5.673467E+03,1.491639E-01,4.716009E+03,5.895768E-02,0.000000E+00,0.000000E+00,5.895768E-02,5.060238E+02,3.403734E-01,4.241290E+03,5.539594E+03,9.136073E-02,2.852171E+03,3.497445E-02,0.000000E+00,0.000000E+00,3.497445E-02,3.001798E+02,2.092721E-01,2.597981E+03,3.375305E+03,1.481704E-01,4.697150E+03,5.895768E-02,0.000000E+00,0.000000E+00,5.895768E-02,5.060238E+02,3.180065E-01,3.992048E+03,5.280909E+03,9.228309E-02,2.869679E+03,3.497445E-02,0.000000E+00,0.000000E+00,3.497445E-02,3.001798E+02,3.474986E-01,4.138262E+03,4.958639E+03
16:30:00,7.777393E-02,3.962296E+03,7.777393E-02,0.000000E+00,0.000000E+00,7.777393E-02,6.752316E+02,3.138805E-01,4.081497E+03,5.662463E+03,1.491637E-01,4.716004E+03,5.895768E-02,0.000000E+00,0.000000E+00,5.895768E-02,5.118693E+02,3.380704E-01,4.209785E+03,5.506976E+03,9.136056E-02,2.852168E+03,3.497445E-02,0.000000E+00,0.000000E+00,3.497445E-02,3.036474E+02,2.076936E-01,2.576926E+03,3.353476E+03,1.481702E-01,4.697145E+03,5.895768E-02,0.000000E+00,0.000000E+00,5.895768E-02,5.118693E+02,3.165970E-01,3.970500E+03,5.258421E+03,9.228292E-02,2.869676E+03,3.497445E-02,0.000000E+00,0.000000E+00,3.497445E-02,3.036474E+02,3.505092E-01,4.168350E+03,4.989752E+03
16:40:00,7.777393E-02,3.962296E+03,7.777393E-02,0.000000E+00,0.000000E+00,7.777393E-02,6.829425E+02,3.135251E-01,4.069825E+03,5.650275E+03,1.491634E-01,4.716000E+03,5.895768E-02,0.000000E+00,0.000000E+00,5.895768E-02,5.177147E+02,3.355766E-01,4.176151E+03,5.472273E+03,9.136039E-02,2.852164E+03,3.497445E-02,0.000000E+00,0.000000E+00,3.497445E-02,3.071150E+02,2.061726E-01,2.556510E+03,3.332487E+03,1.481699E-01,4.697140E+03,5.895768E-02,0.000000E+00,0.000000E+00,5.895768E-02,5.177147E+02,3.149498E-01,3.946300E+03,5.233317E+03,9.228276E-02,2.869673E+03,3.497445E-02,0.000000E+00,0.000000E+00,3.497445E-02,3.071150E+02,3.525411E-01,4.187526E+03,5.010018E+03
16:50:00,7.777393E-02,3.962296E+03,7.777393E-02,0.000000E+00,0.000000E+00,7.777393E-02,6.906535E+02,3.130653E-01,4.056995E+03,5.636745E+03,1.491632E-01,4.715995E+03,5.895768E-02,0.000000E+00,0.000000E+00,5.895768E-02,5.235601E+02,3.328582E-01,4.140019E+03,5.434015E+03,9.136024E-02,2.852161E+03,3.497445E-02,0.000000E+00,0.000000E+00,3.497445E-02,3.105826E+02,2.045868E-01,2.535374E+03,3.310071E+03,1.481697E-01,4.697136E+03,5.895768E-02,0.000000E+00,0.000000E+00,5.895768E-02,5.235601E+02,3.130869E-01,3.919701E+03,5.205083E+03,9.228260E-02,2.869670E+03,3.497445E-02,0.000000E+00,0.000000E+00,3.497445E-02,3.105826E+02,3.536049E-01,4.195919E+03,5.019328E+03
17:00:00,7.777393E-02,3.962296E+03,7.777393E-02,0.000000E+00,0.000000E+00,7.777393E-02,6.983645E+02,3.125120E-01,4.043124E+03,5.622240E+03,1.491629E-01,4.715991E+03,5.895768E-02,0.000000E+00,0.000000E+00,5.895768E-02,5.294055E+02,3.299403E-01,4.101665E+03,5.394252E+03,9.136008E-02,2.852158E+03,3.497445E-02,0.000000E+00,0.000000E+00,3.497445E-02,3.140502E+02,2.029096E-01,2.513221E+03,3.287032E+03,1.481694E-01,4.697131E+03,5.895768E-02,0.000000E+00,0.000000E+00,5.895768E-02,5.294055E+02,3.110968E-01,3.891686E+03,5.175953E+03,9.228244E-02,2.869667E+03,3.497445E-02,0.000000E+00,0.000000E+00,3.497445E-02,3.140502E+02,3.536121E-01,4.192539E+03,5.016408E+03
17:10:00,7.777393E-02,3.962296E+03,7.777393E-02,0.000000E+00,0.000000E+00,7.777393E-02,7.080032E+02,3.118801E-01,4.026450E+03,5.604906E+03,1.491627E-01,4.715986E+03,5.895768E-02,0.000000E+00,0.000000E+00,5.895768E-02,5.367123E+02,3.268099E-01,4.059482E+03,5.350788E+03,9.135993E-02,2.852156E+03,3.497445E-02,0.000000E+00,0.000000E+00,3.497445E-02,3.183846E+02,2.011371E-01,2.489140E+03,3.262237E+03,1.481692E-01,4.697127E+03,5.895768E-02,0.000000E+00,0.000000E+00,5.895768E-02,5.367123E+02,3.093207E-01,3.864593E+03,5.148117E+03,9.228229E-02,2.869664E+03,3.497445E-02,0.000000E+00,0.000000E+00,3.497445E-02,3.183846E+02,3.524876E-01,4.175683E+03,4.999704E+03
17:20:00,7.777393E-02,3.962296E+03,7.777393E-02,0.000000E+00,0.000000E+00,7.777393E-02,7.176419E+02,3.111959E-01,4.009191E+03,5.586951E+03,1.491625E-01,4.715982E+03,5.895768E-02,0.000000E+00,0.000000E+00,5.895768E-02,5.440191E+02,3.238227E-01,4.018894E+03,5.308928E+03,9.135978E-02,2.852153E+03,3.497445E-02,0.000000E+00,0.000000E+00,3.497445E-02,3.227191E+02,1.992677E-01,2.463978E+03,3.236286E+03,1.481690E-01,4.697123E+03,5.895768E-02,0.000000E+00,0.000000E+00,5.895768E-02,5.440191E+02,3.079856E-01,3.842415E+03,5.125142E+03,9.228215E-02,2.869662E+03,3.497445E-02,0.000000E+00,0.000000E+00,3.497445E-02,3.227191E+02,3.502295E-01,4.146192E+03,4.970141E+03
17:30:00,7.777393E-02,3.962296E+03,7.777393E-02,0.000000E+00,0.000000E+00,7.777393E-02,7.272807E+02,3.104874E-01,3.991663E+03,5.568706E+03,1.491623E-01,4.715978E+03,5.895768E-02,0.000000E+00,0.000000E+00,5.895768E-02,5.513258E+02,3.208747E-01,3.978743E+03,5.267191E+03,9.135964E-02,2.852150E+03,3.497445E-02,0.000000E+00,0.000000E+00,3.497445E-02,3.270536E+02,1.973928E-01,2.438754E+03,3.210354E+03,1.481688E-01,4.697119E+03,5.895768E-02,0.000000E+00,0.000000E+00,5.895768E-02,5.513258E+02,3.073236E-01,3.827737E+03,5.109892E+03,9.228200E-02,2.869659E+03,3.497445E-02,0.000000E+00,0.000000E+00,3.497445E-02,3.270536E+02,3.470941E-01,4.106927E+03,4.930711E+03
17:40:00,7.777393E-02,3.962296E+03,7.777393E-02,0.000000E+00,0.000000E+00,7.777393E-02,7.369194E+02,3.097753E-01,3.974094E+03,5.550417E+03,1.491621E-01,4.715974E+03,5.895768E-02,0.000000E+00,0.000000E+00,5.895768E-02,5.586326E+02,3.177850E-01,3.937012E+03,5.223755E+03,9.135950E-02,2.852147E+03,3.497445E-02,0.000000E+00,0.000000E+00,3.497445E-02,3.313881E+02,1.952635E-01,2.410696E+03,3.181265E+03,1.481686E-01,4.697115E+03,5.895768E-02,0.000000E+00,0.000000E+00,5.895768E-02,5.586326E+02,3.072311E-01,3.819404E+03,5.101236E+03,9.228187E-02,2.869656E+03,3.497445E-02,0.000000E+00,0.000000E+00,3.497445E-02,3.313881E+02,3.428840E-01,4.055686E+03,4.878940E+03
17:50:00,7.777393E-02,3.962296E+03,7.777393E-02,0.000000E+00,0.000000E+00,7.777393E-02,7.465581E+02,3.090704E-01,3.956601E+03,5.532220E+03,1.491619E-01,4.715970E+03,5.895768E-02,0.000000E+00,0.000000E+00,5.895768E-02,5.659394E+02,3.145233E-01,3.893361E+03,5.178418E+03,9.135937E-02,2.852145E+03,3.497445E-02,0.000000E+00,0.000000E+00,3.497445E-02,3.357225E+02,1.930037E-01,2.381181E+03,3.150588E+03,1.481684E-01,4.697111E+03,5.895768E-02,0.000000E+00,0.000000E+00,5.895768E-02,5.659394E+02,3.076400E-01,3.816655E+03,5.098600E+03,9.228173E-02,2.869654E+03,3.497445E-02,0.000000E+00,0.000000E+00,3.497445E-02,3.357225E+02,3.375612E-01,3.992040E+03,4.814353E+03
18:00:00,7.777393E-02,3.962296E+03,7.777393E-02,0.000000E+00,0.000000E+00,7.777393E-02,7.561968E+02,3.083583E-01,3.939028E+03,5.513955E+03,1.491617E-01,4.715966E+03,5.895768E-02,0.000000E+00,0.000000E+00,5.895768E-02,5.732462E+02,3.113944E-01,3.851188E+03,5.134867E+03,9.135924E-02,2.852142E+03,3.497445E-02,0.000000E+00,0.000000E+00,3.497445E-02,3.400570E+02,1.906697E-01,2.350838E+03,3.119019E+03,1.481682E-01,4.697107E+03,5.895768E-02,0.000000E+00,0.000000E+00,5.895768E-02,5.732462E+02,3.082236E-01,3.815851E+03,5.098225E+03,9.228160E-02,2.869651E+03,3.497445E-02,0.000000E+00,0.000000E+00,3.497445E-02,3.400570E+02,3.311971E-01,3.916789E+03,4.737823E+03
18:10:00,7.777393E-02,3.962296E+03,7.777393E-02,0.000000E+00,0.000000E+00,7.777393E-02,7.706549E+02,3.076142E-01,3.916278E+03,5.490416E+03,1.556746E-01,4.839598E+03,5.895768E-02,0.000000E+00,0.000000E+00,5.895768E-02,5.842063E+02,3.080954E-01,3.803466E+03,5.085339E+03,9.570119E-02,2.934563E+03,3.497445E-02,0.000000E+00,0.000000E+00,3.497445E-02,3.465587E+02,1.882081E-01,2.316906E+03,3.083681E+03,1.546811E-01,4.820739E+03,5.895768E-02,0.000000E+00,0.000000E+00,5.895768E-02,5.842063E+02,3.084810E-01,3.807759E+03,5.090490E+03,9.662355E-02,2.952072E+03,3.497445E-02,0.000000E+00,0.000000E+00,3.497445E-02,3.465587E+02,3.233241E-01,3.822556E+03,4.641828E+03
18:20:00,7.777393E-02,3.962296E+03,7.777393E-02,0.000000E+00,0.000000E+00,7.777393E-02,7.851130E+02,3.067942E-01,3.892682E+03,5.465980E+03,1.621903E-01,4.963284E+03,5.895768E-02,0.000000E+00,0.000000E+00,5.895768E-02,5.951665E+02,3.043247E-01,3.750487E+03,5.030069E+03,1.000450E-01,3.017022E+03,3.497445E-02,0.000000E+00,0.000000E+00,3.497445E-02,3.530604E+02,1.858478E-01,2.284103E+03,3.049636E+03,1.611968E-01,4.944425E+03,5.895768E-02,0.000000E+00,0.000000E+00,5.895768E-02,5.951665E+02,3.080097E-01,3.791547E+03,5.074265E+03,1.009674E-01,3.034531E+03,3.497445E-02,0.000000E+00,0.000000E+00,3.497445E-02,3.530604E+02,3.145375E-01,3.718143E+03,4.535848E+03
18:30:00,7.777393E-02,3.962296E+03,7.777393E-02,0.000000E+00,0.000000E+00,7.777393E-02,7.995711E+02,3.058527E-01,3.867733E+03,5.440091E+03,1.687080E-01,5.087012E+03,5.895768E-02,0.000000E+00,0.000000E+00,5.895768E-02,6.061267E+02,3.003111E-01,3.694802E+03,4.971968E+03,1.043902E-01,3.099508E+03,3.497445E-02,0.000000E+00,0.000000E+00,3.497445E-02,3.595621E+02,1.834720E-01,2.251126E+03,3.015204E+03,1.677145E-01,5.068152E+03,5.895768E-02,0.000000E+00,0.000000E+00,5.895768E-02,6.061267E+02,3.065303E-01,3.764102E+03,5.046171E+03,1.053125E-01,3.117017E+03,3.497445E-02,0.000000E+00,0.000000E+00,3.497445E-02,3.595621E+02,3.047649E-01,3.602742E+03,4.418072E+03
18:40:00,7.777393E-02,3.962296E+03,7.777393E-02,0.000000E+00,0.000000E+00,7.777393E-02,8.140292E+02,3.047551E-01,3.841044E+03,5.412325E+03,1.752292E-01,5.210811E+03,5.895768E-02,0.000000E+00,0.000000E+00,5.895768E-02,6.170868E+02,2.964282E-01,3.640574E+03,4.915604E+03,1.087376E-01,3.182042E+03,3.497445E-02,0.000000E+00,0.000000E+00,3.497445E-02,3.660638E+02,1.810561E-01,2.217703E+03,2.980277E+03,1.742356E-01,5.191951E+03,5.895768E-02,0.000000E+00,0.000000E+00,5.895768E-02,6.170868E+02,3.042275E-01,3.727481E+03,5.008468E+03,1.096600E-01,3.199551E+03,3.497445E-02,0.000000E+00,0.000000E+00,3.497445E-02,3.660638E+02,2.942361E-01,3.478915E+03,4.291210E+03
18:50:00,7.777393E-02,3.962296E+03,7.777393E-02,0.000000E+00,0.000000E+00,7.777393E-02,8.284872E+02,3.034838E-01,3.812419E+03,5.382468E+03,1.817530E-01,5.334668E+03,5.895768E-02,0.000000E+00,0.000000E+00,5.895768E-02,6.280470E+02,2.924517E-01,3.585303E+03,4.857881E+03,1.130867E-01,3.264613E+03,3.497445E-02,0.000000E+00,0.000000E+00,3.497445E-02,3.725656E+02,1.785835E-01,2.183649E+03,2.944734E+03,1.807594E-01,5.315806E+03,5.895768E-02,0.000000E+00,0.000000E+00,5.895768E-02,6.280470E+02,3.007640E-01,3.677927E+03,4.956593E+03,1.140091E-01,3.282122E+03,3.497445E-02,0.000000E+00,0.000000E+00,3.497445E-02,3.725656E+02,2.826854E-01,3.343700E+03,4.152069E+03
19:00:00,7.777393E-02,3.962296E+03,7.777393E-02,0.000000E+00,0.000000E+00,7.777393E-02,8.429453E+02,3.020273E-01,3.781730E+03,5.350378E+03,1.882790E-01,5.458572E+03,5.895768E-02,0.000000E+00,0.000000E+00,5.895768E-02,6.390071E+02,2.880654E-01,3.525464E+03,4.795057E+03,1.174373E-01,3.347214E+03,3.497445E-02,0.000000E+00,0.000000E+00,3.497445E-02,3.790673E+02,1.760442E-01,2.148850E+03,2.908445E+03,1.872853E-01,5.439708E+03,5.895768E-02,0.000000E+00,0.000000E+00,5.895768E-02,6.390071E+02,2.960694E-01,3.614654E+03,4.890094E+03,1.183597E-01,3.364724E+03,3.497445E-02,0.000000E+00,0.000000E+00,3.497445E-02,3.790673E+02,2.702317E-01,3.198423E+03,4.002426E+03
19:10:00,7.777393E-02,3.962296E+03,7.777393E-02,0.000000E+00,0.000000E+00,7.777393E-02,8.535479E+02,3.003818E-01,3.752792E+03,5.319940E+03,1.882937E-01,5.458876E+03,5.895768E-02,0.000000E+00,0.000000E+00,5.895768E-02,6.470446E+02,2.847982E-01,3.481018E+03,4.762338E+03,1.174469E-01,3.347415E+03,3.497445E-02,0.000000E+00,0.000000E+00,3.497445E-02,3.838352E+02,1.742999E-01,2.124645E+03,2.892871E+03,1.872999E-01,5.440009E+03,5.895768E-02,0.000000E+00,0.000000E+00,5.895768E-02,6.470446E+02,2.915071E-01,3.555778E+03,4.842480E+03,1.183693E-01,3.364926E+03,3.497445E-02,0.000000E+00,0.000000E+00,3.497445E-02,3.838352E+02,2.585204E-01,3.063151E+03,3.878243E+03
19:20:00,7.777393E-02,3.962296E+03,7.777393E-02,0.000000E+00,0.000000E+00,7.777393E-02,8.641505E+02,2.985635E-01,3.721927E+03,5.287425E+03,1.883071E-01,5.459155E+03,5.895768E-02,0.000000E+00,0.000000E+00,5.895768E-02,6.550821E+02,2.814033E-01,3.435148E+03,4.747787E+03,1.174556E-01,3.347597E+03,3.497445E-02,0.000000E+00,0.000000E+00,3.497445E-02,3.886031E+02,1.723204E-01,2.097817E+03,2.887792E+03,1.873132E-01,5.440287E+03,5.895768E-02,0.000000E+00,0.000000E+00,5.895768E-02,6.550821E+02,2.864354E-01,3.491223E+03,4.809005E+03,1.183781E-01,3.365109E+03,3.497445E-02,0.000000E+00,0.000000E+00,3.497445E-02,3.886031E+02,2.469362E-01,2.929293E+03,3.773514E+03
19:30:00,7.777393E-02,3.962296E+03,7.777393E-02,0.000000E+00,0.000000E+00,7.777393E-02,8.747531E+02,2.966076E-01,3.689529E+03,5.253271E+03,1.883199E-01,5.459420E+03,5.895768E-02,0.000000E+00,0.000000E+00,5.895768E-02,6.631195E+02,2.781179E-01,3.390496E+03,4.728786E+03,1.174638E-01,3.347770E+03,3.497445E-02,0.000000E+00,0.000000E+00,3.497445E-02,3.933710E+02,1.703358E-01,2.070931E+03,2.878377E+03,1.873259E-01,5.440550E+03,5.895768E-02,0.000000E+00,0.000000E+00,5.895768E-02,6.631195E+02,2.814178E-01,3.427268E+03,4.769518E+03,1.183863E-01,3.365282E+03,3.497445E-02,0.000000E+00,0.000000E+00,3.497445E-02,3.933710E+02,2.361200E-01,2.803992E+03,3.666054E+03
19:40:00,7.777393E-02,3.962296E+03,7.777393E-02,0.000000E+00,0.000000E+00,7.777393E-02,8.853557E+02,2.945682E-01,3.656198E+03,5.216918E+03,1.883303E-01,5.459636E+03,5.895768E-02,0.000000E+00,0.000000E+00,5.895768E-02,6.711570E+02,2.747277E-01,3.344673E+03,4.687456E+03,1.174706E-01,3.347909E+03,3.497445E-02,0.000000E+00,0.000000E+00,3.497445E-02,3.981389E+02,1.684165E-01,2.044771E+03,2.855817E+03,1.873363E-01,5.440766E+03,5.895768E-02,0.000000E+00,0.000000E+00,5.895768E-02,6.711570E+02,2.763641E-01,3.362908E+03,4.706842E+03,1.183931E-01,3.365423E+03,3.497445E-02,0.000000E+00,0.000000E+00,3.497445E-02,3.981389E+02,2.261493E-01,2.688108E+03,3.545057E+03
19:50:00,7.777393E-02,3.962296E+03,7.777393E-02,0.000000E+00,0.000000E+00,7.777393E-02,8.959583E+02,2.924876E-01,3.622406E+03,5.181051E+03,1.883391E-01,5.459816E+03,5.895768E-02,0.000000E+00,0.000000E+00,5.895768E-02,6.791944E+02,2.715296E-01,3.300987E+03,4.653662E+03,1.174762E-01,3.348026E+03,3.497445E-02,0.000000E+00,0.000000E+00,3.497445E-02,4.029069E+02,1.666057E-01,2.019818E+03,2.837861E+03,1.873451E-01,5.440945E+03,5.895768E-02,0.000000E+00,0.000000E+00,5.895768E-02,6.791944E+02,2.717184E-01,3.303092E+03,4.654703E+03,1.183987E-01,3.365539E+03,3.497445E-02,0.000000E+00,0.000000E+00,3.497445E-02,4.029069E+02,2.175577E-01,2.587592E+03,3.446152E+03
20:00:00,7.777393E-02,3.962296E+03,7.777393E-02,0.000000E+00,0.000000E+00,7.777393E-02,9.065609E+02,2.904188E-01,3.588746E+03,5.145841E+03,1.883466E-01,5.459968E+03,5.895768E-02,0.000000E+00,0.000000E+00,5.895768E-02,6.872319E+02,2.685924E-01,3.260208E+03,4.624033E+03,1.174810E-01,3.348123E+03,3.497445E-02,0.000000E+00,0.000000E+00,3.497445E-02,4.076748E+02,1.649171E-01,1.996225E+03,2.821893E+03,1.873525E-01,5.441097E+03,5.895768E-02,0.000000E+00,0.000000E+00,5.895768E-02,6.872319E+02,2.678572E-01,3.252017E+03,4.613625E+03,1.184035E-01,3.365637E+03,3.497445E-02,0.000000E+00,0.000000E+00,3.497445E-02,4.076748E+02,2.104801E-01,2.503945E+03,3.366449E+03
20:10:00,7.777393E-02,3.962296E+03,7.777393E-02,0.000000E+00,0.000000E+00,7.777393E-02,9.152357E+02,2.884183E-01,3.557770E+03,5.111945E+03,1.883530E-01,5.460097E+03,5.895768E-02,0.000000E+00,0.000000E+00,5.895768E-02,6.938080E+02,2.647886E-01,3.211229E+03,4.572404E+03,1.174851E-01,3.348207E+03,3.497445E-02,0.000000E+00,0.000000E+00,3.497445E-02,4.115758E+02,1.625991E-01,1.966484E+03,2.790676E+03,1.873589E-01,5.441226E+03,5.895768E-02,0.000000E+00,0.000000E+00,5.895768E-02,6.938080E+02,2.636754E-01,3.198826E+03,4.557233E+03,1.184076E-01,3.365720E+03,3.497445E-02,0.000000E+00,0.000000E+00,3.497445E-02,4.115758E+02,2.040622E-01,2.428514E+03,3.284531E+03
20:20:00,7.777393E-02,3.962296E+03,7.777393E-02,0.000000E+00,0.000000E+00,7.777393E-02,9.239106E+02,2.865138E-01,3.527860E+03,5.079962E+03,1.883585E-01,5.460207E+03,5.895768E-02,0.000000E+00,0.000000E+00,5.895768E-02,7.003841E+02,2.613598E-01,3.166426E+03,4.527485E+03,1.174887E-01,3.348278E+03,3.497445E-02,0.000000E+00,0.000000E+00,3.497445E-02,4.154768E+02,1.604799E-01,1.938956E+03,2.763177E+03,1.873644E-01,5.441336E+03,5.895768E-02,0.000000E+00,0.000000E+00,5.895768E-02,7.003841E+02,2.600359E-01,3.151676E+03,4.509900E+03,1.184112E-01,3.365791E+03,3.497445E-02,0.000000E+00,0.000000E+00,3.497445E-02,4.154768E+02,1.985271E-01,2.362919E+03,3.216102E+03
20:30:00,7.777393E-02,3.962296E+03,7.777393E-02,0.000000E+00,0.000000E+00,7.777393E-02,9.325854E+02,2.847218E-01,3.499204E+03,5.050373E+03,1.883632E-01,5.460302E+03,5.895768E-02,0.000000E+00,0.000000E+00,5.895768E-02,7.069602E+02,2.581467E-01,3.124028E+03,4.489041E+03,1.174918E-01,3.348339E+03,3.497445E-02,0.000000E+00,0.000000E+00,3.497445E-02,4.193779E+02,1.584745E-01,1.912696E+03,2.739466E+03,1.873692E-01,5.441431E+03,5.895768E-02,0.000000E+00,0.000000E+00,5.895768E-02,7.069602E+02,2.566347E-01,3.107181E+03,4.469524E+03,1.184143E-01,3.365852E+03,3.497445E-02,0.000000E+00,0.000000E+00,3.497445E-02,4.193779E+02,1.935077E-01,2.303072E+03,3.157640E+03
20:40:00,7.777393E-02,3.962296E+03,7.777393E-02,0.000000E+00,0.000000E+00,7.777393E-02,9.412603E+02,2.830392E-01,3.471770E+03,5.022002E+03,1.883673E-01,5.460383E+03,5.895768E-02,0.000000E+00,0.000000E+00,5.895768E-02,7.135363E+02,2.551121E-01,3.083621E+03,4.450686E+03,1.174944E-01,3.348392E+03,3.497445E-02,0.000000E+00,0.000000E+00,3.497445E-02,4.232789E+02,1.565657E-01,1.887516E+03,2.715560E+03,1.873733E-01,5.441513E+03,5.895768E-02,0.000000E+00,0.000000E+00,5.895768E-02,7.135363E+02,2.534248E-01,3.064821E+03,4.429284E+03,1.184169E-01,3.365905E+03,3.497445E-02,0.000000E+00,0.000000E+00,3.497445E-02,4.232789E+02,1.889129E-01,2.247959E+03,3.102328E+03
20:50:00,7.777393E-02,3.962296E+03,7.777393E-02,0.000000E+00,0.000000E+00,7.777393E-02,9.499351E+02,2.814910E-01,3.445836E+03,4.994898E+03,1.883709E-01,5.460453E+03,5.895768E-02,0.000000E+00,0.000000E+00,5.895768E-02,7.201124E+02,2.522789E-01,3.045463E+03,4.412411E+03,1.174967E-01,3.348437E+03,3.497445E-02,0.000000E+00,0.000000E+00,3.497445E-02,4.271799E+02,1.547709E-01,1.863608E+03,2.691510E+03,1.873769E-01,5.441583E+03,5.895768E-02,0.000000E+00,0.000000E+00,5.895768E-02,7.201124E+02,2.504284E-01,3.024844E+03,4.389139E+03,1.184192E-01,3.365951E+03,3.497445E-02,0.000000E+00,0.000000E+00,3.497445E-02,4.271799E+02,1.847169E-01,2.197292E+03,3.049561E+03
21:00:00,7.777393E-02,3.962296E+03,7.777393E-02,0.000000E+00,0.000000E+00,7.777393E-02,9.586100E+02,2.800245E-01,3.420795E+03,4.968405E+03,1.883740E-01,5.460514E+03,5.895768E-02,0.000000E+00,0.000000E+00,5.895768E-02,7.266885E+02,2.495877E-01,3.008866E+03,4.374025E+03,1.174988E-01,3.348477E+03,3.497445E-02,0.000000E+00,0.000000E+00,3.497445E-02,4.310809E+02,1.530564E-01,1.840582E+03,2.667268E+03,1.873800E-01,5.441644E+03,5.895768E-02,0.000000E+00,0.000000E+00,5.895768E-02,7.266885E+02,2.475862E-01,2.986566E+03,4.348940E+03,1.184213E-01,3.365990E+03,3.497445E-02,0.000000E+00,0.000000E+00,3.497445E-02,4.310809E+02,1.808522E-01,2.150305E+03,2.999210E+03
21:10:00,7.777393E-02,3.962296E+03,7.777393E-02,0.000000E+00,0.000000E+00,7.777393E-02,9.672848E+02,2.786547E-01,3.396835E+03,4.943638E+03,1.883767E-01,5.460567E+03,5.895768E-02,0.000000E+00,0.000000E+00,5.895768E-02,7.332646E+02,2.470314E-01,2.973777E+03,4.338473E+03,1.175005E-01,3.348511E+03,3.497445E-02,0.000000E+00,0.000000E+00,3.497445E-02,4.349820E+02,1.514194E-01,1.818422E+03,2.644716E+03,1.873827E-01,5.441697E+03,5.895768E-02,0.000000E+00,0.000000E+00,5.895768E-02,7.332646E+02,2.448924E-01,2.949944E+03,4.311805E+03,1.184230E-01,3.366024E+03,3.497445E-02,0.000000E+00,0.000000E+00,3.497445E-02,4.349820E+02,1.772839E-01,2.106622E+03,2.953841E+03
21:20:00,7.777393E-02,3.962296E+03,7.777393E-02,0.000000E+00,0.000000E+00,7.777393E-02,9.759597E+02,2.773715E-01,3.373843E+03,4.919868E+03,1.883791E-01,5.460613E+03,5.895768E-02,0.000000E+00,0.000000E+00,5.895768E-02,7.398406E+02,2.445985E-01,2.940068E+03,4.303848E+03,1.175021E-01,3.348542E+03,3.497445E-02,0.000000E+00,0.000000E+00,3.497445E-02,4.388830E+02,1.498543E-01,1.797067E+03,2.622683E+03,1.873851E-01,5.441744E+03,5.895768E-02,0.000000E+00,0.000000E+00,5.895768E-02,7.398406E+02,2.423352E-01,2.914850E+03,4.275731E+03,1.184246E-01,3.366055E+03,3.497445E-02,0.000000E+00,0.000000E+00,3.497445E-02,4.388830E+02,1.739819E-01,2.065911E+03,2.911275E+03
21:30:00,7.777393E-02,3.962296E+03,7.777393E-02,0.000000E+00,0.000000E+00,7.777393E-02,9.846345E+02,2.761700E-01,3.351762E+03,4.897041E+03,1.883812E-01,5.460654E+03,5.895768E-02,0.000000E+00,0.000000E+00,5.895768E-02,7.464167E+02,2.422823E-01,2.907660E+03,4.270236E+03,1.175034E-01,3.348568E+03,3.497445E-02,0.000000E+00,0.000000E+00,3.497445E-02,4.427840E+02,1.483585E-01,1.776484E+03,2.601242E+03,1.873872E-01,5.441784E+03,5.895768E-02,0.000000E+00,0.000000E+00,5.895768E-02,7.464167E+02,2.399079E-01,2.881205E+03,4.240810E+03,1.184259E-01,3.366081E+03,3.497445E-02,0.000000E+00,0.000000E+00,3.497445E-02,4.427840E+02,1.709204E-01,2.027882E+03,2.871331E+03
21:40:00,7.777393E-02,3.962296E+03,7.777393E-02,0.000000E+00,0.000000E+00,7.777393E-02,9.933094E+02,2.750429E-01,3.330510E+03,4.875075E+03,1.883830E-01,5.460689E+03,5.895768E-02,0.000000E+00,0.000000E+00,5.895768E-02,7.529928E+02,2.400715E-01,2.876429E+03,4.237611E+03,1.175047E-01,3.348592E+03,3.497445E-02,0.000000E+00,0.000000E+00,3.497445E-02,4.466850E+02,1.469258E-01,1.756606E+03,2.580391E+03,1.873890E-01,5.441820E+03,5.895768E-02,0.000000E+00,0.000000E+00,5.895768E-02,7.529928E+02,2.375988E-01,2.848878E+03,4.207016E+03,1.184271E-01,3.366104E+03,3.497445E-02,0.000000E+00,0.000000E+00,3.497445E-02,4.466850E+02,1.680737E-01,1.992246E+03,2.833773E+03
21:50:00,7.777393E-02,3.962296E+03,7.777393E-02,0.000000E+00,0.000000E+00,7.777393E-02,1.001984E+03,2.739598E-01,3.309749E+03,4.853575E+03,1.883846E-01,5.460721E+03,5.895768E-02,0.000000E+00,0.000000E+00,5.895768E-02,7.595689E+02,2.379309E-01,2.845978E+03,4.205567E+03,1.175057E-01,3.348612E+03,3.497445E-02,0.000000E+00,0.000000E+00,3.497445E-02,4.505861E+02,1.455355E-01,1.737200E+03,2.559891E+03,1.873907E-01,5.441852E+03,5.895768E-02,0.000000E+00,0.000000E+00,5.895768E-02,7.595689E+02,2.353721E-01,2.817469E+03,4.173943E+03,1.184282E-01,3.366125E+03,3.497445E-02,0.000000E+00,0.000000E+00,3.497445E-02,4.505861E+02,1.654038E-01,1.958580E+03,2.798166E+03
22:00:00,7.777393E-02,3.962296E+03,7.777393E-02,0.000000E+00,0.000000E+00,7.777393E-02,1.010659E+03,2.729592E-01,3.289923E+03,4.833080E+03,1.883861E-01,5.460749E+03,5.895768E-02,0.000000E+00,0.000000E+00,5.895768E-02,7.661450E+02,2.358988E-01,2.816757E+03,4.174733E+03,1.175067E-01,3.348631E+03,3.497445E-02,0.000000E+00,0.000000E+00,3.497445E-02,4.544871E+02,1.442113E-01,1.718543E+03,2.540129E+03,1.873921E-01,5.441880E+03,5.895768E-02,0.000000E+00,0.000000E+00,5.895768E-02,7.661450E+02,2.332656E-01,2.787419E+03,4.142213E+03,1.184292E-01,3.366143E+03,3.497445E-02,0.000000E+00,0.000000E+00,3.497445E-02,4.544871E+02,1.629176E-01,1.926975E+03,2.764688E+03
22:10:00,7.777393E-02,3.962296E+03,7.777393E-02,0.000000E+00,0.000000E+00,7.777393E-02,1.017406E+03,2.720063E-01,3.272558E+03,4.815085E+03,1.883874E-01,5.460774E+03,5.895768E-02,0.000000E+00,0.000000E+00,5.895768E-02,7.712598E+02,2.339536E-01,2.789968E+03,4.146328E+03,1.175076E-01,3.348647E+03,3.497445E-02,0.000000E+00,0.000000E+00,3.497445E-02,4.575212E+02,1.429406E-01,1.701350E+03,2.521833E+03,1.873934E-01,5.441905E+03,5.895768E-02,0.000000E+00,0.000000E+00,5.895768E-02,7.712598E+02,2.312563E-01,2.759915E+03,4.113030E+03,1.184300E-01,3.366160E+03,3.497445E-02,0.000000E+00,0.000000E+00,3.497445E-02,4.575212E+02,1.605912E-01,1.898019E+03,2.733935E+03
22:20:00,7.777393E-02,3.962296E+03,7.777393E-02,0.000000E+00,0.000000E+00,7.777393E-02,1.024153E+03,2.711078E-01,3.255798E+03,4.797721E+03,1.883886E-01,5.460796E+03,5.895768E-02,0.000000E+00,0.000000E+00,5.895768E-02,7.763745E+02,2.321000E-01,2.764199E+03,4.118945E+03,1.175083E-01,3.348662E+03,3.497445E-02,0.000000E+00,0.000000E+00,3.497445E-02,4.605554E+02,1.417266E-01,1.684789E+03,2.504170E+03,1.873946E-01,5.441927E+03,5.895768E-02,0.000000E+00,0.000000E+00,5.895768E-02,7.763745E+02,2.293482E-01,2.733539E+03,4.084982E+03,1.184308E-01,3.366175E+03,3.497445E-02,0.000000E+00,0.000000E+00,3.497445E-02,4.605554E+02,1.584152E-01,1.870738E+03,2.704922E+03
22:30:00,7.777393E-02,3.962296E+03,7.777393E-02,0.000000E+00,0.000000E+00,7.777393E-02,1.030900E+03,2.702573E-01,3.239573E+03,4.780912E+03,1.883896E-01,5.460817E+03,5.895768E-02,0.000000E+00,0.000000E+00,5.895768E-02,7.814893E+02,2.303304E-01,2.739366E+03,4.092498E+03,1.175090E-01,3.348676E+03,3.497445E-02,0.000000E+00,0.000000E+00,3.497445E-02,4.635895E+02,1.405648E-01,1.668809E+03,2.487093E+03,1.873957E-01,5.441948E+03,5.895768E-02,0.000000E+00,0.000000E+00,5.895768E-02,7.814893E+02,2.275328E-01,2.708196E+03,4.057975E+03,1.184315E-01,3.366188E+03,3.497445E-02,0.000000E+00,0.000000E+00,3.497445E-02,4.635895E+02,1.563749E-01,1.844970E+03,2.677478E+03
22:40:00,7.777393E-02,3.962296E+03,7.777393E-02,0.000000E+00,0.000000E+00,7.777393E-02,1.037648E+03,2.694505E-01,3.223836E+03,4.764607E+03,1.883906E-01,5.460835E+03,5.895768E-02,0.000000E+00,0.000000E+00,5.895768E-02,7.866040E+02,2.286392E-01,2.715408E+03,4.066940E+03,1.175097E-01,3.348688E+03,3.497445E-02,0.000000E+00,0.000000E+00,3.497445E-02,4.666236E+02,1.394521E-01,1.653377E+03,2.470574E+03,1.873966E-01,5.441966E+03,5.895768E-02,0.000000E+00,0.000000E+00,5.895768E-02,7.866040E+02,2.258039E-01,2.683818E+03,4.031953E+03,1.184322E-01,3.366201E+03,3.497445E-02,0.000000E+00,0.000000E+00,3.497445E-02,4.666236E+02,1.544580E-01,1.820578E+03,2.651470E+03
22:50:00,7.777393E-02,3.962296E+03,7.777393E-02,0.000000E+00,0.000000E+00,7.777393E-02,1.044395E+03,2.686837E-01,3.208544E+03,4.748762E+03,1.883914E-01,5.460852E+03,5.895768E-02,0.000000E+00,0.000000E+00,5.895768E-02,7.917188E+02,2.270217E-01,2.692270E+03,4.042234E+03,1.175103E-01,3.348699E+03,3.497445E-02,0.000000E+00,0.000000E+00,3.497445E-02,4.696578E+02,1.383857E-01,1.638460E+03,2.454592E+03,1.873975E-01,5.441983E+03,5.895768E-02,0.000000E+00,0.000000E+00,5.895768E-02,7.917188E+02,2.241559E-01,2.660340E+03,4.006869E+03,1.184327E-01,3.366212E+03,3.497445E-02,0.000000E+00,0.000000E+00,3.497445E-02,4.696578E+02,1.526539E-01,1.797442E+03,2.626782E+03
23:00:00,7.777393E-02,3.962296E+03,7.777393E-02,0.000000E+00,0.000000E+00,7.777393E-02,1.051142E+03,2.679533E-01,3.193659E+03,4.733337E+03,1.883923E-01,5.460867E+03,5.895768E-02,0.000000E+00,0.000000E+00,5.895768E-02,7.968335E+02,2.254735E-01,2.669905E+03,4.018344E+03,1.175108E-01,3.348709E+03,3.497445E-02,0.000000E+00,0.000000E+00,3.497445E-02,4.726919E+02,1.373630E-01,1.624032E+03,2.439126E+03,1.873983E-01,5.441998E+03,5.895768E-02,0.000000E+00,0.000000E+00,5.895768E-02,7.968335E+02,2.225836E-01,2.637705E+03,3.982676E+03,1.184333E-01,3.366222E+03,3.497445E-02,0.000000E+00,0.000000E+00,3.497445E-02,4.726919E+02,1.509528E-01,1.775453E+03,2.603307E+03
23:10:00,7.777393E-02,3.962296E+03,7.777393E-02,0.000000E+00,0.000000E+00,7.777393E-02,1.057889E+03,2.672563E-01,3.179146E+03,4.718297E+03,1.883930E-01,5.460881E+03,5.895768E-02,0.000000E+00,0.000000E+00,5.895768E-02,8.019482E+02,2.239761E-01,2.648106E+03,3.995026E+03,1.175113E-01,3.348719E+03,3.497445E-02,0.000000E+00,0.000000E+00,3.497445E-02,4.757260E+02,1.363732E-01,1.609968E+03,2.424033E+03,1.873991E-01,5.442012E+03,5.895768E-02,0.000000E+00,0.000000E+00,5.895768E-02,8.019482E+02,2.210683E-01,2.615707E+03,3.959132E+03,1.184338E-01,3.366231E+03,3.497445E-02,0.000000E+00,0.000000E+00,3.497445E-02,4.757260E+02,1.493373E-01,1.754419E+03,2.580828E+03
23:20:00,7.777393E-02,3.962296E+03,7.777393E-02,0.000000E+00,0.000000E+00,7.777393E-02,1.064636E+03,2.665899E-01,3.164972E+03,4.703608E+03,1.883937E-01,5.460894E+03,5.895768E-02,0.000000E+00,0.000000E+00,5.895768E-02,8.070630E+02,2.225260E-01,2.626833E+03,3.972248E+03,1.175118E-01,3.348728E+03,3.497445E-02,0.000000E+00,0.000000E+00,3.497445E-02,4.787601E+02,1.354140E-01,1.596247E+03,2.409292E+03,1.873997E-01,5.442025E+03,5.895768E-02,0.000000E+00,0.000000E+00,5.895768E-02,8.070630E+02,2.196059E-01,2.594298E+03,3.936193E+03,1.184342E-01,3.366240E+03,3.497445E-02,0.000000E+00,0.000000E+00,3.497445E-02,4.787601E+02,1.477998E-01,1.734253E+03,2.559257E+03
23:30:00,7.777393E-02,3.962296E+03,7.777393E-02,0.000000E+00,0.000000E+00,7.777393E-02,1.071383E+03,2.659514E-01,3.151110E+03,4.689240E+03,1.883943E-01,5.460906E+03,5.895768E-02,0.000000E+00,0.000000E+00,5.895768E-02,8.121777E+02,2.211196E-01,2.606048E+03,3.949970E+03,1.175122E-01,3.348736E+03,3.497445E-02,0.000000E+00,0.000000E+00,3.497445E-02,4.817943E+02,1.344835E-01,1.582845E+03,2.394881E+03,1.874004E-01,5.442037E+03,5.895768E-02,0.000000E+00,0.000000E+00,5.895768E-02,8.121777E+02,2.181922E-01,2.573432E+03,3.913816E+03,1.184347E-01,3.366248E+03,3.497445E-02,0.000000E+00,0.000000E+00,3.497445E-02,4.817943E+02,1.463332E-01,1.714878E+03,2.538514E+03
23:40:00,7.777393E-02,3.962296E+03,7.777393E-02,0.000000E+00,0.000000E+00,7.777393E-02,1.078130E+03,2.653382E-01,3.137531E+03,4.675165E+03,1.883949E-01,5.460918E+03,5.895768E-02,0.000000E+00,0.000000E+00,5.895768E-02,8.172925E+02,2.197537E-01,2.585714E+03,3.928159E+03,1.175126E-01,3.348743E+03,3.497445E-02,0.000000E+00,0.000000E+00,3.497445E-02,4.848284E+02,1.335797E-01,1.569740E+03,2.380779E+03,1.874010E-01,5.442049E+03,5.895768E-02,0.000000E+00,0.000000E+00,5.895768E-02,8.172925E+02,2.168235E-01,2.553066E+03,3.891959E+03,1.184351E-01,3.366256E+03,3.497445E-02,0.000000E+00,0.000000E+00,3.497445E-02,4.848284E+02,1.449314E-01,1.696224E+03,2.518529E+03
23:50:00,7.777393E-02,3.962296E+03,7.777393E-02,0.000000E+00,0.000000E+00,7.777393E-02,1.084877E+03,2.647483E-01,3.124210E+03,4.661356E+03,1.883955E-01,5.460928E+03,5.895768E-02,0.000000E+00,0.000000E+00,5.895768E-02,8.224072E+02,2.184253E-01,2.565798E+03,3.906779E+03,1.175130E-01,3.348750E+03,3.497445E-02,0.000000E+00,0.000000E+00,3.497445E-02,4.878625E+02,1.327007E-01,1.556912E+03,2.366965E+03,1.874015E-01,5.442059E+03,5.895768E-02,0.000000E+00,0.000000E+00,5.895768E-02,8.224072E+02,2.154963E-01,2.533163E+03,3.870582E+03,1.184354E-01,3.366263E+03,3.497445E-02,0.000000E+00,0.000000E+00,3.497445E-02,4.878625E+02,1.435887E-01,1.678229E+03,2.499233E+03
24:00:00,7.777393E-02,3.962296E+03,7.777393E-02,0.000000E+00,0.000000E+00,7.777393E-02,1.091624E+03,2.641796E-01,3.111126E+03,4.647790E+03,1.883960E-01,5.460938E+03,5.895768E-02,0.000000E+00,0.000000E+00,5.895768E-02,8.275220E+02,2.171316E-01,2.546268E+03,3.885801E+03,1.175133E-01,3.348757E+03,3.497445E-02,0.000000E+00,0.000000E+00,3.497445E-02,4.908967E+02,1.318450E-01,1.544344E+03,2.353421E+03,1.874020E-01,5.442069E+03,5.895768E-02,0.000000E+00,0.000000E+00,5.895768E-02,8.275220E+02,2.142076E-01,2.513689E+03,3.849652E+03,1.184358E-01,3.366269E+03,3.497445E-02,0.000000E+00,0.000000E+00,3.497445E-02,4.908967E+02,1.423000E-01,1.660836E+03,2.480568E+03
Coinc Peak   ,7.777393E-02,3.143936E-01,3.962296E+03,4.110317E+03,1.884067E-01,3.711869E-01,5.461142E+03,4.611446E+03,1.175205E-01,3.238911E-01,3.348893E+03,3.769495E+03,1.874127E-01,3.215581E-01,5.442271E+03,4.060776E+03,1.184429E-01,3.536121E-01,3.366405E+03,4.192539E+03
NonCoinc Peak,7.777393E-02,3.143928E-01,3.962296E+03,4.110317E+03,1.884067E-01,3.711869E-01,5.461142E+03,4.611446E+03,1.175205E-01,3.238911E-01,3.348893E+03,3.769495E+03,1.874127E-01,3.215581E-01,5.442271E+03,4.060776E+03,1.184429E-01,3.536121E-01,3.366405E+03,4.192539E+03
