Time,CORE_ZN ZN PSZ-AC-1:DesPer 1:Des Heat Mass Flow [kg/s],CORE_ZN ZN PSZ-AC-1:DesPer 1:Des Heat Cap [W],CORE_ZN ZN PSZ-AC-1:DesPer 1:Des Cool Mass Flow [kg/s],CORE_ZN ZN PSZ-AC-1:DesPer 1:Des Sens Cool Cap [W],CORE_ZN ZN PSZ-AC-1:DesPer 1:Des Tot Cool Cap [W],CORE_ZN ZN PSZ-AC-1:DesPer 2:Des Heat Mass Flow [kg/s],CORE_ZN ZN PSZ-AC-1:DesPer 2:Des Heat Cap [W],CORE_ZN ZN PSZ-AC-1:DesPer 2:Des Cool Mass Flow [kg/s],CORE_ZN ZN PSZ-AC-1:DesPer 2:Des Sens Cool Cap [W],CORE_ZN ZN PSZ-AC-1:DesPer 2:Des Tot Cool Cap [W],PERIMETER_ZN_1 ZN PSZ-AC-2:DesPer 1:Des Heat Mass Flow [kg/s],PERIMETER_ZN_1 ZN PSZ-AC-2:DesPer 1:Des Heat Cap [W],PERIMETER_ZN_1 ZN PSZ-AC-2:DesPer 1:Des Cool Mass Flow [kg/s],PERIMETER_ZN_1 ZN PSZ-AC-2:DesPer 1:Des Sens Cool Cap [W],PERIMETER_ZN_1 ZN PSZ-AC-2:DesPer 1:Des Tot Cool Cap [W],PERIMETER_ZN_1 ZN PSZ-AC-2:DesPer 2:Des Heat Mass Flow [kg/s],PERIMETER_ZN_1 ZN PSZ-AC-2:DesPer 2:Des Heat Cap [W],PERIMETER_ZN_1 ZN PSZ-AC-2:DesPer 2:Des Cool Mass Flow [kg/s],PERIMETER_ZN_1 ZN PSZ-AC-2:DesPer 2:Des Sens Cool Cap [W],PERIMETER_ZN_1 ZN PSZ-AC-2:DesPer 2:Des Tot Cool Cap [W],PERIMETER_ZN_2 ZN PSZ-AC-3:DesPer 1:Des Heat Mass Flow [kg/s],PERIMETER_ZN_2 ZN PSZ-AC-3:DesPer 1:Des Heat Cap [W],PERIMETER_ZN_2 ZN PSZ-AC-3:DesPer 1:Des Cool Mass Flow [kg/s],PERIMETER_ZN_2 ZN PSZ-AC-3:DesPer 1:Des Sens Cool Cap [W],PERIMETER_ZN_2 ZN PSZ-AC-3:DesPer 1:Des Tot Cool Cap [W],PERIMETER_ZN_2 ZN PSZ-AC-3:DesPer 2:Des Heat Mass Flow [kg/s],PERIMETER_ZN_2 ZN PSZ-AC-3:DesPer 2:Des Heat Cap [W],PERIMETER_ZN_2 ZN PSZ-AC-3:DesPer 2:Des Cool Mass Flow [kg/s],PERIMETER_ZN_2 ZN PSZ-AC-3:DesPer 2:Des Sens Cool Cap [W],PERIMETER_ZN_2 ZN PSZ-AC-3:DesPer 2:Des Tot Cool Cap [W],PERIMETER_ZN_3 ZN PSZ-AC-4:DesPer 1:Des Heat Mass Flow [kg/s],PERIMETER_ZN_3 ZN PSZ-AC-4:DesPer 1:Des Heat Cap [W],PERIMETER_ZN_3 ZN PSZ-AC-4:DesPer 1:Des Cool Mass Flow [kg/s],PERIMETER_ZN_3 ZN PSZ-AC-4:DesPer 1:Des Sens Cool Cap [W],PERIMETER_ZN_3 ZN PSZ-AC-4:DesPer 1:Des Tot Cool Cap [W],PERIMETER_ZN_3 ZN PSZ-AC-4:DesPer 2:Des Heat Mass Flow [kg/s],PERIMETER_ZN_3 ZN PSZ-AC-4:DesPer 2:Des Heat Cap [W],PERIMETER_ZN_3 ZN PSZ-AC-4:DesPer 2:Des Cool Mass Flow [kg/s],PERIMETER_ZN_3 ZN PSZ-AC-4:DesPer 2:Des Sens Cool Cap [W],PERIMETER_ZN_3 ZN PSZ-AC-4:DesPer 2:Des Tot Cool Cap [W],PERIMETER_ZN_4 ZN PSZ-AC-5:DesPer 1:Des Heat Mass Flow [kg/s],PERIMETER_ZN_4 ZN PSZ-AC-5:DesPer 1:Des Heat Cap [W],PERIMETER_ZN_4 ZN PSZ-AC-5:DesPer 1:Des Cool Mass Flow [kg/s],PERIMETER_ZN_4 ZN PSZ-AC-5:DesPer 1:Des Sens Cool Cap [W],PERIMETER_ZN_4 ZN PSZ-AC-5:DesPer 1:Des Tot Cool Cap [W],PERIMETER_ZN_4 ZN PSZ-AC-5:DesPer 2:Des Heat Mass Flow [kg/s],PERIMETER_ZN_4 ZN PSZ-AC-5:DesPer 2:Des Heat Cap [W],PERIMETER_ZN_4 ZN PSZ-AC-5:DesPer 2:Des Cool Mass Flow [kg/s],PERIMETER_ZN_4 ZN PSZ-AC-5:DesPer 2:Des Sens Cool Cap [W],PERIMETER_ZN_4 ZN PSZ-AC-5:DesPer 2:Des Tot Cool Cap [W]
00:10:00,7.422205E-02,2.057064E+03,2.520277E-01,2.704229E+03,3.890320E+03,7.422205E-02,5.399785E+03,7.422205E-02,0.000000E+00,0.000000E+00,5.626512E-02,1.559388E+03,1.901941E-01,2.040347E+03,3.020249E+03,1.378333E-01,6.461481E+03,5.626512E-02,0.000000E+00,0.000000E+00,3.337719E-02,9.250491E+02,1.147504E-01,1.231849E+03,1.821106E+03,8.506225E-02,3.928783E+03,3.337719E-02,0.000000E+00,0.000000E+00,5.626512E-02,1.559388E+03,1.886567E-01,2.023183E+03,3.001342E+03,1.290746E-01,6.207200E+03,5.626512E-02,0.000000E+00,0.000000E+00,3.337719E-02,9.250491E+02,1.271159E-01,1.369908E+03,1.971463E+03,8.423249E-02,3.904694E+03,3.337719E-02,0.000000E+00,0.000000E+00
00:20:00,7.422205E-02,2.065045E+03,2.513544E-01,2.688731E+03,3.874239E+03,7.422205E-02,5.399785E+03,7.422205E-02,0.000000E+00,0.000000E+00,5.626512E-02,1.565438E+03,1.886752E-01,2.017340E+03,2.995480E+03,1.378336E-01,6.461490E+03,5.626512E-02,0.000000E+00,0.000000E+00,3.337719E-02,9.286378E+02,1.137968E-01,1.217614E+03,1.805750E+03,8.506246E-02,3.928789E+03,3.337719E-02,0.000000E+00,0.000000E+00,5.626512E-02,1.565438E+03,1.872067E-01,2.000944E+03,2.977431E+03,1.290750E-01,6.207209E+03,5.626512E-02,0.000000E+00,0.000000E+00,3.337719E-02,9.286378E+02,1.256540E-01,1.349997E+03,1.950121E+03,8.423270E-02,3.904700E+03,3.337719E-02,0.000000E+00,0.000000E+00
00:30:00,7.422205E-02,2.073025E+03,2.507032E-01,2.673480E+03,3.858410E+03,7.422205E-02,5.399785E+03,7.422205E-02,0.000000E+00,0.000000E+00,5.626512E-02,1.571487E+03,1.871984E-01,1.994802E+03,2.971196E+03,1.378339E-01,6.461499E+03,5.626512E-02,0.000000E+00,0.000000E+00,3.337719E-02,9.322265E+02,1.128694E-01,1.203670E+03,1.790696E+03,8.506265E-02,3.928795E+03,3.337719E-02,0.000000E+00,0.000000E+00,5.626512E-02,1.571487E+03,1.858018E-01,1.979210E+03,2.954046E+03,1.290753E-01,6.207218E+03,5.626512E-02,0.000000E+00,0.000000E+00,3.337719E-02,9.322265E+02,1.242503E-01,1.330737E+03,1.929456E+03,8.423290E-02,3.904705E+03,3.337719E-02,0.000000E+00,0.000000E+00
00:40:00,7.422205E-02,2.081005E+03,2.500723E-01,2.658455E+03,3.842815E+03,7.422205E-02,5.399785E+03,7.422205E-02,0.000000E+00,0.000000E+00,5.626512E-02,1.577537E+03,1.857615E-01,1.972710E+03,2.947379E+03,1.378342E-01,6.461507E+03,5.626512E-02,0.000000E+00,0.000000E+00,3.337719E-02,9.358152E+02,1.119670E-01,1.190006E+03,1.775934E+03,8.506284E-02,3.928800E+03,3.337719E-02,0.000000E+00,0.000000E+00,5.626512E-02,1.577537E+03,1.844398E-01,1.957953E+03,2.931162E+03,1.290756E-01,6.207227E+03,5.626512E-02,0.000000E+00,0.000000E+00,3.337719E-02,9.358152E+02,1.229009E-01,1.312082E+03,1.909421E+03,8.423308E-02,3.904711E+03,3.337719E-02,0.000000E+00,0.000000E+00
00:50:00,7.422205E-02,2.088986E+03,2.494601E-01,2.643640E+03,3.827436E+03,7.422205E-02,5.399785E+03,7.422205E-02,0.000000E+00,0.000000E+00,5.626512E-02,1.583587E+03,1.843631E-01,1.951048E+03,2.924013E+03,1.378344E-01,6.461514E+03,5.626512E-02,0.000000E+00,0.000000E+00,3.337719E-02,9.394039E+02,1.110886E-01,1.176611E+03,1.761455E+03,8.506301E-02,3.928805E+03,3.337719E-02,0.000000E+00,0.000000E+00,5.626512E-02,1.583587E+03,1.831183E-01,1.937149E+03,2.908757E+03,1.290758E-01,6.207234E+03,5.626512E-02,0.000000E+00,0.000000E+00,3.337719E-02,9.394039E+02,1.216020E-01,1.293992E+03,1.889977E+03,8.423326E-02,3.904716E+03,3.337719E-02,0.000000E+00,0.000000E+00
01:00:00,7.422205E-02,2.096966E+03,2.488655E-01,2.629020E+03,3.812255E+03,7.422205E-02,5.399785E+03,7.422205E-02,0.000000E+00,0.000000E+00,5.626512E-02,1.589636E+03,1.830016E-01,1.929797E+03,2.901085E+03,1.378347E-01,6.461521E+03,5.626512E-02,0.000000E+00,0.000000E+00,3.337719E-02,9.429926E+02,1.102333E-01,1.163474E+03,1.747251E+03,8.506317E-02,3.928810E+03,3.337719E-02,0.000000E+00,0.000000E+00,5.626512E-02,1.589636E+03,1.818353E-01,1.916776E+03,2.886809E+03,1.290761E-01,6.207242E+03,5.626512E-02,0.000000E+00,0.000000E+00,3.337719E-02,9.429926E+02,1.203504E-01,1.276430E+03,1.871090E+03,8.423342E-02,3.904721E+03,3.337719E-02,0.000000E+00,0.000000E+00
01:10:00,7.422205E-02,2.102286E+03,2.482871E-01,2.617242E+03,3.799974E+03,7.422205E-02,5.399785E+03,7.422205E-02,0.000000E+00,0.000000E+00,5.626512E-02,1.593669E+03,1.816851E-01,1.911065E+03,2.880774E+03,1.378349E-01,6.461528E+03,5.626512E-02,0.000000E+00,0.000000E+00,3.337719E-02,9.453851E+02,1.094061E-01,1.151846E+03,1.734615E+03,8.506333E-02,3.928815E+03,3.337719E-02,0.000000E+00,0.000000E+00,5.626512E-02,1.593669E+03,1.805976E-01,1.898923E+03,2.867479E+03,1.290763E-01,6.207249E+03,5.626512E-02,0.000000E+00,0.000000E+00,3.337719E-02,9.453851E+02,1.191490E-01,1.260623E+03,1.854027E+03,8.423358E-02,3.904725E+03,3.337719E-02,0.000000E+00,0.000000E+00
01:20:00,7.422205E-02,2.107607E+03,2.477240E-01,2.605635E+03,3.787870E+03,7.422205E-02,5.399785E+03,7.422205E-02,0.000000E+00,0.000000E+00,5.626512E-02,1.597702E+03,1.804128E-01,1.892828E+03,2.860997E+03,1.378351E-01,6.461535E+03,5.626512E-02,0.000000E+00,0.000000E+00,3.337719E-02,9.477776E+02,1.086065E-01,1.140525E+03,1.722312E+03,8.506348E-02,3.928819E+03,3.337719E-02,0.000000E+00,0.000000E+00,5.626512E-02,1.597702E+03,1.794038E-01,1.881562E+03,2.848679E+03,1.290766E-01,6.207255E+03,5.626512E-02,0.000000E+00,0.000000E+00,3.337719E-02,9.477776E+02,1.179954E-01,1.245351E+03,1.837530E+03,8.423372E-02,3.904729E+03,3.337719E-02,0.000000E+00,0.000000E+00
01:30:00,7.422205E-02,2.112927E+03,2.471754E-01,2.594190E+03,3.775933E+03,7.422205E-02,5.399785E+03,7.422205E-02,0.000000E+00,0.000000E+00,5.626512E-02,1.601735E+03,1.791843E-01,1.875079E+03,2.841737E+03,1.378353E-01,6.461541E+03,5.626512E-02,0.000000E+00,0.000000E+00,3.337719E-02,9.501700E+02,1.078341E-01,1.129509E+03,1.710331E+03,8.506362E-02,3.928823E+03,3.337719E-02,0.000000E+00,0.000000E+00,5.626512E-02,1.601735E+03,1.782530E-01,1.864681E+03,2.830389E+03,1.290768E-01,6.207262E+03,5.626512E-02,0.000000E+00,0.000000E+00,3.337719E-02,9.501700E+02,1.168877E-01,1.230591E+03,1.821568E+03,8.423386E-02,3.904733E+03,3.337719E-02,0.000000E+00,0.000000E+00
01:40:00,7.422205E-02,2.118247E+03,2.466408E-01,2.582901E+03,3.764158E+03,7.422205E-02,5.399785E+03,7.422205E-02,0.000000E+00,0.000000E+00,5.626512E-02,1.605768E+03,1.779989E-01,1.857811E+03,2.822993E+03,1.378355E-01,6.461547E+03,5.626512E-02,0.000000E+00,0.000000E+00,3.337719E-02,9.525625E+02,1.070885E-01,1.118793E+03,1.698670E+03,8.506375E-02,3.928827E+03,3.337719E-02,0.000000E+00,0.000000E+00,5.626512E-02,1.605768E+03,1.771444E-01,1.848270E+03,2.812602E+03,1.290770E-01,6.207268E+03,5.626512E-02,0.000000E+00,0.000000E+00,3.337719E-02,9.525625E+02,1.158239E-01,1.216321E+03,1.806125E+03,8.423400E-02,3.904737E+03,3.337719E-02,0.000000E+00,0.000000E+00
01:50:00,7.422205E-02,2.123567E+03,2.461196E-01,2.571761E+03,3.752538E+03,7.422205E-02,5.399785E+03,7.422205E-02,0.000000E+00,0.000000E+00,5.626512E-02,1.609802E+03,1.768563E-01,1.841021E+03,2.804769E+03,1.378357E-01,6.461552E+03,5.626512E-02,0.000000E+00,0.000000E+00,3.337719E-02,9.549550E+02,1.063696E-01,1.108373E+03,1.687334E+03,8.506388E-02,3.928831E+03,3.337719E-02,0.000000E+00,0.000000E+00,5.626512E-02,1.609802E+03,1.760771E-01,1.832321E+03,2.795319E+03,1.290772E-01,6.207274E+03,5.626512E-02,0.000000E+00,0.000000E+00,3.337719E-02,9.549550E+02,1.148024E-01,1.202525E+03,1.791188E+03,8.423413E-02,3.904741E+03,3.337719E-02,0.000000E+00,0.000000E+00
02:00:00,7.422205E-02,2.128888E+03,2.456115E-01,2.560768E+03,3.741071E+03,7.422205E-02,5.399785E+03,7.422205E-02,0.000000E+00,0.000000E+00,5.626512E-02,1.613835E+03,1.757560E-01,1.824704E+03,2.787072E+03,1.378359E-01,6.461558E+03,5.626512E-02,0.000000E+00,0.000000E+00,3.337719E-02,9.573475E+02,1.056770E-01,1.098248E+03,1.676325E+03,8.506400E-02,3.928834E+03,3.337719E-02,0.000000E+00,0.000000E+00,5.626512E-02,1.613835E+03,1.750507E-01,1.816828E+03,2.778542E+03,1.290774E-01,6.207279E+03,5.626512E-02,0.000000E+00,0.000000E+00,3.337719E-02,9.573475E+02,1.138220E-01,1.189186E+03,1.776747E+03,8.423425E-02,3.904745E+03,3.337719E-02,0.000000E+00,0.000000E+00
02:10:00,7.422205E-02,2.132878E+03,2.451160E-01,2.551245E+03,3.731108E+03,7.422205E-02,5.399785E+03,7.422205E-02,0.000000E+00,0.000000E+00,5.626512E-02,1.616859E+03,1.746888E-01,1.809763E+03,2.770802E+03,1.378361E-01,6.461563E+03,5.626512E-02,0.000000E+00,0.000000E+00,3.337719E-02,9.591418E+02,1.050051E-01,1.088953E+03,1.666177E+03,8.506412E-02,3.928838E+03,3.337719E-02,0.000000E+00,0.000000E+00,5.626512E-02,1.616859E+03,1.740563E-01,1.802702E+03,2.763182E+03,1.290776E-01,6.207284E+03,5.626512E-02,0.000000E+00,0.000000E+00,3.337719E-02,9.591418E+02,1.128757E-01,1.176827E+03,1.763324E+03,8.423437E-02,3.904748E+03,3.337719E-02,0.000000E+00,0.000000E+00
02:20:00,7.422205E-02,2.136868E+03,2.446328E-01,2.541860E+03,3.721289E+03,7.422205E-02,5.399785E+03,7.422205E-02,0.000000E+00,0.000000E+00,5.626512E-02,1.619884E+03,1.736537E-01,1.795182E+03,2.754915E+03,1.378363E-01,6.461568E+03,5.626512E-02,0.000000E+00,0.000000E+00,3.337719E-02,9.609362E+02,1.043534E-01,1.079882E+03,1.656269E+03,8.506423E-02,3.928841E+03,3.337719E-02,0.000000E+00,0.000000E+00,5.626512E-02,1.619884E+03,1.730932E-01,1.788924E+03,2.748193E+03,1.290777E-01,6.207289E+03,5.626512E-02,0.000000E+00,0.000000E+00,3.337719E-02,9.609362E+02,1.119623E-01,1.164834E+03,1.750286E+03,8.423448E-02,3.904751E+03,3.337719E-02,0.000000E+00,0.000000E+00
02:30:00,7.422205E-02,2.140858E+03,2.441616E-01,2.532609E+03,3.711609E+03,7.422205E-02,5.399785E+03,7.422205E-02,0.000000E+00,0.000000E+00,5.626512E-02,1.622909E+03,1.726502E-01,1.780953E+03,2.739399E+03,1.378364E-01,6.461573E+03,5.626512E-02,0.000000E+00,0.000000E+00,3.337719E-02,9.627305E+02,1.037215E-01,1.071033E+03,1.646594E+03,8.506434E-02,3.928844E+03,3.337719E-02,0.000000E+00,0.000000E+00,5.626512E-02,1.622909E+03,1.721607E-01,1.775487E+03,2.733565E+03,1.290779E-01,6.207294E+03,5.626512E-02,0.000000E+00,0.000000E+00,3.337719E-02,9.627305E+02,1.110803E-01,1.153192E+03,1.737618E+03,8.423459E-02,3.904755E+03,3.337719E-02,0.000000E+00,0.000000E+00
02:40:00,7.422205E-02,2.144848E+03,2.437021E-01,2.523488E+03,3.702068E+03,7.422205E-02,5.399785E+03,7.422205E-02,0.000000E+00,0.000000E+00,5.626512E-02,1.625934E+03,1.716777E-01,1.767071E+03,2.724254E+03,1.378366E-01,6.461577E+03,5.626512E-02,0.000000E+00,0.000000E+00,3.337719E-02,9.645249E+02,1.031092E-01,1.062402E+03,1.637153E+03,8.506445E-02,3.928847E+03,3.337719E-02,0.000000E+00,0.000000E+00,5.626512E-02,1.625934E+03,1.712580E-01,1.762385E+03,2.719295E+03,1.290781E-01,6.207299E+03,5.626512E-02,0.000000E+00,0.000000E+00,3.337719E-02,9.645249E+02,1.102288E-01,1.141892E+03,1.725310E+03,8.423470E-02,3.904758E+03,3.337719E-02,0.000000E+00,0.000000E+00
02:50:00,7.422205E-02,2.148838E+03,2.432539E-01,2.514494E+03,3.692661E+03,7.422205E-02,5.399785E+03,7.422205E-02,0.000000E+00,0.000000E+00,5.626512E-02,1.628959E+03,1.707358E-01,1.753530E+03,2.709479E+03,1.378367E-01,6.461582E+03,5.626512E-02,0.000000E+00,0.000000E+00,3.337719E-02,9.663192E+02,1.025160E-01,1.053985E+03,1.627944E+03,8.506455E-02,3.928850E+03,3.337719E-02,0.000000E+00,0.000000E+00,5.626512E-02,1.628959E+03,1.703847E-01,1.749609E+03,2.705380E+03,1.290782E-01,6.207303E+03,5.626512E-02,0.000000E+00,0.000000E+00,3.337719E-02,9.663192E+02,1.094068E-01,1.130919E+03,1.713354E+03,8.423480E-02,3.904761E+03,3.337719E-02,0.000000E+00,0.000000E+00
03:00:00,7.422205E-02,2.152829E+03,2.428168E-01,2.505623E+03,3.683384E+03,7.422205E-02,5.399785E+03,7.422205E-02,0.000000E+00,0.000000E+00,5.626512E-02,1.631983E+03,1.698238E-01,1.740323E+03,2.695071E+03,1.378369E-01,6.461586E+03,5.626512E-02,0.000000E+00,0.000000E+00,3.337719E-02,9.681136E+02,1.019417E-01,1.045779E+03,1.618967E+03,8.506465E-02,3.928853E+03,3.337719E-02,0.000000E+00,0.000000E+00,5.626512E-02,1.631983E+03,1.695400E-01,1.737154E+03,2.691816E+03,1.290784E-01,6.207308E+03,5.626512E-02,0.000000E+00,0.000000E+00,3.337719E-02,9.681136E+02,1.086132E-01,1.120265E+03,1.701742E+03,8.423490E-02,3.904764E+03,3.337719E-02,0.000000E+00,0.000000E+00
03:10:00,7.422205E-02,2.156819E+03,2.423903E-01,2.496872E+03,3.674233E+03,7.422205E-02,5.399785E+03,7.422205E-02,0.000000E+00,0.000000E+00,5.626512E-02,1.635008E+03,1.689320E-01,1.727341E+03,2.680895E+03,1.378370E-01,6.461590E+03,5.626512E-02,0.000000E+00,0.000000E+00,3.337719E-02,9.699080E+02,1.013804E-01,1.037717E+03,1.610139E+03,8.506474E-02,3.928856E+03,3.337719E-02,0.000000E+00,0.000000E+00,5.626512E-02,1.635008E+03,1.687151E-01,1.724919E+03,2.678481E+03,1.290785E-01,6.207312E+03,5.626512E-02,0.000000E+00,0.000000E+00,3.337719E-02,9.699080E+02,1.078417E-01,1.109857E+03,1.690385E+03,8.423499E-02,3.904766E+03,3.337719E-02,0.000000E+00,0.000000E+00
03:20:00,7.422205E-02,2.160809E+03,2.419742E-01,2.488235E+03,3.665205E+03,7.422205E-02,5.399785E+03,7.422205E-02,0.000000E+00,0.000000E+00,5.626512E-02,1.638033E+03,1.680594E-01,1.714574E+03,2.666942E+03,1.378372E-01,6.461594E+03,5.626512E-02,0.000000E+00,0.000000E+00,3.337719E-02,9.717023E+02,1.008313E-01,1.029793E+03,1.601454E+03,8.506484E-02,3.928858E+03,3.337719E-02,0.000000E+00,0.000000E+00,5.626512E-02,1.638033E+03,1.679091E-01,1.712895E+03,2.665366E+03,1.290786E-01,6.207316E+03,5.626512E-02,0.000000E+00,0.000000E+00,3.337719E-02,9.717023E+02,1.070910E-01,1.099681E+03,1.679272E+03,8.423509E-02,3.904769E+03,3.337719E-02,0.000000E+00,0.000000E+00
03:30:00,7.422205E-02,2.164799E+03,2.415680E-01,2.479710E+03,3.656292E+03,7.422205E-02,5.399785E+03,7.422205E-02,0.000000E+00,0.000000E+00,5.626512E-02,1.641058E+03,1.672051E-01,1.702012E+03,2.653200E+03,1.378373E-01,6.461598E+03,5.626512E-02,0.000000E+00,0.000000E+00,3.337719E-02,9.734967E+02,1.002940E-01,1.022000E+03,1.592906E+03,8.506493E-02,3.928861E+03,3.337719E-02,0.000000E+00,0.000000E+00,5.626512E-02,1.641058E+03,1.671210E-01,1.701072E+03,2.652461E+03,1.290788E-01,6.207320E+03,5.626512E-02,0.000000E+00,0.000000E+00,3.337719E-02,9.734967E+02,1.063601E-01,1.089726E+03,1.668390E+03,8.423518E-02,3.904772E+03,3.337719E-02,0.000000E+00,0.000000E+00
03:40:00,7.422205E-02,2.168789E+03,2.411713E-01,2.471290E+03,3.647491E+03,7.422205E-02,5.399785E+03,7.422205E-02,0.000000E+00,0.000000E+00,5.626512E-02,1.644083E+03,1.663683E-01,1.689644E+03,2.639663E+03,1.378374E-01,6.461602E+03,5.626512E-02,0.000000E+00,0.000000E+00,3.337719E-02,9.752910E+02,9.976802E-02,1.014333E+03,1.584491E+03,8.506501E-02,3.928864E+03,3.337719E-02,0.000000E+00,0.000000E+00,5.626512E-02,1.644083E+03,1.663502E-01,1.689440E+03,2.639758E+03,1.290789E-01,6.207323E+03,5.626512E-02,0.000000E+00,0.000000E+00,3.337719E-02,9.752910E+02,1.056480E-01,1.079982E+03,1.657730E+03,8.423526E-02,3.904774E+03,3.337719E-02,0.000000E+00,0.000000E+00
03:50:00,7.422205E-02,2.172779E+03,2.407835E-01,2.462970E+03,3.638797E+03,7.422205E-02,5.399785E+03,7.422205E-02,0.000000E+00,0.000000E+00,5.626512E-02,1.647108E+03,1.655481E-01,1.677461E+03,2.626321E+03,1.378376E-01,6.461605E+03,5.626512E-02,0.000000E+00,0.000000E+00,3.337719E-02,9.770854E+02,9.925275E-02,1.006785E+03,1.576202E+03,8.506510E-02,3.928866E+03,3.337719E-02,0.000000E+00,0.000000E+00,5.626512E-02,1.647108E+03,1.655956E-01,1.677991E+03,2.627248E+03,1.290790E-01,6.207327E+03,5.626512E-02,0.000000E+00,0.000000E+00,3.337719E-02,9.770854E+02,1.049538E-01,1.070437E+03,1.647281E+03,8.423535E-02,3.904777E+03,3.337719E-02,0.000000E+00,0.000000E+00
04:00:00,7.422205E-02,2.176770E+03,2.404044E-01,2.454747E+03,3.630205E+03,7.422205E-02,5.399785E+03,7.422205E-02,0.000000E+00,0.000000E+00,5.626512E-02,1.650132E+03,1.647438E-01,1.665457E+03,2.613165E+03,1.378377E-01,6.461609E+03,5.626512E-02,0.000000E+00,0.000000E+00,3.337719E-02,9.788797E+02,9.874775E-02,9.993530E+02,1.568034E+03,8.506518E-02,3.928868E+03,3.337719E-02,0.000000E+00,0.000000E+00,5.626512E-02,1.650132E+03,1.648566E-01,1.666716E+03,2.614922E+03,1.290791E-01,6.207331E+03,5.626512E-02,0.000000E+00,0.000000E+00,3.337719E-02,9.788797E+02,1.042767E-01,1.061083E+03,1.637033E+03,8.423543E-02,3.904779E+03,3.337719E-02,0.000000E+00,0.000000E+00
04:10:00,7.422205E-02,2.179430E+03,2.400335E-01,2.447946E+03,3.623063E+03,7.422205E-02,5.399785E+03,7.422205E-02,0.000000E+00,0.000000E+00,5.626512E-02,1.652149E+03,1.639639E-01,1.654733E+03,2.601350E+03,1.378378E-01,6.461612E+03,5.626512E-02,0.000000E+00,0.000000E+00,3.337719E-02,9.800760E+02,9.825824E-02,9.926914E+02,1.560673E+03,8.506526E-02,3.928871E+03,3.337719E-02,0.000000E+00,0.000000E+00,5.626512E-02,1.652149E+03,1.641409E-01,1.656708E+03,2.603919E+03,1.290793E-01,6.207334E+03,5.626512E-02,0.000000E+00,0.000000E+00,3.337719E-02,9.800760E+02,1.036215E-01,1.052572E+03,1.627667E+03,8.423551E-02,3.904781E+03,3.337719E-02,0.000000E+00,0.000000E+00
04:20:00,7.422205E-02,2.182090E+03,2.396705E-01,2.441233E+03,3.616017E+03,7.422205E-02,5.399785E+03,7.422205E-02,0.000000E+00,0.000000E+00,5.626512E-02,1.654165E+03,1.632084E-01,1.644282E+03,2.589837E+03,1.378379E-01,6.461616E+03,5.626512E-02,0.000000E+00,0.000000E+00,3.337719E-02,9.812722E+02,9.778403E-02,9.862008E+02,1.553503E+03,8.506533E-02,3.928873E+03,3.337719E-02,0.000000E+00,0.000000E+00,5.626512E-02,1.654165E+03,1.634479E-01,1.646955E+03,2.593201E+03,1.290794E-01,6.207337E+03,5.626512E-02,0.000000E+00,0.000000E+00,3.337719E-02,9.812722E+02,1.029878E-01,1.044300E+03,1.618563E+03,8.423558E-02,3.904783E+03,3.337719E-02,0.000000E+00,0.000000E+00
04:30:00,7.422205E-02,2.184750E+03,2.393153E-01,2.434607E+03,3.609061E+03,7.422205E-02,5.399785E+03,7.422205E-02,0.000000E+00,0.000000E+00,5.626512E-02,1.656182E+03,1.624768E-01,1.634098E+03,2.578617E+03,1.378380E-01,6.461619E+03,5.626512E-02,0.000000E+00,0.000000E+00,3.337719E-02,9.824685E+02,9.732492E-02,9.798788E+02,1.546517E+03,8.506541E-02,3.928875E+03,3.337719E-02,0.000000E+00,0.000000E+00,5.626512E-02,1.656182E+03,1.627775E-01,1.637453E+03,2.582757E+03,1.290795E-01,6.207341E+03,5.626512E-02,0.000000E+00,0.000000E+00,3.337719E-02,9.824685E+02,1.023749E-01,1.036261E+03,1.609711E+03,8.423566E-02,3.904786E+03,3.337719E-02,0.000000E+00,0.000000E+00
04:40:00,7.422205E-02,2.187410E+03,2.389676E-01,2.428064E+03,3.602194E+03,7.422205E-02,5.399785E+03,7.422205E-02,0.000000E+00,0.000000E+00,5.626512E-02,1.658198E+03,1.617691E-01,1.624179E+03,2.567690E+03,1.378381E-01,6.461622E+03,5.626512E-02,0.000000E+00,0.000000E+00,3.337719E-02,9.836647E+02,9.688074E-02,9.737233E+02,1.539715E+03,8.506548E-02,3.928877E+03,3.337719E-02,0.000000E+00,0.000000E+00,5.626512E-02,1.658198E+03,1.621292E-01,1.628199E+03,2.572587E+03,1.290796E-01,6.207344E+03,5.626512E-02,0.000000E+00,0.000000E+00,3.337719E-02,9.836647E+02,1.017826E-01,1.028451E+03,1.601108E+03,8.423573E-02,3.904788E+03,3.337719E-02,0.000000E+00,0.000000E+00
04:50:00,7.422205E-02,2.190070E+03,2.386273E-01,2.421604E+03,3.595416E+03,7.422205E-02,5.399785E+03,7.422205E-02,0.000000E+00,0.000000E+00,5.626512E-02,1.660215E+03,1.610848E-01,1.614523E+03,2.557056E+03,1.378382E-01,6.461625E+03,5.626512E-02,0.000000E+00,0.000000E+00,3.337719E-02,9.848609E+02,9.645132E-02,9.677327E+02,1.533098E+03,8.506555E-02,3.928879E+03,3.337719E-02,0.000000E+00,0.000000E+00,5.626512E-02,1.660215E+03,1.615028E-01,1.619188E+03,2.562689E+03,1.290797E-01,6.207347E+03,5.626512E-02,0.000000E+00,0.000000E+00,3.337719E-02,9.848609E+02,1.012102E-01,1.020865E+03,1.592751E+03,8.423580E-02,3.904790E+03,3.337719E-02,0.000000E+00,0.000000E+00
05:00:00,7.422205E-02,2.192730E+03,2.383007E-01,2.415299E+03,3.588810E+03,7.422205E-02,5.399785E+03,7.422205E-02,0.000000E+00,0.000000E+00,5.626512E-02,1.662232E+03,1.606339E-01,1.607472E+03,2.549778E+03,1.378383E-01,6.461628E+03,5.626512E-02,0.000000E+00,0.000000E+00,3.337719E-02,9.860572E+02,9.660421E-02,9.682432E+02,1.534968E+03,8.506562E-02,3.928881E+03,3.337719E-02,0.000000E+00,0.000000E+00,5.626512E-02,1.662232E+03,1.614403E-01,1.616474E+03,2.560965E+03,1.290798E-01,6.207350E+03,5.626512E-02,0.000000E+00,0.000000E+00,3.337719E-02,9.860572E+02,1.007706E-01,1.014760E+03,1.586274E+03,8.423587E-02,3.904792E+03,3.337719E-02,0.000000E+00,0.000000E+00
05:10:00,7.422205E-02,2.190070E+03,2.380150E-01,2.414768E+03,3.588165E+03,7.422205E-02,5.399785E+03,7.422205E-02,0.000000E+00,0.000000E+00,5.626512E-02,1.660215E+03,1.604332E-01,1.607247E+03,2.549968E+03,1.378384E-01,6.461631E+03,5.626512E-02,0.000000E+00,0.000000E+00,3.337719E-02,9.848609E+02,9.745581E-02,9.789462E+02,1.548760E+03,8.506568E-02,3.928883E+03,3.337719E-02,0.000000E+00,0.000000E+00,5.626512E-02,1.660215E+03,1.621242E-01,1.626125E+03,2.573532E+03,1.290799E-01,6.207353E+03,5.626512E-02,0.000000E+00,0.000000E+00,3.337719E-02,9.848609E+02,1.004776E-01,1.012686E+03,1.584184E+03,8.423593E-02,3.904794E+03,3.337719E-02,0.000000E+00,0.000000E+00
05:20:00,7.422205E-02,2.187410E+03,2.378123E-01,2.415165E+03,3.588599E+03,7.422205E-02,5.399785E+03,7.422205E-02,0.000000E+00,0.000000E+00,5.626512E-02,1.658198E+03,1.605446E-01,1.610507E+03,2.554271E+03,1.378385E-01,6.461634E+03,5.626512E-02,0.000000E+00,0.000000E+00,3.337719E-02,9.836647E+02,9.962701E-02,1.004381E+03,1.580580E+03,8.506575E-02,3.928885E+03,3.337719E-02,0.000000E+00,0.000000E+00,5.626512E-02,1.658198E+03,1.634999E-01,1.643498E+03,2.594926E+03,1.290800E-01,6.207356E+03,5.626512E-02,0.000000E+00,0.000000E+00,3.337719E-02,9.836647E+02,1.003668E-01,1.012644E+03,1.584468E+03,8.423600E-02,3.904795E+03,3.337719E-02,0.000000E+00,0.000000E+00
05:30:00,7.422205E-02,2.184750E+03,2.377378E-01,2.416993E+03,3.590672E+03,7.422205E-02,5.399785E+03,7.422205E-02,0.000000E+00,0.000000E+00,5.626512E-02,1.656182E+03,1.607379E-01,1.614680E+03,2.559253E+03,1.378386E-01,6.461637E+03,5.626512E-02,0.000000E+00,0.000000E+00,3.337719E-02,9.824685E+02,1.031493E-01,1.044899E+03,1.629840E+03,8.506581E-02,3.928887E+03,3.337719E-02,0.000000E+00,0.000000E+00,5.626512E-02,1.656182E+03,1.657166E-01,1.670261E+03,2.627261E+03,1.290801E-01,6.207358E+03,5.626512E-02,0.000000E+00,0.000000E+00,3.337719E-02,9.824685E+02,1.004617E-01,1.014899E+03,1.587428E+03,8.423606E-02,3.904797E+03,3.337719E-02,0.000000E+00,0.000000E+00
05:40:00,7.422205E-02,2.182090E+03,2.378110E-01,2.420478E+03,3.594561E+03,7.422205E-02,5.399785E+03,7.422205E-02,0.000000E+00,0.000000E+00,5.626512E-02,1.654165E+03,1.612745E-01,1.622693E+03,2.568978E+03,1.378387E-01,6.461639E+03,5.626512E-02,0.000000E+00,0.000000E+00,3.337719E-02,9.812722E+02,1.086116E-01,1.107078E+03,1.703471E+03,8.506587E-02,3.928889E+03,3.337719E-02,0.000000E+00,0.000000E+00,5.626512E-02,1.654165E+03,1.689588E-01,1.708479E+03,2.672721E+03,1.290802E-01,6.207361E+03,5.626512E-02,0.000000E+00,0.000000E+00,3.337719E-02,9.812722E+02,1.006377E-01,1.018064E+03,1.591222E+03,8.423612E-02,3.904799E+03,3.337719E-02,0.000000E+00,0.000000E+00
05:50:00,7.422205E-02,2.179430E+03,2.380836E-01,2.426197E+03,3.600876E+03,7.422205E-02,5.399785E+03,7.422205E-02,0.000000E+00,0.000000E+00,5.626512E-02,1.652149E+03,1.622209E-01,1.635288E+03,2.584306E+03,1.378388E-01,6.461642E+03,5.626512E-02,0.000000E+00,0.000000E+00,3.337719E-02,9.800760E+02,1.159679E-01,1.190409E+03,1.801901E+03,8.506593E-02,3.928890E+03,3.337719E-02,0.000000E+00,0.000000E+00,5.626512E-02,1.652149E+03,1.727754E-01,1.753117E+03,2.725987E+03,1.290803E-01,6.207364E+03,5.626512E-02,0.000000E+00,0.000000E+00,3.337719E-02,9.800760E+02,1.010177E-01,1.023509E+03,1.597834E+03,8.423618E-02,3.904801E+03,3.337719E-02,0.000000E+00,0.000000E+00
06:00:00,7.422205E-02,2.176770E+03,2.385760E-01,2.434371E+03,3.610001E+03,7.422205E-02,5.399785E+03,7.422205E-02,0.000000E+00,0.000000E+00,5.626512E-02,1.650132E+03,1.634011E-01,1.650492E+03,2.602440E+03,1.378389E-01,6.461645E+03,5.626512E-02,0.000000E+00,0.000000E+00,3.337719E-02,9.788797E+02,1.247779E-01,1.289969E+03,1.913920E+03,8.506599E-02,3.928892E+03,3.337719E-02,0.000000E+00,0.000000E+00,5.626512E-02,1.650132E+03,1.766701E-01,1.798629E+03,2.778275E+03,1.290804E-01,6.207366E+03,5.626512E-02,0.000000E+00,0.000000E+00,3.337719E-02,9.788797E+02,1.015141E-01,1.030255E+03,1.605943E+03,8.423624E-02,3.904802E+03,3.337719E-02,0.000000E+00,0.000000E+00
06:10:00,7.422205E-02,2.167459E+03,2.392698E-01,2.451448E+03,3.628498E+03,7.422205E-02,5.399785E+03,7.422205E-02,0.000000E+00,0.000000E+00,5.626512E-02,1.643074E+03,1.648448E-01,1.673685E+03,2.629298E+03,1.378390E-01,6.461647E+03,5.626512E-02,0.000000E+00,0.000000E+00,3.337719E-02,9.746929E+02,1.350354E-01,1.408687E+03,2.048834E+03,8.506605E-02,3.928894E+03,3.337719E-02,0.000000E+00,0.000000E+00,5.626512E-02,1.643074E+03,1.804073E-01,1.847429E+03,2.834585E+03,1.290805E-01,6.207369E+03,5.626512E-02,0.000000E+00,0.000000E+00,3.337719E-02,9.746929E+02,1.021299E-01,1.041327E+03,1.618666E+03,8.423630E-02,3.904804E+03,3.337719E-02,0.000000E+00,0.000000E+00
06:20:00,7.422205E-02,2.158149E+03,2.401467E-01,2.470571E+03,3.649163E+03,7.422205E-02,5.399785E+03,7.422205E-02,0.000000E+00,0.000000E+00,5.626512E-02,1.636017E+03,1.662535E-01,1.696489E+03,2.654958E+03,1.378391E-01,6.461649E+03,5.626512E-02,0.000000E+00,0.000000E+00,3.337719E-02,9.705061E+02,1.461413E-01,1.536883E+03,2.189289E+03,8.506610E-02,3.928895E+03,3.337719E-02,0.000000E+00,0.000000E+00,5.626512E-02,1.636017E+03,1.839525E-01,1.894090E+03,2.887331E+03,1.290805E-01,6.207371E+03,5.626512E-02,0.000000E+00,0.000000E+00,3.337719E-02,9.705061E+02,1.028386E-01,1.053438E+03,1.632362E+03,8.423635E-02,3.904806E+03,3.337719E-02,0.000000E+00,0.000000E+00
06:30:00,7.422205E-02,2.148838E+03,2.411560E-01,2.491178E+03,3.671627E+03,7.422205E-02,5.399785E+03,7.422205E-02,0.000000E+00,0.000000E+00,5.626512E-02,1.628959E+03,1.680551E-01,1.723683E+03,2.686552E+03,1.378392E-01,6.461652E+03,5.626512E-02,0.000000E+00,0.000000E+00,3.337719E-02,9.663192E+02,1.580648E-01,1.674216E+03,2.340687E+03,8.506615E-02,3.928897E+03,3.337719E-02,0.000000E+00,0.000000E+00,5.626512E-02,1.628959E+03,1.868550E-01,1.933580E+03,2.931914E+03,1.290806E-01,6.207373E+03,5.626512E-02,0.000000E+00,0.000000E+00,3.337719E-02,9.663192E+02,1.036116E-01,1.066269E+03,1.646975E+03,8.423641E-02,3.904807E+03,3.337719E-02,0.000000E+00,0.000000E+00
06:40:00,7.422205E-02,2.139528E+03,2.422840E-01,2.513099E+03,3.695856E+03,7.422205E-02,5.399785E+03,7.422205E-02,0.000000E+00,0.000000E+00,5.626512E-02,1.621901E+03,1.700430E-01,1.752950E+03,2.721236E+03,1.378392E-01,6.461654E+03,5.626512E-02,0.000000E+00,0.000000E+00,3.337719E-02,9.621324E+02,1.702076E-01,1.813993E+03,2.498676E+03,8.506621E-02,3.928898E+03,3.337719E-02,0.000000E+00,0.000000E+00,5.626512E-02,1.621901E+03,1.888371E-01,1.962786E+03,2.965213E+03,1.290807E-01,6.207376E+03,5.626512E-02,0.000000E+00,0.000000E+00,3.337719E-02,9.621324E+02,1.045771E-01,1.081244E+03,1.664542E+03,8.423646E-02,3.904809E+03,3.337719E-02,0.000000E+00,0.000000E+00
06:50:00,7.422205E-02,2.130218E+03,2.434531E-01,2.535473E+03,3.720318E+03,7.422205E-02,5.399785E+03,7.422205E-02,0.000000E+00,0.000000E+00,5.626512E-02,1.614843E+03,1.721702E-01,1.783767E+03,2.757064E+03,1.378393E-01,6.461656E+03,5.626512E-02,0.000000E+00,0.000000E+00,3.337719E-02,9.579456E+02,1.825364E-01,1.955844E+03,2.651731E+03,8.506626E-02,3.928900E+03,3.337719E-02,0.000000E+00,0.000000E+00,5.626512E-02,1.614843E+03,1.902903E-01,1.986081E+03,2.990445E+03,1.290808E-01,6.207378E+03,5.626512E-02,0.000000E+00,0.000000E+00,3.337719E-02,9.579456E+02,1.054557E-01,1.095246E+03,1.680580E+03,8.423651E-02,3.904810E+03,3.337719E-02,0.000000E+00,0.000000E+00
07:00:00,7.422205E-02,2.120907E+03,2.446235E-01,2.557863E+03,3.744069E+03,7.422205E-02,5.399785E+03,7.422205E-02,0.000000E+00,0.000000E+00,5.626512E-02,1.607785E+03,1.745395E-01,1.817288E+03,2.794323E+03,1.378394E-01,6.461658E+03,5.626512E-02,0.000000E+00,0.000000E+00,3.337719E-02,9.537588E+02,1.951244E-01,2.100593E+03,2.793808E+03,8.506631E-02,3.928901E+03,3.337719E-02,0.000000E+00,0.000000E+00,5.626512E-02,1.607785E+03,1.912768E-01,2.004165E+03,3.007594E+03,1.290808E-01,6.207380E+03,5.626512E-02,0.000000E+00,0.000000E+00,3.337719E-02,9.537588E+02,1.064053E-01,1.110041E+03,1.696956E+03,8.423656E-02,3.904812E+03,3.337719E-02,0.000000E+00,0.000000E+00
07:10:00,7.422205E-02,2.098296E+03,2.457646E-01,2.593223E+03,3.781445E+03,7.422205E-02,5.399785E+03,7.422205E-02,0.000000E+00,0.000000E+00,5.626512E-02,1.590644E+03,1.775110E-01,1.867615E+03,2.846979E+03,1.354258E-01,6.391587E+03,5.626512E-02,0.000000E+00,0.000000E+00,3.337719E-02,9.435907E+02,2.079595E-01,2.254081E+03,2.945603E+03,8.345727E-02,3.882187E+03,3.337719E-02,0.000000E+00,0.000000E+00,5.626512E-02,1.590644E+03,1.923254E-01,2.033024E+03,3.032534E+03,1.266673E-01,6.137309E+03,5.626512E-02,0.000000E+00,0.000000E+00,3.337719E-02,9.435907E+02,1.077053E-01,1.134729E+03,1.721780E+03,8.262752E-02,3.858098E+03,3.337719E-02,0.000000E+00,0.000000E+00
07:20:00,7.422205E-02,2.075685E+03,2.468425E-01,2.627875E+03,3.818251E+03,7.422205E-02,5.399785E+03,7.422205E-02,0.000000E+00,0.000000E+00,5.626512E-02,1.573504E+03,1.809071E-01,1.922678E+03,2.905067E+03,1.330102E-01,6.321455E+03,5.626512E-02,0.000000E+00,0.000000E+00,3.337719E-02,9.334227E+02,2.206205E-01,2.405622E+03,3.097846E+03,8.184681E-02,3.835430E+03,3.337719E-02,0.000000E+00,0.000000E+00,5.626512E-02,1.573504E+03,1.933480E-01,2.061588E+03,3.056715E+03,1.242515E-01,6.067172E+03,5.626512E-02,0.000000E+00,0.000000E+00,3.337719E-02,9.334227E+02,1.090764E-01,1.160209E+03,1.747066E+03,8.101705E-02,3.811340E+03,3.337719E-02,0.000000E+00,0.000000E+00
07:30:00,7.422205E-02,2.053074E+03,2.478432E-01,2.661663E+03,3.853790E+03,7.422205E-02,5.399785E+03,7.422205E-02,0.000000E+00,0.000000E+00,5.626512E-02,1.556363E+03,1.842516E-01,1.977164E+03,2.960877E+03,1.305945E-01,6.251318E+03,5.626512E-02,0.000000E+00,0.000000E+00,3.337719E-02,9.232547E+02,2.328464E-01,2.552306E+03,3.239410E+03,8.023634E-02,3.788672E+03,3.337719E-02,0.000000E+00,0.000000E+00,5.626512E-02,1.556363E+03,1.946966E-01,2.093790E+03,3.084354E+03,1.218358E-01,5.997036E+03,5.626512E-02,0.000000E+00,0.000000E+00,3.337719E-02,9.232547E+02,1.105352E-01,1.186667E+03,1.772782E+03,7.940658E-02,3.764583E+03,3.337719E-02,0.000000E+00,0.000000E+00
07:40:00,7.422205E-02,2.030463E+03,2.487731E-01,2.694662E+03,3.887565E+03,7.422205E-02,5.399785E+03,7.422205E-02,0.000000E+00,0.000000E+00,5.626512E-02,1.539223E+03,1.876967E-01,2.032777E+03,3.011347E+03,1.281774E-01,6.181141E+03,5.626512E-02,0.000000E+00,0.000000E+00,3.337719E-02,9.130867E+02,2.444646E-01,2.692212E+03,3.358119E+03,7.862496E-02,3.741887E+03,3.337719E-02,0.000000E+00,0.000000E+00,5.626512E-02,1.539223E+03,1.962097E-01,2.127831E+03,3.108605E+03,1.194188E-01,5.926861E+03,5.626512E-02,0.000000E+00,0.000000E+00,3.337719E-02,9.130867E+02,1.120959E-01,1.214264E+03,1.796086E+03,7.779520E-02,3.717798E+03,3.337719E-02,0.000000E+00,0.000000E+00
07:50:00,7.422205E-02,2.007852E+03,2.496775E-01,2.727375E+03,3.920889E+03,7.422205E-02,5.399785E+03,7.422205E-02,0.000000E+00,0.000000E+00,5.626512E-02,1.522082E+03,1.912667E-01,2.089783E+03,3.063159E+03,1.257592E-01,6.110931E+03,5.626512E-02,0.000000E+00,0.000000E+00,3.337719E-02,9.029187E+02,2.554386E-01,2.824926E+03,3.474162E+03,7.701288E-02,3.695081E+03,3.337719E-02,0.000000E+00,0.000000E+00,5.626512E-02,1.522082E+03,1.981644E-01,2.166803E+03,3.139628E+03,1.170007E-01,5.856655E+03,5.626512E-02,0.000000E+00,0.000000E+00,3.337719E-02,9.029187E+02,1.139269E-01,1.244879E+03,1.823111E+03,7.618314E-02,3.670992E+03,3.337719E-02,0.000000E+00,0.000000E+00
08:00:00,7.422205E-02,1.985241E+03,2.505937E-01,2.760219E+03,3.954444E+03,7.422205E-02,5.399785E+03,7.422205E-02,0.000000E+00,0.000000E+00,5.626512E-02,1.504941E+03,1.948340E-01,2.146759E+03,3.116389E+03,1.233401E-01,6.040693E+03,5.626512E-02,0.000000E+00,0.000000E+00,3.337719E-02,8.927507E+02,2.654494E-01,2.946884E+03,3.586982E+03,7.540018E-02,3.648256E+03,3.337719E-02,0.000000E+00,0.000000E+00,5.626512E-02,1.504941E+03,2.005105E-01,2.210143E+03,3.177909E+03,1.145818E-01,5.786423E+03,5.626512E-02,0.000000E+00,0.000000E+00,3.337719E-02,8.927507E+02,1.158568E-01,1.276598E+03,1.852463E+03,7.457045E-02,3.624168E+03,3.337719E-02,0.000000E+00,0.000000E+00
08:10:00,7.422205E-02,1.959970E+03,2.515654E-01,2.796340E+03,3.991467E+03,7.422205E-02,5.399785E+03,7.422205E-02,0.000000E+00,0.000000E+00,5.626512E-02,1.485784E+03,1.979971E-01,2.201236E+03,3.167249E+03,1.233338E-01,6.040501E+03,5.626512E-02,0.000000E+00,0.000000E+00,3.337719E-02,8.813864E+02,2.742732E-01,3.056781E+03,3.692143E+03,7.539600E-02,3.648129E+03,3.337719E-02,0.000000E+00,0.000000E+00,5.626512E-02,1.485784E+03,2.027890E-01,2.254744E+03,3.218600E+03,1.145756E-01,5.786238E+03,5.626512E-02,0.000000E+00,0.000000E+00,3.337719E-02,8.813864E+02,1.176013E-01,1.307442E+03,1.881192E+03,7.456629E-02,3.624041E+03,3.337719E-02,0.000000E+00,0.000000E+00
08:20:00,7.422205E-02,1.934699E+03,2.526201E-01,2.833390E+03,4.029575E+03,7.422205E-02,5.399785E+03,7.422205E-02,0.000000E+00,0.000000E+00,5.626512E-02,1.466627E+03,2.011674E-01,2.255795E+03,3.219209E+03,1.233287E-01,6.040347E+03,5.626512E-02,0.000000E+00,0.000000E+00,3.337719E-02,8.700222E+02,2.821637E-01,3.156261E+03,3.789681E+03,7.539272E-02,3.648029E+03,3.337719E-02,0.000000E+00,0.000000E+00,5.626512E-02,1.466627E+03,2.051881E-01,2.300692E+03,3.261920E+03,1.145709E-01,5.786095E+03,5.626512E-02,0.000000E+00,0.000000E+00,3.337719E-02,8.700222E+02,1.194402E-01,1.339341E+03,1.911799E+03,7.456305E-02,3.623942E+03,3.337719E-02,0.000000E+00,0.000000E+00
08:30:00,7.422205E-02,1.909428E+03,2.537911E-01,2.871737E+03,4.069183E+03,7.422205E-02,5.399785E+03,7.422205E-02,0.000000E+00,0.000000E+00,5.626512E-02,1.447470E+03,2.046181E-01,2.313485E+03,3.275820E+03,1.233230E-01,6.040174E+03,5.626512E-02,0.000000E+00,0.000000E+00,3.337719E-02,8.586579E+02,2.892182E-01,3.246403E+03,3.879578E+03,7.538898E-02,3.647916E+03,3.337719E-02,0.000000E+00,0.000000E+00,5.626512E-02,1.447470E+03,2.076651E-01,2.347508E+03,3.307044E+03,1.145655E-01,5.785930E+03,5.626512E-02,0.000000E+00,0.000000E+00,3.337719E-02,8.586579E+02,1.213695E-01,1.372249E+03,1.944076E+03,7.455933E-02,3.623830E+03,3.337719E-02,0.000000E+00,0.000000E+00
08:40:00,7.422205E-02,1.884157E+03,2.550770E-01,2.911366E+03,4.110255E+03,7.422205E-02,5.399785E+03,7.422205E-02,0.000000E+00,0.000000E+00,5.626512E-02,1.428313E+03,2.081430E-01,2.372001E+03,3.334075E+03,1.233180E-01,6.040024E+03,5.626512E-02,0.000000E+00,0.000000E+00,3.337719E-02,8.472937E+02,2.954520E-01,3.327378E+03,3.961286E+03,7.538572E-02,3.647817E+03,3.337719E-02,0.000000E+00,0.000000E+00,5.626512E-02,1.428313E+03,2.104805E-01,2.398103E+03,3.357323E+03,1.145607E-01,5.785786E+03,5.626512E-02,0.000000E+00,0.000000E+00,3.337719E-02,8.472937E+02,1.233779E-01,1.406039E+03,1.977748E+03,7.455608E-02,3.623732E+03,3.337719E-02,0.000000E+00,0.000000E+00
08:50:00,7.422205E-02,1.858886E+03,2.564662E-01,2.952149E+03,4.152627E+03,7.422205E-02,5.399785E+03,7.422205E-02,0.000000E+00,0.000000E+00,5.626512E-02,1.409156E+03,2.117706E-01,2.431664E+03,3.394169E+03,1.233135E-01,6.039887E+03,5.626512E-02,0.000000E+00,0.000000E+00,3.337719E-02,8.359294E+02,3.008168E-01,3.398649E+03,4.033770E+03,7.538276E-02,3.647727E+03,3.337719E-02,0.000000E+00,0.000000E+00,5.626512E-02,1.409156E+03,2.134203E-01,2.450086E+03,3.409690E+03,1.145563E-01,5.785654E+03,5.626512E-02,0.000000E+00,0.000000E+00,3.337719E-02,8.359294E+02,1.254583E-01,1.440633E+03,2.012630E+03,7.455314E-02,3.623643E+03,3.337719E-02,0.000000E+00,0.000000E+00
09:00:00,7.422205E-02,1.833615E+03,2.579404E-01,2.993880E+03,4.196049E+03,7.422205E-02,5.399785E+03,7.422205E-02,0.000000E+00,0.000000E+00,5.626512E-02,1.389999E+03,2.155181E-01,2.492665E+03,3.456112E+03,1.233094E-01,6.039763E+03,5.626512E-02,0.000000E+00,0.000000E+00,3.337719E-02,8.245651E+02,3.052673E-01,3.459708E+03,4.096211E+03,7.538006E-02,3.647646E+03,3.337719E-02,0.000000E+00,0.000000E+00,5.626512E-02,1.389999E+03,2.164285E-01,2.502833E+03,3.463282E+03,1.145523E-01,5.785534E+03,5.626512E-02,0.000000E+00,0.000000E+00,3.337719E-02,8.245651E+02,1.276024E-01,1.475938E+03,2.048538E+03,7.455045E-02,3.623562E+03,3.337719E-02,0.000000E+00,0.000000E+00
09:10:00,7.422205E-02,1.811004E+03,2.594820E-01,3.033704E+03,4.237574E+03,7.422205E-02,5.399785E+03,7.422205E-02,0.000000E+00,0.000000E+00,5.626512E-02,1.372858E+03,2.193811E-01,2.552941E+03,3.517668E+03,1.233057E-01,6.039651E+03,5.626512E-02,0.000000E+00,0.000000E+00,3.337719E-02,8.143971E+02,3.087484E-01,3.508747E+03,4.146577E+03,7.537761E-02,3.647573E+03,3.337719E-02,0.000000E+00,0.000000E+00,5.626512E-02,1.372858E+03,2.194697E-01,2.553931E+03,3.515493E+03,1.145486E-01,5.785424E+03,5.626512E-02,0.000000E+00,0.000000E+00,3.337719E-02,8.143971E+02,1.297868E-01,1.510496E+03,2.083889E+03,7.454801E-02,3.623488E+03,3.337719E-02,0.000000E+00,0.000000E+00
09:20:00,7.422205E-02,1.788393E+03,2.610784E-01,3.074138E+03,4.280856E+03,7.422205E-02,5.399785E+03,7.422205E-02,0.000000E+00,0.000000E+00,5.626512E-02,1.355718E+03,2.235641E-01,2.616785E+03,3.587147E+03,1.233023E-01,6.039550E+03,5.626512E-02,0.000000E+00,0.000000E+00,3.337719E-02,8.042291E+02,3.108590E-01,3.542481E+03,4.182100E+03,7.537538E-02,3.647506E+03,3.337719E-02,0.000000E+00,0.000000E+00,5.626512E-02,1.355718E+03,2.225306E-01,2.605248E+03,3.570970E+03,1.145452E-01,5.785324E+03,5.626512E-02,0.000000E+00,0.000000E+00,3.337719E-02,8.042291E+02,1.320036E-01,1.545416E+03,2.121832E+03,7.454578E-02,3.623422E+03,3.337719E-02,0.000000E+00,0.000000E+00
09:30:00,7.422205E-02,1.765782E+03,2.627120E-01,3.114986E+03,4.323556E+03,7.422205E-02,5.399785E+03,7.422205E-02,0.000000E+00,0.000000E+00,5.626512E-02,1.338577E+03,2.283987E-01,2.687906E+03,3.661317E+03,1.232992E-01,6.039458E+03,5.626512E-02,0.000000E+00,0.000000E+00,3.337719E-02,7.940611E+02,3.113492E-01,3.558119E+03,4.198603E+03,7.537337E-02,3.647445E+03,3.337719E-02,0.000000E+00,0.000000E+00,5.626512E-02,1.338577E+03,2.256905E-01,2.657669E+03,3.625228E+03,1.145422E-01,5.785233E+03,5.626512E-02,0.000000E+00,0.000000E+00,3.337719E-02,7.940611E+02,1.343065E-01,1.581297E+03,2.159027E+03,7.454377E-02,3.623361E+03,3.337719E-02,0.000000E+00,0.000000E+00
09:40:00,7.422205E-02,1.743171E+03,2.643701E-01,3.156111E+03,4.367145E+03,7.422205E-02,5.399785E+03,7.422205E-02,0.000000E+00,0.000000E+00,5.626512E-02,1.321436E+03,2.339017E-01,2.766490E+03,3.745702E+03,1.232964E-01,6.039375E+03,5.626512E-02,0.000000E+00,0.000000E+00,3.337719E-02,7.838931E+02,3.103215E-01,3.556813E+03,4.197699E+03,7.537154E-02,3.647391E+03,3.337719E-02,0.000000E+00,0.000000E+00,5.626512E-02,1.321436E+03,2.288622E-01,2.710223E+03,3.681045E+03,1.145394E-01,5.785151E+03,5.626512E-02,0.000000E+00,0.000000E+00,3.337719E-02,7.838931E+02,1.366420E-01,1.617541E+03,2.197654E+03,7.454194E-02,3.623307E+03,3.337719E-02,0.000000E+00,0.000000E+00
09:50:00,7.422205E-02,1.720560E+03,2.660520E-01,3.197499E+03,4.411410E+03,7.422205E-02,5.399785E+03,7.422205E-02,0.000000E+00,0.000000E+00,5.626512E-02,1.304296E+03,2.400605E-01,2.852396E+03,3.839640E+03,1.232939E-01,6.039300E+03,5.626512E-02,0.000000E+00,0.000000E+00,3.337719E-02,7.737251E+02,3.077790E-01,3.538590E+03,4.178842E+03,7.536989E-02,3.647342E+03,3.337719E-02,0.000000E+00,0.000000E+00,5.626512E-02,1.304296E+03,2.320236E-01,2.762661E+03,3.737660E+03,1.145369E-01,5.785075E+03,5.626512E-02,0.000000E+00,0.000000E+00,3.337719E-02,7.737251E+02,1.389975E-01,1.654009E+03,2.237207E+03,7.454028E-02,3.623258E+03,3.337719E-02,0.000000E+00,0.000000E+00
10:00:00,7.422205E-02,1.697949E+03,2.677409E-01,3.238968E+03,4.455353E+03,7.422205E-02,5.399785E+03,7.422205E-02,0.000000E+00,0.000000E+00,5.626512E-02,1.287155E+03,2.468922E-01,2.945815E+03,3.940213E+03,1.232917E-01,6.039233E+03,5.626512E-02,0.000000E+00,0.000000E+00,3.337719E-02,7.635571E+02,3.037254E-01,3.503497E+03,4.142654E+03,7.536839E-02,3.647297E+03,3.337719E-02,0.000000E+00,0.000000E+00,5.626512E-02,1.287155E+03,2.351547E-01,2.814762E+03,3.792995E+03,1.145346E-01,5.785007E+03,5.626512E-02,0.000000E+00,0.000000E+00,3.337719E-02,7.635571E+02,1.413605E-01,1.690561E+03,2.276159E+03,7.453879E-02,3.623213E+03,3.337719E-02,0.000000E+00,0.000000E+00
10:10:00,7.422205E-02,1.677998E+03,2.694339E-01,3.277821E+03,4.495276E+03,7.422205E-02,5.399785E+03,7.422205E-02,0.000000E+00,0.000000E+00,5.626512E-02,1.272031E+03,2.544117E-01,3.044899E+03,4.041275E+03,1.232896E-01,6.039172E+03,5.626512E-02,0.000000E+00,0.000000E+00,3.337719E-02,7.545853E+02,2.981947E-01,3.450715E+03,4.089634E+03,7.536705E-02,3.647257E+03,3.337719E-02,0.000000E+00,0.000000E+00,5.626512E-02,1.272031E+03,2.382481E-01,2.864425E+03,3.842939E+03,1.145325E-01,5.784945E+03,5.626512E-02,0.000000E+00,0.000000E+00,3.337719E-02,7.545853E+02,1.437261E-01,1.725947E+03,2.311719E+03,7.453744E-02,3.623173E+03,3.337719E-02,0.000000E+00,0.000000E+00
10:20:00,7.422205E-02,1.658047E+03,2.711234E-01,3.316638E+03,4.536523E+03,7.422205E-02,5.399785E+03,7.422205E-02,0.000000E+00,0.000000E+00,5.626512E-02,1.256907E+03,2.624383E-01,3.149644E+03,4.154522E+03,1.232878E-01,6.039117E+03,5.626512E-02,0.000000E+00,0.000000E+00,3.337719E-02,7.456135E+02,2.916256E-01,3.386339E+03,4.021981E+03,7.536583E-02,3.647221E+03,3.337719E-02,0.000000E+00,0.000000E+00,5.626512E-02,1.256907E+03,2.412971E-01,2.913594E+03,3.895319E+03,1.145306E-01,5.784889E+03,5.626512E-02,0.000000E+00,0.000000E+00,3.337719E-02,7.456135E+02,1.459101E-01,1.759304E+03,2.347265E+03,7.453622E-02,3.623137E+03,3.337719E-02,0.000000E+00,0.000000E+00
10:30:00,7.422205E-02,1.638096E+03,2.728034E-01,3.355346E+03,4.576331E+03,7.422205E-02,5.399785E+03,7.422205E-02,0.000000E+00,0.000000E+00,5.626512E-02,1.241783E+03,2.706479E-01,3.256434E+03,4.263487E+03,1.232861E-01,6.039067E+03,5.626512E-02,0.000000E+00,0.000000E+00,3.337719E-02,7.366417E+02,2.843703E-01,3.314301E+03,3.948956E+03,7.536473E-02,3.647188E+03,3.337719E-02,0.000000E+00,0.000000E+00,5.626512E-02,1.241783E+03,2.442010E-01,2.961142E+03,3.943260E+03,1.145289E-01,5.784838E+03,5.626512E-02,0.000000E+00,0.000000E+00,3.337719E-02,7.366417E+02,1.479622E-01,1.791189E+03,2.379337E+03,7.453512E-02,3.623104E+03,3.337719E-02,0.000000E+00,0.000000E+00
10:40:00,7.422205E-02,1.618145E+03,2.744700E-01,3.393904E+03,4.615600E+03,7.422205E-02,5.399785E+03,7.422205E-02,0.000000E+00,0.000000E+00,5.626512E-02,1.226659E+03,2.790154E-01,3.364984E+03,4.372429E+03,1.232846E-01,6.039023E+03,5.626512E-02,0.000000E+00,0.000000E+00,3.337719E-02,7.276699E+02,2.764246E-01,3.234551E+03,3.868126E+03,7.536374E-02,3.647159E+03,3.337719E-02,0.000000E+00,0.000000E+00,5.626512E-02,1.226659E+03,2.470320E-01,3.007874E+03,3.989720E+03,1.145273E-01,5.784792E+03,5.626512E-02,0.000000E+00,0.000000E+00,3.337719E-02,7.276699E+02,1.499499E-01,1.822354E+03,2.410182E+03,7.453412E-02,3.623074E+03,3.337719E-02,0.000000E+00,0.000000E+00
10:50:00,7.422205E-02,1.598195E+03,2.761145E-01,3.432213E+03,4.656314E+03,7.422205E-02,5.399785E+03,7.422205E-02,0.000000E+00,0.000000E+00,5.626512E-02,1.211535E+03,2.874633E-01,3.474430E+03,4.490151E+03,1.232832E-01,6.038982E+03,5.626512E-02,0.000000E+00,0.000000E+00,3.337719E-02,7.186982E+02,2.679345E-01,3.148721E+03,3.776876E+03,7.536284E-02,3.647132E+03,3.337719E-02,0.000000E+00,0.000000E+00,5.626512E-02,1.211535E+03,2.498037E-01,3.053943E+03,4.038789E+03,1.145259E-01,5.784751E+03,5.626512E-02,0.000000E+00,0.000000E+00,3.337719E-02,7.186982E+02,1.518795E-01,1.852869E+03,2.442661E+03,7.453322E-02,3.623048E+03,3.337719E-02,0.000000E+00,0.000000E+00
11:00:00,7.422205E-02,1.578244E+03,2.777340E-01,3.470240E+03,4.695580E+03,7.422205E-02,5.399785E+03,7.422205E-02,0.000000E+00,0.000000E+00,5.626512E-02,1.196411E+03,2.959120E-01,3.583880E+03,4.602115E+03,1.232820E-01,6.038946E+03,5.626512E-02,0.000000E+00,0.000000E+00,3.337719E-02,7.097264E+02,2.590816E-01,3.058837E+03,3.684465E+03,7.536203E-02,3.647109E+03,3.337719E-02,0.000000E+00,0.000000E+00,5.626512E-02,1.196411E+03,2.525199E-01,3.099388E+03,4.085146E+03,1.145246E-01,5.784713E+03,5.626512E-02,0.000000E+00,0.000000E+00,3.337719E-02,7.097264E+02,1.537519E-01,1.882743E+03,2.472933E+03,7.453240E-02,3.623024E+03,3.337719E-02,0.000000E+00,0.000000E+00
11:10:00,7.422205E-02,1.564943E+03,2.793208E-01,3.501250E+03,4.727086E+03,7.422205E-02,5.399785E+03,7.422205E-02,0.000000E+00,0.000000E+00,5.626512E-02,1.186328E+03,3.042513E-01,3.687067E+03,4.704882E+03,1.232809E-01,6.038913E+03,5.626512E-02,0.000000E+00,0.000000E+00,3.337719E-02,7.037452E+02,2.500504E-01,2.963971E+03,3.587789E+03,7.536130E-02,3.647087E+03,3.337719E-02,0.000000E+00,0.000000E+00,5.626512E-02,1.186328E+03,2.551586E-01,3.138926E+03,4.124491E+03,1.145235E-01,5.784678E+03,5.626512E-02,0.000000E+00,0.000000E+00,3.337719E-02,7.037452E+02,1.555509E-01,1.908807E+03,2.498556E+03,7.453166E-02,3.623002E+03,3.337719E-02,0.000000E+00,0.000000E+00
11:20:00,7.422205E-02,1.551643E+03,2.808699E-01,3.531842E+03,4.758297E+03,7.422205E-02,5.399785E+03,7.422205E-02,0.000000E+00,0.000000E+00,5.626512E-02,1.176246E+03,3.124036E-01,3.788169E+03,4.806407E+03,1.232799E-01,6.038883E+03,5.626512E-02,0.000000E+00,0.000000E+00,3.337719E-02,6.977640E+02,2.414933E-01,2.874403E+03,3.495936E+03,7.536063E-02,3.647067E+03,3.337719E-02,0.000000E+00,0.000000E+00,5.626512E-02,1.176246E+03,2.577169E-01,3.177569E+03,4.163322E+03,1.145224E-01,5.784647E+03,5.626512E-02,0.000000E+00,0.000000E+00,3.337719E-02,6.977640E+02,1.574505E-01,1.935995E+03,2.525862E+03,7.453099E-02,3.622982E+03,3.337719E-02,0.000000E+00,0.000000E+00
11:30:00,7.422205E-02,1.538342E+03,2.823858E-01,3.562064E+03,4.789230E+03,7.422205E-02,5.399785E+03,7.422205E-02,0.000000E+00,0.000000E+00,5.626512E-02,1.166163E+03,3.203029E-01,3.886447E+03,4.905672E+03,1.232790E-01,6.038856E+03,5.626512E-02,0.000000E+00,0.000000E+00,3.337719E-02,6.917828E+02,2.339545E-01,2.796203E+03,3.415108E+03,7.536003E-02,3.647049E+03,3.337719E-02,0.000000E+00,0.000000E+00,5.626512E-02,1.166163E+03,2.601984E-01,3.215354E+03,4.201573E+03,1.145214E-01,5.784618E+03,5.626512E-02,0.000000E+00,0.000000E+00,3.337719E-02,6.917828E+02,1.593304E-01,1.962964E+03,2.553194E+03,7.453038E-02,3.622964E+03,3.337719E-02,0.000000E+00,0.000000E+00
11:40:00,7.422205E-02,1.525041E+03,2.838771E-01,3.592007E+03,4.821337E+03,7.422205E-02,5.399785E+03,7.422205E-02,0.000000E+00,0.000000E+00,5.626512E-02,1.156080E+03,3.278928E-01,3.981264E+03,5.007466E+03,1.232781E-01,6.038832E+03,5.626512E-02,0.000000E+00,0.000000E+00,3.337719E-02,6.858016E+02,2.276469E-01,2.731748E+03,3.345010E+03,7.535947E-02,3.647033E+03,3.337719E-02,0.000000E+00,0.000000E+00,5.626512E-02,1.156080E+03,2.626100E-01,3.252355E+03,4.241384E+03,1.145206E-01,5.784592E+03,5.626512E-02,0.000000E+00,0.000000E+00,3.337719E-02,6.858016E+02,1.611654E-01,1.989428E+03,2.581741E+03,7.452983E-02,3.622948E+03,3.337719E-02,0.000000E+00,0.000000E+00
11:50:00,7.422205E-02,1.511741E+03,2.853314E-01,3.621535E+03,4.852324E+03,7.422205E-02,5.399785E+03,7.422205E-02,0.000000E+00,0.000000E+00,5.626512E-02,1.145997E+03,3.351051E-01,4.071864E+03,5.101705E+03,1.232774E-01,6.038809E+03,5.626512E-02,0.000000E+00,0.000000E+00,3.337719E-02,6.798205E+02,2.226183E-01,2.681574E+03,3.291394E+03,7.535897E-02,3.647018E+03,3.337719E-02,0.000000E+00,0.000000E+00,5.626512E-02,1.145997E+03,2.649406E-01,3.288450E+03,4.279149E+03,1.145197E-01,5.784569E+03,5.626512E-02,0.000000E+00,0.000000E+00,3.337719E-02,6.798205E+02,1.629423E-01,2.015244E+03,2.608783E+03,7.452932E-02,3.622933E+03,3.337719E-02,0.000000E+00,0.000000E+00
12:00:00,7.422205E-02,1.498440E+03,2.867547E-01,3.650720E+03,4.881971E+03,7.422205E-02,5.399785E+03,7.422205E-02,0.000000E+00,0.000000E+00,5.626512E-02,1.135915E+03,3.418905E-01,4.157698E+03,5.186873E+03,1.232767E-01,6.038789E+03,5.626512E-02,0.000000E+00,0.000000E+00,3.337719E-02,6.738393E+02,2.188849E-01,2.645861E+03,3.254981E+03,7.535851E-02,3.647005E+03,3.337719E-02,0.000000E+00,0.000000E+00,5.626512E-02,1.135915E+03,2.671944E-01,3.323690E+03,4.314482E+03,1.145190E-01,5.784547E+03,5.626512E-02,0.000000E+00,0.000000E+00,3.337719E-02,6.738393E+02,1.646587E-01,2.040385E+03,2.633974E+03,7.452886E-02,3.622919E+03,3.337719E-02,0.000000E+00,0.000000E+00
12:10:00,7.422205E-02,1.487800E+03,2.881480E-01,3.676908E+03,4.908682E+03,7.422205E-02,5.399785E+03,7.422205E-02,0.000000E+00,0.000000E+00,5.626512E-02,1.127849E+03,3.482250E-01,4.236482E+03,5.265691E+03,1.232760E-01,6.038770E+03,5.626512E-02,0.000000E+00,0.000000E+00,3.337719E-02,6.690543E+02,2.164294E-01,2.623222E+03,3.232243E+03,7.535809E-02,3.646993E+03,3.337719E-02,0.000000E+00,0.000000E+00,5.626512E-02,1.127849E+03,2.693900E-01,3.356262E+03,4.347366E+03,1.145183E-01,5.784527E+03,5.626512E-02,0.000000E+00,0.000000E+00,3.337719E-02,6.690543E+02,1.663233E-01,2.063750E+03,2.657552E+03,7.452844E-02,3.622907E+03,3.337719E-02,0.000000E+00,0.000000E+00
12:20:00,7.422205E-02,1.477159E+03,2.895099E-01,3.702746E+03,4.935126E+03,7.422205E-02,5.399785E+03,7.422205E-02,0.000000E+00,0.000000E+00,5.626512E-02,1.119782E+03,3.540664E-01,4.309760E+03,5.339503E+03,1.232754E-01,6.038753E+03,5.626512E-02,0.000000E+00,0.000000E+00,3.337719E-02,6.642694E+02,2.147359E-01,2.609090E+03,3.218314E+03,7.535771E-02,3.646981E+03,3.337719E-02,0.000000E+00,0.000000E+00,5.626512E-02,1.119782E+03,2.715277E-01,3.388188E+03,4.379807E+03,1.145177E-01,5.784509E+03,5.626512E-02,0.000000E+00,0.000000E+00,3.337719E-02,6.642694E+02,1.679337E-01,2.086510E+03,2.680664E+03,7.452805E-02,3.622896E+03,3.337719E-02,0.000000E+00,0.000000E+00
12:30:00,7.422205E-02,1.466519E+03,2.908364E-01,3.728189E+03,4.961231E+03,7.422205E-02,5.399785E+03,7.422205E-02,0.000000E+00,0.000000E+00,5.626512E-02,1.111716E+03,3.593748E-01,4.377086E+03,5.407625E+03,1.232749E-01,6.038737E+03,5.626512E-02,0.000000E+00,0.000000E+00,3.337719E-02,6.594844E+02,2.133455E-01,2.598343E+03,3.207680E+03,7.535735E-02,3.646971E+03,3.337719E-02,0.000000E+00,0.000000E+00,5.626512E-02,1.111716E+03,2.736057E-01,3.419448E+03,4.411716E+03,1.145171E-01,5.784492E+03,5.626512E-02,0.000000E+00,0.000000E+00,3.337719E-02,6.594844E+02,1.694876E-01,2.108640E+03,2.703234E+03,7.452769E-02,3.622885E+03,3.337719E-02,0.000000E+00,0.000000E+00
12:40:00,7.422205E-02,1.455878E+03,2.921394E-01,3.753373E+03,4.987403E+03,7.422205E-02,5.399785E+03,7.422205E-02,0.000000E+00,0.000000E+00,5.626512E-02,1.103650E+03,3.641263E-01,4.438200E+03,5.470306E+03,1.232744E-01,6.038723E+03,5.626512E-02,0.000000E+00,0.000000E+00,3.337719E-02,6.546995E+02,2.121461E-01,2.589732E+03,3.198898E+03,7.535703E-02,3.646961E+03,3.337719E-02,0.000000E+00,0.000000E+00,5.626512E-02,1.103650E+03,2.756337E-01,3.450153E+03,4.443551E+03,1.145166E-01,5.784477E+03,5.626512E-02,0.000000E+00,0.000000E+00,3.337719E-02,6.546995E+02,1.709910E-01,2.130209E+03,2.725577E+03,7.452736E-02,3.622875E+03,3.337719E-02,0.000000E+00,0.000000E+00
12:50:00,7.422205E-02,1.445238E+03,2.933756E-01,3.777798E+03,5.012975E+03,7.422205E-02,5.399785E+03,7.422205E-02,0.000000E+00,0.000000E+00,5.626512E-02,1.095584E+03,3.682638E-01,4.492442E+03,5.526525E+03,1.232740E-01,6.038709E+03,5.626512E-02,0.000000E+00,0.000000E+00,3.337719E-02,6.499145E+02,2.111053E-01,2.582882E+03,3.191676E+03,7.535672E-02,3.646952E+03,3.337719E-02,0.000000E+00,0.000000E+00,5.626512E-02,1.095584E+03,2.775807E-01,3.479941E+03,4.474764E+03,1.145161E-01,5.784463E+03,5.626512E-02,0.000000E+00,0.000000E+00,3.337719E-02,6.499145E+02,1.724267E-01,2.151013E+03,2.747369E+03,7.452706E-02,3.622866E+03,3.337719E-02,0.000000E+00,0.000000E+00
13:00:00,7.422205E-02,1.434598E+03,2.945698E-01,3.801752E+03,5.037578E+03,7.422205E-02,5.399785E+03,7.422205E-02,0.000000E+00,0.000000E+00,5.626512E-02,1.087518E+03,3.717820E-01,4.539766E+03,5.574349E+03,1.232735E-01,6.038697E+03,5.626512E-02,0.000000E+00,0.000000E+00,3.337719E-02,6.451296E+02,2.102102E-01,2.577660E+03,3.186429E+03,7.535644E-02,3.646944E+03,3.337719E-02,0.000000E+00,0.000000E+00,5.626512E-02,1.087518E+03,2.794634E-01,3.509008E+03,4.504550E+03,1.145157E-01,5.784449E+03,5.626512E-02,0.000000E+00,0.000000E+00,3.337719E-02,6.451296E+02,1.738047E-01,2.171172E+03,2.767998E+03,7.452677E-02,3.622858E+03,3.337719E-02,0.000000E+00,0.000000E+00
13:10:00,7.422205E-02,1.427947E+03,2.957034E-01,3.821039E+03,5.057417E+03,7.422205E-02,5.399785E+03,7.422205E-02,0.000000E+00,0.000000E+00,5.626512E-02,1.082476E+03,3.746373E-01,4.576662E+03,5.611560E+03,1.232731E-01,6.038685E+03,5.626512E-02,0.000000E+00,0.000000E+00,3.337719E-02,6.421390E+02,2.094301E-01,2.571926E+03,3.180609E+03,7.535618E-02,3.646937E+03,3.337719E-02,0.000000E+00,0.000000E+00,5.626512E-02,1.082476E+03,2.812617E-01,3.534108E+03,4.530295E+03,1.145153E-01,5.784437E+03,5.626512E-02,0.000000E+00,0.000000E+00,3.337719E-02,6.421390E+02,1.750904E-01,2.188505E+03,2.785714E+03,7.452651E-02,3.622851E+03,3.337719E-02,0.000000E+00,0.000000E+00
13:20:00,7.422205E-02,1.421297E+03,2.967733E-01,3.839614E+03,5.076520E+03,7.422205E-02,5.399785E+03,7.422205E-02,0.000000E+00,0.000000E+00,5.626512E-02,1.077435E+03,3.768175E-01,4.606021E+03,5.641111E+03,1.232728E-01,6.038674E+03,5.626512E-02,0.000000E+00,0.000000E+00,3.337719E-02,6.391484E+02,2.087456E-01,2.567260E+03,3.175858E+03,7.535594E-02,3.646929E+03,3.337719E-02,0.000000E+00,0.000000E+00,5.626512E-02,1.077435E+03,2.829709E-01,3.558213E+03,4.555039E+03,1.145149E-01,5.784426E+03,5.626512E-02,0.000000E+00,0.000000E+00,3.337719E-02,6.391484E+02,1.764546E-01,2.206715E+03,2.804587E+03,7.452626E-02,3.622843E+03,3.337719E-02,0.000000E+00,0.000000E+00
13:30:00,7.422205E-02,1.414647E+03,2.977774E-01,3.857455E+03,5.094860E+03,7.422205E-02,5.399785E+03,7.422205E-02,0.000000E+00,0.000000E+00,5.626512E-02,1.072394E+03,3.783144E-01,4.627751E+03,5.662892E+03,1.232724E-01,6.038664E+03,5.626512E-02,0.000000E+00,0.000000E+00,3.337719E-02,6.361578E+02,2.081386E-01,2.563460E+03,3.171981E+03,7.535571E-02,3.646923E+03,3.337719E-02,0.000000E+00,0.000000E+00,5.626512E-02,1.072394E+03,2.845876E-01,3.581285E+03,4.578740E+03,1.145145E-01,5.784415E+03,5.626512E-02,0.000000E+00,0.000000E+00,3.337719E-02,6.361578E+02,1.786624E-01,2.234344E+03,2.834239E+03,7.452603E-02,3.622837E+03,3.337719E-02,0.000000E+00,0.000000E+00
13:40:00,7.422205E-02,1.407996E+03,2.986919E-01,3.874295E+03,5.112127E+03,7.422205E-02,5.399785E+03,7.422205E-02,0.000000E+00,0.000000E+00,5.626512E-02,1.067352E+03,3.791099E-01,4.641650E+03,5.676650E+03,1.232721E-01,6.038655E+03,5.626512E-02,0.000000E+00,0.000000E+00,3.337719E-02,6.331672E+02,2.075807E-01,2.560207E+03,3.168641E+03,7.535550E-02,3.646917E+03,3.337719E-02,0.000000E+00,0.000000E+00,5.626512E-02,1.067352E+03,2.860905E-01,3.603087E+03,4.601121E+03,1.145142E-01,5.784405E+03,5.626512E-02,0.000000E+00,0.000000E+00,3.337719E-02,6.331672E+02,1.819851E-01,2.274419E+03,2.877060E+03,7.452582E-02,3.622830E+03,3.337719E-02,0.000000E+00,0.000000E+00
13:50:00,7.422205E-02,1.401346E+03,2.995667E-01,3.890711E+03,5.128988E+03,7.422205E-02,5.399785E+03,7.422205E-02,0.000000E+00,0.000000E+00,5.626512E-02,1.062311E+03,3.792457E-01,4.648207E+03,5.682891E+03,1.232718E-01,6.038646E+03,5.626512E-02,0.000000E+00,0.000000E+00,3.337719E-02,6.301766E+02,2.070735E-01,2.557533E+03,3.165885E+03,7.535530E-02,3.646911E+03,3.337719E-02,0.000000E+00,0.000000E+00,5.626512E-02,1.062311E+03,2.875145E-01,3.624025E+03,4.622632E+03,1.145138E-01,5.784396E+03,5.626512E-02,0.000000E+00,0.000000E+00,3.337719E-02,6.301766E+02,1.866473E-01,2.329460E+03,2.935160E+03,7.452562E-02,3.622824E+03,3.337719E-02,0.000000E+00,0.000000E+00
14:00:00,7.422205E-02,1.394696E+03,3.003767E-01,3.906406E+03,5.145086E+03,7.422205E-02,5.399785E+03,7.422205E-02,0.000000E+00,0.000000E+00,5.626512E-02,1.057270E+03,3.787166E-01,4.647343E+03,5.681486E+03,1.232715E-01,6.038638E+03,5.626512E-02,0.000000E+00,0.000000E+00,3.337719E-02,6.271860E+02,2.065923E-01,2.555151E+03,3.163404E+03,7.535511E-02,3.646905E+03,3.337719E-02,0.000000E+00,0.000000E+00,5.626512E-02,1.057270E+03,2.888395E-01,3.643860E+03,4.642986E+03,1.145135E-01,5.784387E+03,5.626512E-02,0.000000E+00,0.000000E+00,3.337719E-02,6.271860E+02,1.928118E-01,2.401272E+03,3.010320E+03,7.452543E-02,3.622819E+03,3.337719E-02,0.000000E+00,0.000000E+00
14:10:00,7.422205E-02,1.394696E+03,3.011383E-01,3.914910E+03,5.153854E+03,7.422205E-02,5.399785E+03,7.422205E-02,0.000000E+00,0.000000E+00,5.626512E-02,1.057270E+03,3.775424E-01,4.634237E+03,5.667510E+03,1.232712E-01,6.038630E+03,5.626512E-02,0.000000E+00,0.000000E+00,3.337719E-02,6.271860E+02,2.061187E-01,2.549863E+03,3.157936E+03,7.535493E-02,3.646900E+03,3.337719E-02,0.000000E+00,0.000000E+00,5.626512E-02,1.057270E+03,2.900626E-01,3.657517E+03,4.657001E+03,1.145133E-01,5.784379E+03,5.626512E-02,0.000000E+00,0.000000E+00,3.337719E-02,6.271860E+02,2.006356E-01,2.488621E+03,3.101489E+03,7.452525E-02,3.622814E+03,3.337719E-02,0.000000E+00,0.000000E+00
14:20:00,7.422205E-02,1.394696E+03,3.018540E-01,3.922900E+03,5.162092E+03,7.422205E-02,5.399785E+03,7.422205E-02,0.000000E+00,0.000000E+00,5.626512E-02,1.057270E+03,3.757475E-01,4.614199E+03,5.646407E+03,1.232710E-01,6.038622E+03,5.626512E-02,0.000000E+00,0.000000E+00,3.337719E-02,6.271860E+02,2.056383E-01,2.544498E+03,3.152380E+03,7.535476E-02,3.646895E+03,3.337719E-02,0.000000E+00,0.000000E+00,5.626512E-02,1.057270E+03,2.911830E-01,3.670027E+03,4.669833E+03,1.145130E-01,5.784371E+03,5.626512E-02,0.000000E+00,0.000000E+00,3.337719E-02,6.271860E+02,2.100317E-01,2.593522E+03,3.210718E+03,7.452508E-02,3.622809E+03,3.337719E-02,0.000000E+00,0.000000E+00
14:30:00,7.422205E-02,1.394696E+03,3.025255E-01,3.930398E+03,5.169822E+03,7.422205E-02,5.399785E+03,7.422205E-02,0.000000E+00,0.000000E+00,5.626512E-02,1.057270E+03,3.733660E-01,4.587612E+03,5.618581E+03,1.232707E-01,6.038615E+03,5.626512E-02,0.000000E+00,0.000000E+00,3.337719E-02,6.271860E+02,2.053275E-01,2.541028E+03,3.148991E+03,7.535460E-02,3.646890E+03,3.337719E-02,0.000000E+00,0.000000E+00,5.626512E-02,1.057270E+03,2.922006E-01,3.681389E+03,4.681493E+03,1.145127E-01,5.784363E+03,5.626512E-02,0.000000E+00,0.000000E+00,3.337719E-02,6.271860E+02,2.203298E-01,2.708494E+03,3.329733E+03,7.452492E-02,3.622804E+03,3.337719E-02,0.000000E+00,0.000000E+00
14:40:00,7.422205E-02,1.394696E+03,3.031344E-01,3.937206E+03,5.176806E+03,7.422205E-02,5.399785E+03,7.422205E-02,0.000000E+00,0.000000E+00,5.626512E-02,1.057270E+03,3.704219E-01,4.554755E+03,5.584592E+03,1.232705E-01,6.038609E+03,5.626512E-02,0.000000E+00,0.000000E+00,3.337719E-02,6.271860E+02,2.050389E-01,2.537812E+03,3.145677E+03,7.535445E-02,3.646886E+03,3.337719E-02,0.000000E+00,0.000000E+00,5.626512E-02,1.057270E+03,2.930989E-01,3.691429E+03,4.691765E+03,1.145125E-01,5.784356E+03,5.626512E-02,0.000000E+00,0.000000E+00,3.337719E-02,6.271860E+02,2.312920E-01,2.830889E+03,3.455091E+03,7.452476E-02,3.622800E+03,3.337719E-02,0.000000E+00,0.000000E+00
14:50:00,7.422205E-02,1.394696E+03,3.036963E-01,3.943501E+03,5.183553E+03,7.422205E-02,5.399785E+03,7.422205E-02,0.000000E+00,0.000000E+00,5.626512E-02,1.057270E+03,3.669750E-01,4.516295E+03,5.544261E+03,1.232703E-01,6.038602E+03,5.626512E-02,0.000000E+00,0.000000E+00,3.337719E-02,6.271860E+02,2.047408E-01,2.534497E+03,3.142095E+03,7.535430E-02,3.646882E+03,3.337719E-02,0.000000E+00,0.000000E+00,5.626512E-02,1.057270E+03,2.938907E-01,3.700289E+03,4.701156E+03,1.145123E-01,5.784350E+03,5.626512E-02,0.000000E+00,0.000000E+00,3.337719E-02,6.271860E+02,2.427511E-01,2.958844E+03,3.588378E+03,7.452462E-02,3.622795E+03,3.337719E-02,0.000000E+00,0.000000E+00
15:00:00,7.422205E-02,1.394696E+03,3.042081E-01,3.949237E+03,5.189326E+03,7.422205E-02,5.399785E+03,7.422205E-02,0.000000E+00,0.000000E+00,5.626512E-02,1.057270E+03,3.630769E-01,4.472799E+03,5.499624E+03,1.232701E-01,6.038596E+03,5.626512E-02,0.000000E+00,0.000000E+00,3.337719E-02,6.271860E+02,2.044192E-01,2.530920E+03,3.138399E+03,7.535416E-02,3.646878E+03,3.337719E-02,0.000000E+00,0.000000E+00,5.626512E-02,1.057270E+03,2.945737E-01,3.707936E+03,4.708787E+03,1.145120E-01,5.784343E+03,5.626512E-02,0.000000E+00,0.000000E+00,3.337719E-02,6.271860E+02,2.545111E-01,3.090163E+03,3.720309E+03,7.452448E-02,3.622791E+03,3.337719E-02,0.000000E+00,0.000000E+00
15:10:00,7.422205E-02,1.402676E+03,3.046610E-01,3.946334E+03,5.186309E+03,7.422205E-02,5.399785E+03,7.422205E-02,0.000000E+00,0.000000E+00,5.626512E-02,1.063319E+03,3.586594E-01,4.417452E+03,5.442481E+03,1.232699E-01,6.038590E+03,5.626512E-02,0.000000E+00,0.000000E+00,3.337719E-02,6.307747E+02,2.039810E-01,2.522452E+03,3.129704E+03,7.535403E-02,3.646874E+03,3.337719E-02,0.000000E+00,0.000000E+00,5.626512E-02,1.063319E+03,2.950238E-01,3.706933E+03,4.707493E+03,1.145118E-01,5.784337E+03,5.626512E-02,0.000000E+00,0.000000E+00,3.337719E-02,6.307747E+02,2.665543E-01,3.221059E+03,3.852680E+03,7.452434E-02,3.622787E+03,3.337719E-02,0.000000E+00,0.000000E+00
15:20:00,7.422205E-02,1.410657E+03,3.050484E-01,3.942700E+03,5.182540E+03,7.422205E-02,5.399785E+03,7.422205E-02,0.000000E+00,0.000000E+00,5.626512E-02,1.069369E+03,3.538877E-01,4.358149E+03,5.381238E+03,1.232697E-01,6.038585E+03,5.626512E-02,0.000000E+00,0.000000E+00,3.337719E-02,6.343634E+02,2.034614E-01,2.513075E+03,3.120206E+03,7.535390E-02,3.646870E+03,3.337719E-02,0.000000E+00,0.000000E+00,5.626512E-02,1.069369E+03,2.953090E-01,3.704089E+03,4.704450E+03,1.145116E-01,5.784332E+03,5.626512E-02,0.000000E+00,0.000000E+00,3.337719E-02,6.343634E+02,2.786702E-01,3.352771E+03,3.986291E+03,7.452421E-02,3.622784E+03,3.337719E-02,0.000000E+00,0.000000E+00
15:30:00,7.422205E-02,1.418637E+03,3.053650E-01,3.938276E+03,5.177951E+03,7.422205E-02,5.399785E+03,7.422205E-02,0.000000E+00,0.000000E+00,5.626512E-02,1.075419E+03,3.492070E-01,4.299861E+03,5.321242E+03,1.232695E-01,6.038579E+03,5.626512E-02,0.000000E+00,0.000000E+00,3.337719E-02,6.379522E+02,2.026724E-01,2.500690E+03,3.107474E+03,7.535378E-02,3.646867E+03,3.337719E-02,0.000000E+00,0.000000E+00,5.626512E-02,1.075419E+03,2.954423E-01,3.699549E+03,4.699737E+03,1.145115E-01,5.784326E+03,5.626512E-02,0.000000E+00,0.000000E+00,3.337719E-02,6.379522E+02,2.903691E-01,3.479828E+03,4.115256E+03,7.452409E-02,3.622780E+03,3.337719E-02,0.000000E+00,0.000000E+00
15:40:00,7.422205E-02,1.426617E+03,3.056156E-01,3.933111E+03,5.172736E+03,7.422205E-02,5.399785E+03,7.422205E-02,0.000000E+00,0.000000E+00,5.626512E-02,1.081468E+03,3.447229E-01,4.243764E+03,5.262278E+03,1.232693E-01,6.038574E+03,5.626512E-02,0.000000E+00,0.000000E+00,3.337719E-02,6.415409E+02,2.017416E-01,2.486720E+03,3.092869E+03,7.535366E-02,3.646863E+03,3.337719E-02,0.000000E+00,0.000000E+00,5.626512E-02,1.081468E+03,2.954227E-01,3.693297E+03,4.693272E+03,1.145113E-01,5.784321E+03,5.626512E-02,0.000000E+00,0.000000E+00,3.337719E-02,6.415409E+02,3.013465E-01,3.598829E+03,4.238178E+03,7.452397E-02,3.622777E+03,3.337719E-02,0.000000E+00,0.000000E+00
15:50:00,7.422205E-02,1.434598E+03,3.057895E-01,3.927082E+03,5.166561E+03,7.422205E-02,5.399785E+03,7.422205E-02,0.000000E+00,0.000000E+00,5.626512E-02,1.087518E+03,3.404898E-01,4.190461E+03,5.206582E+03,1.232692E-01,6.038569E+03,5.626512E-02,0.000000E+00,0.000000E+00,3.337719E-02,6.451296E+02,2.006902E-01,2.471399E+03,3.076967E+03,7.535355E-02,3.646860E+03,3.337719E-02,0.000000E+00,0.000000E+00,5.626512E-02,1.087518E+03,2.952331E-01,3.685141E+03,4.684764E+03,1.145111E-01,5.784316E+03,5.626512E-02,0.000000E+00,0.000000E+00,3.337719E-02,6.451296E+02,3.114249E-01,3.707783E+03,4.349780E+03,7.452386E-02,3.622773E+03,3.337719E-02,0.000000E+00,0.000000E+00
16:00:00,7.422205E-02,1.442578E+03,3.058806E-01,3.920128E+03,5.159298E+03,7.422205E-02,5.399785E+03,7.422205E-02,0.000000E+00,0.000000E+00,5.626512E-02,1.093567E+03,3.366076E-01,4.141075E+03,5.155757E+03,1.232690E-01,6.038564E+03,5.626512E-02,0.000000E+00,0.000000E+00,3.337719E-02,6.487183E+02,1.995175E-01,2.454723E+03,3.059787E+03,7.535344E-02,3.646857E+03,3.337719E-02,0.000000E+00,0.000000E+00,5.626512E-02,1.093567E+03,2.948593E-01,3.674928E+03,4.674022E+03,1.145109E-01,5.784311E+03,5.626512E-02,0.000000E+00,0.000000E+00,3.337719E-02,6.487183E+02,3.204916E-01,3.805442E+03,4.448599E+03,7.452375E-02,3.622770E+03,3.337719E-02,0.000000E+00,0.000000E+00
16:10:00,7.422205E-02,1.453218E+03,3.058904E-01,3.909607E+03,5.148382E+03,7.422205E-02,5.399785E+03,7.422205E-02,0.000000E+00,0.000000E+00,5.626512E-02,1.101634E+03,3.332851E-01,4.095922E+03,5.109366E+03,1.232688E-01,6.038560E+03,5.626512E-02,0.000000E+00,0.000000E+00,3.337719E-02,6.535032E+02,1.983167E-01,2.436537E+03,3.041062E+03,7.535333E-02,3.646854E+03,3.337719E-02,0.000000E+00,0.000000E+00,5.626512E-02,1.101634E+03,2.944289E-01,3.662066E+03,4.660677E+03,1.145108E-01,5.784306E+03,5.626512E-02,0.000000E+00,0.000000E+00,3.337719E-02,6.535032E+02,3.283011E-01,3.887866E+03,4.532543E+03,7.452364E-02,3.622767E+03,3.337719E-02,0.000000E+00,0.000000E+00
16:20:00,7.422205E-02,1.463859E+03,3.058193E-01,3.898181E+03,5.136525E+03,7.422205E-02,5.399785E+03,7.422205E-02,0.000000E+00,0.000000E+00,5.626512E-02,1.109700E+03,3.304379E-01,4.056075E+03,5.068587E+03,1.232687E-01,6.038555E+03,5.626512E-02,0.000000E+00,0.000000E+00,3.337719E-02,6.582882E+02,1.970432E-01,2.417538E+03,3.021472E+03,7.535323E-02,3.646851E+03,3.337719E-02,0.000000E+00,0.000000E+00,5.626512E-02,1.109700E+03,2.938589E-01,3.647644E+03,4.645738E+03,1.145106E-01,5.784302E+03,5.626512E-02,0.000000E+00,0.000000E+00,3.337719E-02,6.582882E+02,3.348379E-01,3.956082E+03,4.602206E+03,7.452354E-02,3.622764E+03,3.337719E-02,0.000000E+00,0.000000E+00
16:30:00,7.422205E-02,1.474499E+03,3.056665E-01,3.885844E+03,5.123716E+03,7.422205E-02,5.399785E+03,7.422205E-02,0.000000E+00,0.000000E+00,5.626512E-02,1.117766E+03,3.276892E-01,4.017328E+03,5.028798E+03,1.232685E-01,6.038551E+03,5.626512E-02,0.000000E+00,0.000000E+00,3.337719E-02,6.630731E+02,1.956869E-01,2.397616E+03,3.000901E+03,7.535313E-02,3.646848E+03,3.337719E-02,0.000000E+00,0.000000E+00,5.626512E-02,1.117766E+03,2.931206E-01,3.631345E+03,4.628840E+03,1.145105E-01,5.784297E+03,5.626512E-02,0.000000E+00,0.000000E+00,3.337719E-02,6.630731E+02,3.403623E-01,4.012994E+03,4.660515E+03,7.452344E-02,3.622761E+03,3.337719E-02,0.000000E+00,0.000000E+00
16:40:00,7.422205E-02,1.485140E+03,3.054390E-01,3.872667E+03,5.110038E+03,7.422205E-02,5.399785E+03,7.422205E-02,0.000000E+00,0.000000E+00,5.626512E-02,1.125832E+03,3.250049E-01,3.979294E+03,4.989664E+03,1.232684E-01,6.038547E+03,5.626512E-02,0.000000E+00,0.000000E+00,3.337719E-02,6.678581E+02,1.942489E-01,2.376777E+03,2.979360E+03,7.535304E-02,3.646845E+03,3.337719E-02,0.000000E+00,0.000000E+00,5.626512E-02,1.125832E+03,2.922132E-01,3.613150E+03,4.609967E+03,1.145103E-01,5.784293E+03,5.626512E-02,0.000000E+00,0.000000E+00,3.337719E-02,6.678581E+02,3.450066E-01,4.060072E+03,4.708926E+03,7.452335E-02,3.622758E+03,3.337719E-02,0.000000E+00,0.000000E+00
16:50:00,7.422205E-02,1.495780E+03,3.051180E-01,3.858446E+03,5.095194E+03,7.422205E-02,5.399785E+03,7.422205E-02,0.000000E+00,0.000000E+00,5.626512E-02,1.133898E+03,3.223582E-01,3.941679E+03,4.950043E+03,1.232683E-01,6.038543E+03,5.626512E-02,0.000000E+00,0.000000E+00,3.337719E-02,6.726430E+02,1.927203E-01,2.354928E+03,2.956280E+03,7.535295E-02,3.646842E+03,3.337719E-02,0.000000E+00,0.000000E+00,5.626512E-02,1.133898E+03,2.911207E-01,3.592890E+03,4.588594E+03,1.145102E-01,5.784289E+03,5.626512E-02,0.000000E+00,0.000000E+00,3.337719E-02,6.726430E+02,3.487739E-01,4.097357E+03,4.748001E+03,7.452326E-02,3.622756E+03,3.337719E-02,0.000000E+00,0.000000E+00
17:00:00,7.422205E-02,1.506421E+03,3.047126E-01,3.843285E+03,5.079432E+03,7.422205E-02,5.399785E+03,7.422205E-02,0.000000E+00,0.000000E+00,5.626512E-02,1.141964E+03,3.200011E-01,3.907300E+03,4.914763E+03,1.232681E-01,6.038539E+03,5.626512E-02,0.000000E+00,0.000000E+00,3.337719E-02,6.774280E+02,1.911049E-01,2.332109E+03,2.932664E+03,7.535286E-02,3.646840E+03,3.337719E-02,0.000000E+00,0.000000E+00,5.626512E-02,1.141964E+03,2.898575E-01,3.570725E+03,4.565569E+03,1.145100E-01,5.784285E+03,5.626512E-02,0.000000E+00,0.000000E+00,3.337719E-02,6.774280E+02,3.516547E-01,4.124747E+03,4.776280E+03,7.452317E-02,3.622753E+03,3.337719E-02,0.000000E+00,0.000000E+00
17:10:00,7.422205E-02,1.519721E+03,3.042237E-01,3.824531E+03,5.060011E+03,7.422205E-02,5.399785E+03,7.422205E-02,0.000000E+00,0.000000E+00,5.626512E-02,1.152047E+03,3.176703E-01,3.871198E+03,4.877731E+03,1.232680E-01,6.038535E+03,5.626512E-02,0.000000E+00,0.000000E+00,3.337719E-02,6.834092E+02,1.894030E-01,2.307129E+03,2.907001E+03,7.535277E-02,3.646837E+03,3.337719E-02,0.000000E+00,0.000000E+00,5.626512E-02,1.152047E+03,2.884324E-01,3.544735E+03,4.538730E+03,1.145099E-01,5.784281E+03,5.626512E-02,0.000000E+00,0.000000E+00,3.337719E-02,6.834092E+02,3.536307E-01,4.140837E+03,4.792902E+03,7.452308E-02,3.622751E+03,3.337719E-02,0.000000E+00,0.000000E+00
17:20:00,7.422205E-02,1.533022E+03,3.036592E-01,3.804932E+03,5.039695E+03,7.422205E-02,5.399785E+03,7.422205E-02,0.000000E+00,0.000000E+00,5.626512E-02,1.162130E+03,3.152909E-01,3.834554E+03,4.839992E+03,1.232679E-01,6.038532E+03,5.626512E-02,0.000000E+00,0.000000E+00,3.337719E-02,6.893903E+02,1.876148E-01,2.281184E+03,2.880252E+03,7.535269E-02,3.646835E+03,3.337719E-02,0.000000E+00,0.000000E+00,5.626512E-02,1.162130E+03,2.868580E-01,3.517079E+03,4.510098E+03,1.145098E-01,5.784277E+03,5.626512E-02,0.000000E+00,0.000000E+00,3.337719E-02,6.893903E+02,3.544931E-01,4.144492E+03,4.797042E+03,7.452300E-02,3.622748E+03,3.337719E-02,0.000000E+00,0.000000E+00
17:30:00,7.422205E-02,1.546322E+03,3.030461E-01,3.784792E+03,5.018818E+03,7.422205E-02,5.399785E+03,7.422205E-02,0.000000E+00,0.000000E+00,5.626512E-02,1.172212E+03,3.128316E-01,3.797016E+03,4.801364E+03,1.232677E-01,6.038528E+03,5.626512E-02,0.000000E+00,0.000000E+00,3.337719E-02,6.953715E+02,1.857402E-01,2.254275E+03,2.852438E+03,7.535261E-02,3.646833E+03,3.337719E-02,0.000000E+00,0.000000E+00,5.626512E-02,1.172212E+03,2.853547E-01,3.490217E+03,4.482369E+03,1.145097E-01,5.784274E+03,5.626512E-02,0.000000E+00,0.000000E+00,3.337719E-02,6.953715E+02,3.542139E-01,4.135401E+03,4.788442E+03,7.452292E-02,3.622746E+03,3.337719E-02,0.000000E+00,0.000000E+00
17:40:00,7.422205E-02,1.559623E+03,3.024181E-01,3.764484E+03,4.997773E+03,7.422205E-02,5.399785E+03,7.422205E-02,0.000000E+00,0.000000E+00,5.626512E-02,1.182295E+03,3.102608E-01,3.758235E+03,4.761491E+03,1.232676E-01,6.038525E+03,5.626512E-02,0.000000E+00,0.000000E+00,3.337719E-02,7.013527E+02,1.837810E-01,2.226422E+03,2.823590E+03,7.535253E-02,3.646830E+03,3.337719E-02,0.000000E+00,0.000000E+00,5.626512E-02,1.182295E+03,2.842384E-01,3.467675E+03,4.459182E+03,1.145095E-01,5.784270E+03,5.626512E-02,0.000000E+00,0.000000E+00,3.337719E-02,7.013527E+02,3.528081E-01,4.113730E+03,4.767097E+03,7.452284E-02,3.622744E+03,3.337719E-02,0.000000E+00,0.000000E+00
17:50:00,7.422205E-02,1.572924E+03,3.018068E-01,3.744359E+03,4.976936E+03,7.422205E-02,5.399785E+03,7.422205E-02,0.000000E+00,0.000000E+00,5.626512E-02,1.192378E+03,3.074151E-01,3.716379E+03,4.718397E+03,1.232675E-01,6.038521E+03,5.626512E-02,0.000000E+00,0.000000E+00,3.337719E-02,7.073339E+02,1.818553E-01,2.198940E+03,2.795144E+03,7.535245E-02,3.646828E+03,3.337719E-02,0.000000E+00,0.000000E+00,5.626512E-02,1.192378E+03,2.835195E-01,3.449566E+03,4.440400E+03,1.145094E-01,5.784267E+03,5.626512E-02,0.000000E+00,0.000000E+00,3.337719E-02,7.073339E+02,3.500896E-01,4.077398E+03,4.730701E+03,7.452276E-02,3.622741E+03,3.337719E-02,0.000000E+00,0.000000E+00
18:00:00,7.422205E-02,1.586224E+03,3.012193E-01,3.724498E+03,4.956382E+03,7.422205E-02,5.399785E+03,7.422205E-02,0.000000E+00,0.000000E+00,5.626512E-02,1.202461E+03,3.040426E-01,3.668640E+03,4.668950E+03,1.232674E-01,6.038518E+03,5.626512E-02,0.000000E+00,0.000000E+00,3.337719E-02,7.133151E+02,1.798894E-01,2.171008E+03,2.766085E+03,7.535238E-02,3.646826E+03,3.337719E-02,0.000000E+00,0.000000E+00,5.626512E-02,1.202461E+03,2.833344E-01,3.437416E+03,4.427879E+03,1.145093E-01,5.784264E+03,5.626512E-02,0.000000E+00,0.000000E+00,3.337719E-02,7.133151E+02,3.462079E-01,4.028076E+03,4.681054E+03,7.452269E-02,3.622739E+03,3.337719E-02,0.000000E+00,0.000000E+00
18:10:00,7.422205E-02,1.606175E+03,3.006588E-01,3.698289E+03,4.929394E+03,7.422205E-02,5.399785E+03,7.422205E-02,0.000000E+00,0.000000E+00,5.626512E-02,1.217585E+03,3.006627E-01,3.615777E+03,4.614308E+03,1.256810E-01,6.108588E+03,5.626512E-02,0.000000E+00,0.000000E+00,3.337719E-02,7.222869E+02,1.778612E-01,2.139390E+03,2.733226E+03,7.696147E-02,3.693539E+03,3.337719E-02,0.000000E+00,0.000000E+00,5.626512E-02,1.217585E+03,2.836975E-01,3.426346E+03,4.416719E+03,1.169229E-01,5.854334E+03,5.626512E-02,0.000000E+00,0.000000E+00,3.337719E-02,7.222869E+02,3.411677E-01,3.962827E+03,4.614916E+03,7.613178E-02,3.669453E+03,3.337719E-02,0.000000E+00,0.000000E+00
18:20:00,7.422205E-02,1.626126E+03,3.001130E-01,3.672244E+03,4.902608E+03,7.422205E-02,5.399785E+03,7.422205E-02,0.000000E+00,0.000000E+00,5.626512E-02,1.232709E+03,2.971127E-01,3.561015E+03,4.557297E+03,1.280953E-01,6.178677E+03,5.626512E-02,0.000000E+00,0.000000E+00,3.337719E-02,7.312586E+02,1.757782E-01,2.107160E+03,2.699767E+03,7.857101E-02,3.740266E+03,3.337719E-02,0.000000E+00,0.000000E+00,5.626512E-02,1.232709E+03,2.843964E-01,3.419025E+03,4.409630E+03,1.193373E-01,5.924424E+03,5.626512E-02,0.000000E+00,0.000000E+00,3.337719E-02,7.312586E+02,3.351539E-01,3.886708E+03,4.537575E+03,7.774132E-02,3.716179E+03,3.337719E-02,0.000000E+00,0.000000E+00
18:30:00,7.422205E-02,1.646077E+03,2.995394E-01,3.645889E+03,4.875507E+03,7.422205E-02,5.399785E+03,7.422205E-02,0.000000E+00,0.000000E+00,5.626512E-02,1.247833E+03,2.933539E-01,3.503921E+03,4.497762E+03,1.305107E-01,6.248799E+03,5.626512E-02,0.000000E+00,0.000000E+00,3.337719E-02,7.402304E+02,1.736455E-01,2.074375E+03,2.665757E+03,8.018124E-02,3.787014E+03,3.337719E-02,0.000000E+00,0.000000E+00,5.626512E-02,1.247833E+03,2.850375E-01,3.411060E+03,4.402054E+03,1.217526E-01,5.994544E+03,5.626512E-02,0.000000E+00,0.000000E+00,3.337719E-02,7.402304E+02,3.281670E-01,3.799723E+03,4.449070E+03,7.935154E-02,3.762927E+03,3.337719E-02,0.000000E+00,0.000000E+00
18:40:00,7.422205E-02,1.666028E+03,2.988816E-01,3.618593E+03,4.847397E+03,7.422205E-02,5.399785E+03,7.422205E-02,0.000000E+00,0.000000E+00,5.626512E-02,1.262957E+03,2.893911E-01,3.444550E+03,4.435879E+03,1.329274E-01,6.318964E+03,5.626512E-02,0.000000E+00,0.000000E+00,3.337719E-02,7.492022E+02,1.714669E-01,2.041078E+03,2.631226E+03,8.179242E-02,3.833791E+03,3.337719E-02,0.000000E+00,0.000000E+00,5.626512E-02,1.262957E+03,2.851711E-01,3.397428E+03,4.388548E+03,1.241692E-01,6.064705E+03,5.626512E-02,0.000000E+00,0.000000E+00,3.337719E-02,7.492022E+02,3.201167E-01,3.700863E+03,4.348326E+03,8.096271E-02,3.809704E+03,3.337719E-02,0.000000E+00,0.000000E+00
18:50:00,7.422205E-02,1.685978E+03,2.980856E-01,3.589754E+03,4.817620E+03,7.422205E-02,5.399785E+03,7.422205E-02,0.000000E+00,0.000000E+00,5.626512E-02,1.278081E+03,2.853688E-01,3.384515E+03,4.373480E+03,1.353454E-01,6.389167E+03,5.626512E-02,0.000000E+00,0.000000E+00,3.337719E-02,7.581740E+02,1.691324E-01,2.006039E+03,2.594739E+03,8.340440E-02,3.880593E+03,3.337719E-02,0.000000E+00,0.000000E+00,5.626512E-02,1.278081E+03,2.846126E-01,3.376067E+03,4.366949E+03,1.265871E-01,6.134903E+03,5.626512E-02,0.000000E+00,0.000000E+00,3.337719E-02,7.581740E+02,3.111817E-01,3.592127E+03,4.237529E+03,8.257467E-02,3.856505E+03,3.337719E-02,0.000000E+00,0.000000E+00
19:00:00,7.422205E-02,1.705929E+03,2.971085E-01,3.558893E+03,4.785657E+03,7.422205E-02,5.399785E+03,7.422205E-02,0.000000E+00,0.000000E+00,5.626512E-02,1.293205E+03,2.811519E-01,3.322306E+03,4.308827E+03,1.377645E-01,6.459404E+03,5.626512E-02,0.000000E+00,0.000000E+00,3.337719E-02,7.671458E+02,1.668732E-01,1.971842E+03,2.559164E+03,8.501709E-02,3.927417E+03,3.337719E-02,0.000000E+00,0.000000E+00,5.626512E-02,1.293205E+03,2.830933E-01,3.343980E+03,4.333939E+03,1.290059E-01,6.205133E+03,5.626512E-02,0.000000E+00,0.000000E+00,3.337719E-02,7.671458E+02,3.007853E-01,3.467073E+03,4.109854E+03,8.418735E-02,3.903328E+03,3.337719E-02,0.000000E+00,0.000000E+00
19:10:00,7.422205E-02,1.720560E+03,2.959224E-01,3.531020E+03,4.756588E+03,7.422205E-02,5.399785E+03,7.422205E-02,0.000000E+00,0.000000E+00,5.626512E-02,1.304296E+03,2.773633E-01,3.268912E+03,4.260783E+03,1.377708E-01,6.459597E+03,5.626512E-02,0.000000E+00,0.000000E+00,3.337719E-02,7.737251E+02,1.649954E-01,1.944296E+03,2.535412E+03,8.502125E-02,3.927545E+03,3.337719E-02,0.000000E+00,0.000000E+00,5.626512E-02,1.304296E+03,2.813227E-01,3.313118E+03,4.309664E+03,1.290120E-01,6.205318E+03,5.626512E-02,0.000000E+00,0.000000E+00,3.337719E-02,7.737251E+02,2.898425E-01,3.338309E+03,3.988284E+03,8.419148E-02,3.903456E+03,3.337719E-02,0.000000E+00,0.000000E+00
19:20:00,7.422205E-02,1.735191E+03,2.945157E-01,3.500682E+03,4.724853E+03,7.422205E-02,5.399785E+03,7.422205E-02,0.000000E+00,0.000000E+00,5.626512E-02,1.315387E+03,2.734280E-01,3.213880E+03,4.221619E+03,1.377773E-01,6.459797E+03,5.626512E-02,0.000000E+00,0.000000E+00,3.337719E-02,7.803044E+02,1.630733E-01,1.916254E+03,2.518471E+03,8.502553E-02,3.927677E+03,3.337719E-02,0.000000E+00,0.000000E+00,5.626512E-02,1.315387E+03,2.786559E-01,3.272251E+03,4.285724E+03,1.290183E-01,6.205508E+03,5.626512E-02,0.000000E+00,0.000000E+00,3.337719E-02,7.803044E+02,2.778388E-01,3.197698E+03,3.865839E+03,8.419574E-02,3.903586E+03,3.337719E-02,0.000000E+00,0.000000E+00
19:30:00,7.422205E-02,1.749821E+03,2.928811E-01,3.467800E+03,4.690356E+03,7.422205E-02,5.399785E+03,7.422205E-02,0.000000E+00,0.000000E+00,5.626512E-02,1.326478E+03,2.693446E-01,3.157192E+03,4.177355E+03,1.377836E-01,6.459988E+03,5.626512E-02,0.000000E+00,0.000000E+00,3.337719E-02,7.868837E+02,1.610835E-01,1.887456E+03,2.498605E+03,8.502963E-02,3.927803E+03,3.337719E-02,0.000000E+00,0.000000E+00,5.626512E-02,1.326478E+03,2.747555E-01,3.217607E+03,4.243560E+03,1.290243E-01,6.205693E+03,5.626512E-02,0.000000E+00,0.000000E+00,3.337719E-02,7.868837E+02,2.648702E-01,3.046312E+03,3.724406E+03,8.419982E-02,3.903712E+03,3.337719E-02,0.000000E+00,0.000000E+00
19:40:00,7.422205E-02,1.764452E+03,2.910190E-01,3.432378E+03,4.653106E+03,7.422205E-02,5.399785E+03,7.422205E-02,0.000000E+00,0.000000E+00,5.626512E-02,1.337569E+03,2.651544E-01,3.099313E+03,4.127112E+03,1.377891E-01,6.460157E+03,5.626512E-02,0.000000E+00,0.000000E+00,3.337719E-02,7.934630E+02,1.590263E-01,1.857905E+03,2.474808E+03,8.503325E-02,3.927914E+03,3.337719E-02,0.000000E+00,0.000000E+00,5.626512E-02,1.337569E+03,2.699248E-01,3.152577E+03,4.185755E+03,1.290297E-01,6.205856E+03,5.626512E-02,0.000000E+00,0.000000E+00,3.337719E-02,7.934630E+02,2.514177E-01,2.889524E+03,3.570041E+03,8.420343E-02,3.903823E+03,3.337719E-02,0.000000E+00,0.000000E+00
19:50:00,7.422205E-02,1.779082E+03,2.889548E-01,3.394699E+03,4.613429E+03,7.422205E-02,5.399785E+03,7.422205E-02,0.000000E+00,0.000000E+00,5.626512E-02,1.348660E+03,2.608830E-01,3.040526E+03,4.072736E+03,1.377940E-01,6.460307E+03,5.626512E-02,0.000000E+00,0.000000E+00,3.337719E-02,8.000423E+02,1.568975E-01,1.827554E+03,2.448056E+03,8.503647E-02,3.928013E+03,3.337719E-02,0.000000E+00,0.000000E+00,5.626512E-02,1.348660E+03,2.646066E-01,3.082101E+03,4.118967E+03,1.290345E-01,6.206003E+03,5.626512E-02,0.000000E+00,0.000000E+00,3.337719E-02,8.000423E+02,2.381892E-01,2.735235E+03,3.413860E+03,8.420664E-02,3.903921E+03,3.337719E-02,0.000000E+00,0.000000E+00
20:00:00,7.422205E-02,1.793713E+03,2.867373E-01,3.355308E+03,4.571924E+03,7.422205E-02,5.399785E+03,7.422205E-02,0.000000E+00,0.000000E+00,5.626512E-02,1.359751E+03,2.567476E-01,2.983257E+03,4.017982E+03,1.377984E-01,6.460440E+03,5.626512E-02,0.000000E+00,0.000000E+00,3.337719E-02,8.066216E+02,1.546159E-01,1.795498E+03,2.417861E+03,8.503935E-02,3.928100E+03,3.337719E-02,0.000000E+00,0.000000E+00,5.626512E-02,1.359751E+03,2.592036E-01,3.010681E+03,4.048712E+03,1.290389E-01,6.206134E+03,5.626512E-02,0.000000E+00,0.000000E+00,3.337719E-02,8.066216E+02,2.261628E-01,2.594369E+03,3.268976E+03,8.420952E-02,3.904008E+03,3.337719E-02,0.000000E+00,0.000000E+00
20:10:00,7.422205E-02,1.805684E+03,2.844258E-01,3.317528E+03,4.532008E+03,7.422205E-02,5.399785E+03,7.422205E-02,0.000000E+00,0.000000E+00,5.626512E-02,1.368825E+03,2.519351E-01,2.920446E+03,3.954416E+03,1.378023E-01,6.460559E+03,5.626512E-02,0.000000E+00,0.000000E+00,3.337719E-02,8.120047E+02,1.519566E-01,1.760419E+03,2.382700E+03,8.504193E-02,3.928178E+03,3.337719E-02,0.000000E+00,0.000000E+00,5.626512E-02,1.368825E+03,2.531173E-01,2.933646E+03,3.969175E+03,1.290428E-01,6.206252E+03,5.626512E-02,0.000000E+00,0.000000E+00,3.337719E-02,8.120047E+02,2.147749E-01,2.461830E+03,3.130074E+03,8.421209E-02,3.904086E+03,3.337719E-02,0.000000E+00,0.000000E+00
20:20:00,7.422205E-02,1.817654E+03,2.820812E-01,3.279376E+03,4.490254E+03,7.422205E-02,5.399785E+03,7.422205E-02,0.000000E+00,0.000000E+00,5.626512E-02,1.377900E+03,2.473064E-01,2.859684E+03,3.887465E+03,1.378058E-01,6.460665E+03,5.626512E-02,0.000000E+00,0.000000E+00,3.337719E-02,8.173877E+02,1.493729E-01,1.726185E+03,2.345089E+03,8.504423E-02,3.928248E+03,3.337719E-02,0.000000E+00,0.000000E+00,5.626512E-02,1.377900E+03,2.472704E-01,2.859283E+03,3.886274E+03,1.290463E-01,6.206358E+03,5.626512E-02,0.000000E+00,0.000000E+00,3.337719E-02,8.173877E+02,2.048320E-01,2.345424E+03,3.001912E+03,8.421440E-02,3.904156E+03,3.337719E-02,0.000000E+00,0.000000E+00
20:30:00,7.422205E-02,1.829625E+03,2.797590E-01,3.241473E+03,4.449945E+03,7.422205E-02,5.399785E+03,7.422205E-02,0.000000E+00,0.000000E+00,5.626512E-02,1.386974E+03,2.429686E-01,2.802169E+03,3.827091E+03,1.378090E-01,6.460760E+03,5.626512E-02,0.000000E+00,0.000000E+00,3.337719E-02,8.227708E+02,1.469095E-01,1.693293E+03,2.310686E+03,8.504629E-02,3.928310E+03,3.337719E-02,0.000000E+00,0.000000E+00,5.626512E-02,1.386974E+03,2.422342E-01,2.793970E+03,3.817043E+03,1.290495E-01,6.206453E+03,5.626512E-02,0.000000E+00,0.000000E+00,3.337719E-02,8.227708E+02,1.965002E-01,2.247005E+03,2.897761E+03,8.421646E-02,3.904218E+03,3.337719E-02,0.000000E+00,0.000000E+00
20:40:00,7.422205E-02,1.841595E+03,2.775216E-01,3.204515E+03,4.411298E+03,7.422205E-02,5.399785E+03,7.422205E-02,0.000000E+00,0.000000E+00,5.626512E-02,1.396048E+03,2.389481E-01,2.748198E+03,3.771847E+03,1.378118E-01,6.460843E+03,5.626512E-02,0.000000E+00,0.000000E+00,3.337719E-02,8.281539E+02,1.445909E-01,1.662018E+03,2.278752E+03,8.504812E-02,3.928365E+03,3.337719E-02,0.000000E+00,0.000000E+00,5.626512E-02,1.396048E+03,2.379052E-01,2.736555E+03,3.758185E+03,1.290523E-01,6.206538E+03,5.626512E-02,0.000000E+00,0.000000E+00,3.337719E-02,8.281539E+02,1.895928E-01,2.164492E+03,2.812591E+03,8.421829E-02,3.904273E+03,3.337719E-02,0.000000E+00,0.000000E+00
20:50:00,7.422205E-02,1.853566E+03,2.754141E-01,3.169005E+03,4.372583E+03,7.422205E-02,5.399785E+03,7.422205E-02,0.000000E+00,0.000000E+00,5.626512E-02,1.405123E+03,2.352882E-01,2.698250E+03,3.716544E+03,1.378143E-01,6.460918E+03,5.626512E-02,0.000000E+00,0.000000E+00,3.337719E-02,8.335369E+02,1.424493E-01,1.632717E+03,2.246298E+03,8.504975E-02,3.928414E+03,3.337719E-02,0.000000E+00,0.000000E+00,5.626512E-02,1.405123E+03,2.340857E-01,2.684824E+03,3.700916E+03,1.290548E-01,6.206613E+03,5.626512E-02,0.000000E+00,0.000000E+00,3.337719E-02,8.335369E+02,1.836332E-01,2.092559E+03,2.733480E+03,8.421993E-02,3.904322E+03,3.337719E-02,0.000000E+00,0.000000E+00
21:00:00,7.422205E-02,1.865536E+03,2.734419E-01,3.135002E+03,4.336354E+03,7.422205E-02,5.399785E+03,7.422205E-02,0.000000E+00,0.000000E+00,5.626512E-02,1.414197E+03,2.318677E-01,2.650970E+03,3.665901E+03,1.378165E-01,6.460984E+03,5.626512E-02,0.000000E+00,0.000000E+00,3.337719E-02,8.389200E+02,1.404273E-01,1.604749E+03,2.216330E+03,8.505121E-02,3.928457E+03,3.337719E-02,0.000000E+00,0.000000E+00,5.626512E-02,1.414197E+03,2.305398E-01,2.636144E+03,3.648815E+03,1.290571E-01,6.206681E+03,5.626512E-02,0.000000E+00,0.000000E+00,3.337719E-02,8.389200E+02,1.782818E-01,2.027415E+03,2.664045E+03,8.422139E-02,3.904365E+03,3.337719E-02,0.000000E+00,0.000000E+00
21:10:00,7.422205E-02,1.877507E+03,2.716015E-01,3.102469E+03,4.302883E+03,7.422205E-02,5.399785E+03,7.422205E-02,0.000000E+00,0.000000E+00,5.626512E-02,1.423272E+03,2.286343E-01,2.605781E+03,3.619952E+03,1.378185E-01,6.461043E+03,5.626512E-02,0.000000E+00,0.000000E+00,3.337719E-02,8.443031E+02,1.384996E-01,1.577834E+03,2.188935E+03,8.505250E-02,3.928496E+03,3.337719E-02,0.000000E+00,0.000000E+00,5.626512E-02,1.423272E+03,2.271995E-01,2.589761E+03,3.601756E+03,1.290591E-01,6.206741E+03,5.626512E-02,0.000000E+00,0.000000E+00,3.337719E-02,8.443031E+02,1.734132E-01,1.967662E+03,2.603196E+03,8.422269E-02,3.904404E+03,3.337719E-02,0.000000E+00,0.000000E+00
21:20:00,7.422205E-02,1.889477E+03,2.698798E-01,3.071266E+03,4.270726E+03,7.422205E-02,5.399785E+03,7.422205E-02,0.000000E+00,0.000000E+00,5.626512E-02,1.432346E+03,2.255681E-01,2.562461E+03,3.575390E+03,1.378202E-01,6.461095E+03,5.626512E-02,0.000000E+00,0.000000E+00,3.337719E-02,8.496861E+02,1.366580E-01,1.551882E+03,2.162194E+03,8.505365E-02,3.928530E+03,3.337719E-02,0.000000E+00,0.000000E+00,5.626512E-02,1.432346E+03,2.240436E-01,2.545440E+03,3.556240E+03,1.290609E-01,6.206795E+03,5.626512E-02,0.000000E+00,0.000000E+00,3.337719E-02,8.496861E+02,1.689607E-01,1.912557E+03,2.546433E+03,8.422384E-02,3.904439E+03,3.337719E-02,0.000000E+00,0.000000E+00
21:30:00,7.422205E-02,1.901448E+03,2.682731E-01,3.041348E+03,4.239863E+03,7.422205E-02,5.399785E+03,7.422205E-02,0.000000E+00,0.000000E+00,5.626512E-02,1.441421E+03,2.226616E-01,2.520926E+03,3.532289E+03,1.378218E-01,6.461142E+03,5.626512E-02,0.000000E+00,0.000000E+00,3.337719E-02,8.550692E+02,1.349012E-01,1.526879E+03,2.136195E+03,8.505468E-02,3.928560E+03,3.337719E-02,0.000000E+00,0.000000E+00,5.626512E-02,1.441421E+03,2.210667E-01,2.503118E+03,3.512384E+03,1.290626E-01,6.206844E+03,5.626512E-02,0.000000E+00,0.000000E+00,3.337719E-02,8.550692E+02,1.648767E-01,1.861568E+03,2.493473E+03,8.422488E-02,3.904469E+03,3.337719E-02,0.000000E+00,0.000000E+00
21:40:00,7.422205E-02,1.913418E+03,2.667945E-01,3.012861E+03,4.210190E+03,7.422205E-02,5.399785E+03,7.422205E-02,0.000000E+00,0.000000E+00,5.626512E-02,1.450495E+03,2.199247E-01,2.481285E+03,3.490280E+03,1.378232E-01,6.461183E+03,5.626512E-02,0.000000E+00,0.000000E+00,3.337719E-02,8.604523E+02,1.332377E-01,1.502917E+03,2.110743E+03,8.505560E-02,3.928588E+03,3.337719E-02,0.000000E+00,0.000000E+00,5.626512E-02,1.450495E+03,2.182748E-01,2.462863E+03,3.469756E+03,1.290640E-01,6.206887E+03,5.626512E-02,0.000000E+00,0.000000E+00,3.337719E-02,8.604523E+02,1.611308E-01,1.814355E+03,2.443428E+03,8.422580E-02,3.904497E+03,3.337719E-02,0.000000E+00,0.000000E+00
21:50:00,7.422205E-02,1.925389E+03,2.653831E-01,2.985111E+03,4.180939E+03,7.422205E-02,5.399785E+03,7.422205E-02,0.000000E+00,0.000000E+00,5.626512E-02,1.459569E+03,2.173015E-01,2.442902E+03,3.448798E+03,1.378244E-01,6.461220E+03,5.626512E-02,0.000000E+00,0.000000E+00,3.337719E-02,8.658353E+02,1.316359E-01,1.479638E+03,2.085526E+03,8.505642E-02,3.928612E+03,3.337719E-02,0.000000E+00,0.000000E+00,5.626512E-02,1.459569E+03,2.156036E-01,2.423944E+03,3.427695E+03,1.290653E-01,6.206925E+03,5.626512E-02,0.000000E+00,0.000000E+00,3.337719E-02,8.658353E+02,1.576583E-01,1.770186E+03,2.395785E+03,8.422662E-02,3.904521E+03,3.337719E-02,0.000000E+00,0.000000E+00
22:00:00,7.422205E-02,1.937359E+03,2.640687E-01,2.958447E+03,4.153440E+03,7.422205E-02,5.399785E+03,7.422205E-02,0.000000E+00,0.000000E+00,5.626512E-02,1.468644E+03,2.148131E-01,2.406026E+03,3.410067E+03,1.378255E-01,6.461253E+03,5.626512E-02,0.000000E+00,0.000000E+00,3.337719E-02,8.712184E+02,1.301081E-01,1.457186E+03,2.061881E+03,8.505715E-02,3.928634E+03,3.337719E-02,0.000000E+00,0.000000E+00,5.626512E-02,1.468644E+03,2.130721E-01,2.386589E+03,3.388474E+03,1.290665E-01,6.206960E+03,5.626512E-02,0.000000E+00,0.000000E+00,3.337719E-02,8.712184E+02,1.544464E-01,1.728929E+03,2.352507E+03,8.422736E-02,3.904543E+03,3.337719E-02,0.000000E+00,0.000000E+00
22:10:00,7.422205E-02,1.946670E+03,2.628319E-01,2.935310E+03,4.129535E+03,7.422205E-02,5.399785E+03,7.422205E-02,0.000000E+00,0.000000E+00,5.626512E-02,1.475702E+03,2.124491E-01,2.372557E+03,3.374750E+03,1.378265E-01,6.461283E+03,5.626512E-02,0.000000E+00,0.000000E+00,3.337719E-02,8.754052E+02,1.286506E-01,1.436716E+03,2.040222E+03,8.505781E-02,3.928653E+03,3.337719E-02,0.000000E+00,0.000000E+00,5.626512E-02,1.475702E+03,2.106720E-01,2.352716E+03,3.352747E+03,1.290676E-01,6.206991E+03,5.626512E-02,0.000000E+00,0.000000E+00,3.337719E-02,8.754052E+02,1.514733E-01,1.691535E+03,2.313154E+03,8.422802E-02,3.904562E+03,3.337719E-02,0.000000E+00,0.000000E+00
22:20:00,7.422205E-02,1.955980E+03,2.616665E-01,2.912970E+03,4.106447E+03,7.422205E-02,5.399785E+03,7.422205E-02,0.000000E+00,0.000000E+00,5.626512E-02,1.482760E+03,2.101987E-01,2.340357E+03,3.340686E+03,1.378274E-01,6.461310E+03,5.626512E-02,0.000000E+00,0.000000E+00,3.337719E-02,8.795921E+02,1.272580E-01,1.416971E+03,2.019280E+03,8.505840E-02,3.928671E+03,3.337719E-02,0.000000E+00,0.000000E+00,5.626512E-02,1.482760E+03,2.083918E-01,2.320184E+03,3.318345E+03,1.290685E-01,6.207019E+03,5.626512E-02,0.000000E+00,0.000000E+00,3.337719E-02,8.795921E+02,1.487152E-01,1.656543E+03,2.276253E+03,8.422862E-02,3.904580E+03,3.337719E-02,0.000000E+00,0.000000E+00
22:30:00,7.422205E-02,1.965290E+03,2.605669E-01,2.891365E+03,4.084114E+03,7.422205E-02,5.399785E+03,7.422205E-02,0.000000E+00,0.000000E+00,5.626512E-02,1.489817E+03,2.080522E-01,2.309318E+03,3.307780E+03,1.378283E-01,6.461333E+03,5.626512E-02,0.000000E+00,0.000000E+00,3.337719E-02,8.837789E+02,1.259253E-01,1.397894E+03,1.999006E+03,8.505894E-02,3.928686E+03,3.337719E-02,0.000000E+00,0.000000E+00,5.626512E-02,1.489817E+03,2.062188E-01,2.288848E+03,3.285128E+03,1.290694E-01,6.207044E+03,5.626512E-02,0.000000E+00,0.000000E+00,3.337719E-02,8.837789E+02,1.461477E-01,1.623679E+03,2.241525E+03,8.422916E-02,3.904596E+03,3.337719E-02,0.000000E+00,0.000000E+00
22:40:00,7.422205E-02,1.974601E+03,2.595026E-01,2.870155E+03,4.062143E+03,7.422205E-02,5.399785E+03,7.422205E-02,0.000000E+00,0.000000E+00,5.626512E-02,1.496875E+03,2.059762E-01,2.279066E+03,3.275608E+03,1.378290E-01,6.461355E+03,5.626512E-02,0.000000E+00,0.000000E+00,3.337719E-02,8.879657E+02,1.246330E-01,1.379270E+03,1.979150E+03,8.505942E-02,3.928700E+03,3.337719E-02,0.000000E+00,0.000000E+00,5.626512E-02,1.496875E+03,2.041228E-01,2.258373E+03,3.252714E+03,1.290701E-01,6.207067E+03,5.626512E-02,0.000000E+00,0.000000E+00,3.337719E-02,8.879657E+02,1.437365E-01,1.592560E+03,2.208565E+03,8.422964E-02,3.904610E+03,3.337719E-02,0.000000E+00,0.000000E+00
22:50:00,7.422205E-02,1.983911E+03,2.585133E-01,2.849797E+03,4.041088E+03,7.422205E-02,5.399785E+03,7.422205E-02,0.000000E+00,0.000000E+00,5.626512E-02,1.503933E+03,2.039989E-01,2.249930E+03,3.244606E+03,1.378296E-01,6.461375E+03,5.626512E-02,0.000000E+00,0.000000E+00,3.337719E-02,8.921525E+02,1.233984E-01,1.361299E+03,1.959979E+03,8.505986E-02,3.928713E+03,3.337719E-02,0.000000E+00,0.000000E+00,5.626512E-02,1.503933E+03,2.021395E-01,2.229171E+03,3.221645E+03,1.290708E-01,6.207088E+03,5.626512E-02,0.000000E+00,0.000000E+00,3.337719E-02,8.921525E+02,1.414861E-01,1.563246E+03,2.177494E+03,8.423008E-02,3.904623E+03,3.337719E-02,0.000000E+00,0.000000E+00
23:00:00,7.422205E-02,1.993222E+03,2.575646E-01,2.829894E+03,4.020481E+03,7.422205E-02,5.399785E+03,7.422205E-02,0.000000E+00,0.000000E+00,5.626512E-02,1.510991E+03,2.020893E-01,2.221551E+03,3.214358E+03,1.378302E-01,6.461392E+03,5.626512E-02,0.000000E+00,0.000000E+00,3.337719E-02,8.963394E+02,1.222055E-01,1.343793E+03,1.941277E+03,8.506025E-02,3.928725E+03,3.337719E-02,0.000000E+00,0.000000E+00,5.626512E-02,1.510991E+03,2.002385E-01,2.200889E+03,3.191515E+03,1.290715E-01,6.207106E+03,5.626512E-02,0.000000E+00,0.000000E+00,3.337719E-02,8.963394E+02,1.393668E-01,1.535398E+03,2.147942E+03,8.423048E-02,3.904635E+03,3.337719E-02,0.000000E+00,0.000000E+00
23:10:00,7.422205E-02,2.002532E+03,2.566640E-01,2.810527E+03,4.000432E+03,7.422205E-02,5.399785E+03,7.422205E-02,0.000000E+00,0.000000E+00,5.626512E-02,1.518049E+03,2.002415E-01,2.193863E+03,3.184804E+03,1.378308E-01,6.461408E+03,5.626512E-02,0.000000E+00,0.000000E+00,3.337719E-02,9.005262E+02,1.210499E-01,1.326703E+03,1.922994E+03,8.506061E-02,3.928735E+03,3.337719E-02,0.000000E+00,0.000000E+00,5.626512E-02,1.518049E+03,1.984108E-01,2.173424E+03,3.162217E+03,1.290720E-01,6.207123E+03,5.626512E-02,0.000000E+00,0.000000E+00,3.337719E-02,9.005262E+02,1.373594E-01,1.508798E+03,2.119677E+03,8.423084E-02,3.904645E+03,3.337719E-02,0.000000E+00,0.000000E+00
23:20:00,7.422205E-02,2.011843E+03,2.558058E-01,2.791635E+03,3.980871E+03,7.422205E-02,5.399785E+03,7.422205E-02,0.000000E+00,0.000000E+00,5.626512E-02,1.525107E+03,1.984495E-01,2.166798E+03,3.155875E+03,1.378313E-01,6.461423E+03,5.626512E-02,0.000000E+00,0.000000E+00,3.337719E-02,9.047130E+02,1.199279E-01,1.309990E+03,1.905092E+03,8.506095E-02,3.928745E+03,3.337719E-02,0.000000E+00,0.000000E+00,5.626512E-02,1.525107E+03,1.966486E-01,2.146692E+03,3.133666E+03,1.290726E-01,6.207139E+03,5.626512E-02,0.000000E+00,0.000000E+00,3.337719E-02,9.047130E+02,1.354499E-01,1.483291E+03,2.092535E+03,8.423118E-02,3.904655E+03,3.337719E-02,0.000000E+00,0.000000E+00
23:30:00,7.422205E-02,2.021153E+03,2.549861E-01,2.773172E+03,3.961754E+03,7.422205E-02,5.399785E+03,7.422205E-02,0.000000E+00,0.000000E+00,5.626512E-02,1.532165E+03,1.967088E-01,2.140306E+03,3.127525E+03,1.378318E-01,6.461437E+03,5.626512E-02,0.000000E+00,0.000000E+00,3.337719E-02,9.088999E+02,1.188373E-01,1.293627E+03,1.887543E+03,8.506125E-02,3.928754E+03,3.337719E-02,0.000000E+00,0.000000E+00,5.626512E-02,1.532165E+03,1.949466E-01,2.120631E+03,3.105803E+03,1.290731E-01,6.207153E+03,5.626512E-02,0.000000E+00,0.000000E+00,3.337719E-02,9.088999E+02,1.336308E-01,1.458795E+03,2.066436E+03,8.423148E-02,3.904664E+03,3.337719E-02,0.000000E+00,0.000000E+00
23:40:00,7.422205E-02,2.030463E+03,2.542015E-01,2.755101E+03,3.943040E+03,7.422205E-02,5.399785E+03,7.422205E-02,0.000000E+00,0.000000E+00,5.626512E-02,1.539223E+03,1.950156E-01,2.114344E+03,3.099711E+03,1.378322E-01,6.461449E+03,5.626512E-02,0.000000E+00,0.000000E+00,3.337719E-02,9.130867E+02,1.177757E-01,1.277587E+03,1.870324E+03,8.506153E-02,3.928762E+03,3.337719E-02,0.000000E+00,0.000000E+00,5.626512E-02,1.539223E+03,1.932999E-01,2.095188E+03,3.078574E+03,1.290735E-01,6.207166E+03,5.626512E-02,0.000000E+00,0.000000E+00,3.337719E-02,9.130867E+02,1.318945E-01,1.435222E+03,2.041293E+03,8.423177E-02,3.904672E+03,3.337719E-02,0.000000E+00,0.000000E+00
23:50:00,7.422205E-02,2.039774E+03,2.534487E-01,2.737387E+03,3.924692E+03,7.422205E-02,5.399785E+03,7.422205E-02,0.000000E+00,0.000000E+00,5.626512E-02,1.546281E+03,1.933661E-01,2.088870E+03,3.072393E+03,1.378326E-01,6.461460E+03,5.626512E-02,0.000000E+00,0.000000E+00,3.337719E-02,9.172735E+02,1.167410E-01,1.261849E+03,1.853411E+03,8.506179E-02,3.928770E+03,3.337719E-02,0.000000E+00,0.000000E+00,5.626512E-02,1.546281E+03,1.917040E-01,2.070313E+03,3.051927E+03,1.290739E-01,6.207178E+03,5.626512E-02,0.000000E+00,0.000000E+00,3.337719E-02,9.172735E+02,1.302333E-01,1.412489E+03,2.017019E+03,8.423203E-02,3.904680E+03,3.337719E-02,0.000000E+00,0.000000E+00
24:00:00,7.422205E-02,2.049084E+03,2.527250E-01,2.719995E+03,3.906676E+03,7.422205E-02,5.399785E+03,7.422205E-02,0.000000E+00,0.000000E+00,5.626512E-02,1.553338E+03,1.917569E-01,2.063846E+03,3.045531E+03,1.378329E-01,6.461471E+03,5.626512E-02,0.000000E+00,0.000000E+00,3.337719E-02,9.214604E+02,1.157313E-01,1.246389E+03,1.836783E+03,8.506203E-02,3.928777E+03,3.337719E-02,0.000000E+00,0.000000E+00,5.626512E-02,1.553338E+03,1.901548E-01,2.045959E+03,3.025816E+03,1.290743E-01,6.207189E+03,5.626512E-02,0.000000E+00,0.000000E+00,3.337719E-02,9.214604E+02,1.286406E-01,1.390520E+03,1.993537E+03,8.423227E-02,3.904687E+03,3.337719E-02,0.000000E+00,0.000000E+00
Coinc Peak   ,7.422205E-02,3.058904E-01,5.399785E+03,3.949237E+03,1.378394E-01,3.792457E-01,6.461658E+03,4.648207E+03,8.506631E-02,3.113492E-01,3.928901E+03,3.558119E+03,1.290808E-01,2.954423E-01,6.207380E+03,3.707936E+03,8.423656E-02,3.544931E-01,3.904812E+03,4.144492E+03
NonCoinc Peak,7.422205E-02,3.058904E-01,5.399785E+03,3.949237E+03,1.378394E-01,3.792457E-01,6.461658E+03,4.648207E+03,8.506631E-02,3.113492E-01,3.928901E+03,3.558119E+03,1.290808E-01,2.954423E-01,6.207380E+03,3.707936E+03,8.423656E-02,3.544931E-01,3.904812E+03,4.144492E+03
